P0001,Fuel Volume Regulator Control Circuit / Open
P0002,Fuel Volume Regulator Control Circuit Range/Performance
P0003,Fuel Volume Regulator Control Circuit Low
P0004,Fuel Volume Regulator Control Circuit High
P0005,Fuel Shutoff Valve A Control Circuit / Open
P0006,Fuel Shutoff Valve A Control Circuit Low
P0007,Fuel Shutoff Valve A Control Circuit High
P0008,Engine Position System Performance - Bank 1
P0009,Engine Position System Performance - Bank 2
P000A,Intake (A) Camshaft Position Slow Response Bank 1
P000B,Exhaust (B) Camshaft Position Slow Response Bank 1
P000C,Intake (A) Camshaft Position Slow Response Bank 2
P000D,Exhaust (B) Camshaft Position Slow Response Bank 2
P000E,Fuel Volume Regulator Control Exceeded Learning Limit
P000F,Fuel System Over Pressure Relief Valve Activated
P0010,Intake (A) Camshaft Position Actuator Circuit / Open (Bank 1)
P0011,Intake (A) Camshaft Position Timing - Over-Advanced (Bank 1)
P0012,Intake (A) Camshaft Position Timing - Over-Retarded (Bank 1)
P0013,Exhaust (B) Camshaft Position Actuator Circuit / Open (Bank 1)
P0014,Exhaust (B) Camshaft Position Timing - Over-Advanced (Bank 1)
P0015,Exhaust (B) Camshaft Position Timing - Over-Retarded (Bank 1)
P0016,Crankshaft Position - Camshaft Position Correlation - Bank 1 Sensor A
P0017,Crankshaft Position - Camshaft Position Correlation - Bank 1 Sensor B
P0018,Crankshaft Position - Camshaft Position Correlation - Bank 2 Sensor A
P0019,Crankshaft Position - Camshaft Position Correlation - Bank 2 Sensor B
P001A,Intake (A) Cam Profile Control Circuit / Open (Bank 1)
P001B,Intake (A) Cam Profile Control Circuit Low (Bank 1)
P001C,Intake (A) Cam Profile Control Circuit High (Bank 1)
P001D,Intake (A) Cam Profile Control Circuit / Open (Bank 2)
P001E,Intake (A) Cam Profile Control Circuit Low (Bank 2)
P001F,Intake (A) Cam Profile Control Circuit High (Bank 2)
P0020,Intake (A) Camshaft Position Actuator Circuit / Open (Bank 2)
P0021,Intake (A) Camshaft Position Timing - Over-Advanced (Bank 2)
P0022,Intake (A) Camshaft Position Timing - Over-Retarded (Bank 2)
P0023,Exhaust (B) Camshaft Position Actuator Circuit / Open (Bank 2)
P0024,Exhaust (B) Camshaft Position Timing - Over-Advanced (Bank 2)
P0025,Exhaust (B) Camshaft Position Timing - Over-Retarded (Bank 2)
P0026,Intake Valve Control Solenoid Circuit Range/Performance (Bank 1)
P0027,Exhaust Valve Control Solenoid Circuit Range/Performance (Bank 1)
P0028,Intake Valve Control Solenoid Circuit Range/Performance (Bank 2)
P0029,Exhaust Valve Control Solenoid Circuit Range/Performance (Bank 2)
P002A,Exhaust(B) Cam Profile Control Circuit/Open (Bank 1)
P002B,Exhaust(B) Cam Profile Control Circuit Low (Bank 1)
P002C,Exhaust(B) Cam Profile Control Circuit High (Bank 1)
P002D,Exhaust(B) Cam Profile Control Circuit/Open (Bank 2)
P002E,Exhaust(B) Cam Profile Control Circuit Low (Bank 2)
P002F,Exhaust(B) Cam Profile Control Circuit High (Bank 2)
P0030,HO2S Heater Control Circuit (Bank 1 Sensor 1)
P0031,HO2S Heater Control Circuit Low (Bank 1 Sensor 1)
P0032,HO2S Heater Control Circuit High (Bank 1 Sensor 1)
P0033,Turbocharger/Supercharger Bypass Valve Control Circuit / Open
P0034,Turbocharger/Supercharger Bypass Valve Control Circuit Low
P0035,Turbocharger/Supercharger Bypass Valve Control Circuit High
P0036,HO2S Heater Control Circuit (Bank 1 Sensor 2)
P0037,HO2S Heater Control Circuit Low (Bank 1 Sensor 2)
P0038,HO2S Heater Control Circuit High (Bank 1 Sensor 2)
P0039,Turbocharger/Supercharger Bypass Valve Control Circuit Range/Performance
P003A,Turbocharger/Supercharger Boost Control A Position Exceeded Learning Limit
P003B,Turbocharger/Supercharger Boost Control B Position Exceeded Learning Limit
P003C,A Camshaft Profile Control Performance /Stuck Off (Bank 1)
P003D,A Camshaft Profile Control Stuck On (Bank 1)
P003E,A Camshaft Profile Control Performance/ Stuck Off (Bank 2)
P003F,A Camshaft Profile Control Stuck On (Bank 2)
P0040,Oxygen Sensor Signals Swapped Bank 1 Sensor 1 / Bank 2 Sensor 1
P0041,Oxygen Sensor Signals Swapped Bank 1 Sensor 2 / Bank 2 Sensor 2
P0042,HO2S Heater Control Circuit (Bank 1 Sensor 3)
P0043,HO2S Heater Control Circuit Low (Bank 1 Sensor 3)
P0044,HO2S Heater Control Circuit High (Bank 1 Sensor 3)
P0045,Turbocharger/Supercharger Boost Control A Circuit / Open
P0046,Turbocharger/Supercharger Boost Control A Circuit Range/Performance
P0047,Turbocharger/Supercharger Boost Control A Circuit Low
P0048,Turbocharger/Supercharger Boost Control A Circuit High
P0049,Turbocharger/Supercharger Turbine Overspeed
P004A,Turbocharger/Supercharger Boost Control B Circuit / Open
P004B,Turbocharger/Supercharger Boost Control B Circuit Range/Performance
P004C,Turbocharger/Supercharger Boost Control B Circuit Low
P004D,Turbocharger/Supercharger Boost Control B Circuit High
P004E,Turbocharger/Supercharger Boost Control A Circuit Intermittent/Erratic
P004F,Turbocharger/Supercharger Boost Control B Circuit Intermittent/Erratic
P0050,HO2S Heater Control Circuit (Bank 2 Sensor 1)
P0051,HO2S Heater Control Circuit Low (Bank 2 Sensor 1)
P0052,HO2S Heater Control Circuit High (Bank 2 Sensor 1)
P0053,HO2S Heater Resistance (Bank 1 Sensor 1)
P0054,HO2S Heater Resistance (Bank 1 Sensor 2)
P0055,HO2S Heater Resistance (Bank 1 Sensor 3)
P0056,HO2S Heater Control Circuit (Bank 2 Sensor 2)
P0057,HO2S Heater Control Circuit Low (Bank 2 Sensor 2)
P0058,HO2S Heater Control Circuit High (Bank 2 Sensor 2)
P0059,HO2S Heater Resistance (Bank 2 Sensor 1)
P005A,B Camshaft Profile Control Performance / Stuck Off (Bank 1)
P005B,B Camshaft Profile Control Stuck On (Bank 1)
P005C,B Camshaft Profile Control Performance/ Stuck Off (Bank 2)
P005D,B Camshaft Profile Control Stuck On (Bank 2)
P005E,Turbocharger/Supercharger Boost Control B Supply Voltage Circuit Low
P005F,Turbocharger/Supercharger Boost Control B Supply Voltage Circuit High
P0060,HO2S Heater Resistance (Bank 2 Sensor 2)
P0061,HO2S Heater Resistance (Bank 2 Sensor 3)
P0062,HO2S Heater Control Circuit (Bank 2 Sensor 3)
P0063,HO2S Heater Control Circuit Low (Bank 2 Sensor 3)
P0064,HO2S Heater Control Circuit High (Bank 2 Sensor 3)
P0065,Air Assisted Injector Control Range/Performance
P0066,Air Assisted Injector Control Circuit or Circuit Low
P0067,Air Assisted Injector Control Circuit High
P0068,MAP / MAF - Throttle Position Correlation
P0069,MAP - Barometric Pressure Correlation
P006A,MAP - Mass or Volume Air Flow Correlation
P006B,MAP - Exhaust Pressure Correlation
P006C,MAP - Turbocharger/Supercharger Inlet Pressure Correlation
P006D,Barometric Pressure - Turbocharger/Supercharger Inlet Pressure Correlation
P006E,Turbocharger/Supercharger Boost Control A Supply Voltage Circuit Low
P006F,Turbocharger/Supercharger Boost Control A Supply Voltage Circuit High
P0070,Ambient Air Temperature Sensor Circuit
P0071,Ambient Air Temperature Sensor Range/Performance
P0072,Ambient Air Temperature Sensor Circuit Low 
P0073,Ambient Air Temperature Sensor Circuit High 
P0074,Ambient Air Temperature Sensor Circuit Intermittent/Erratic
P0075,Intake Valve Control Circuit (Bank 1)
P0076,Intake Valve Control Circuit Low (Bank 1)
P0077,Intake Valve Control Circuit High (Bank 1)
P0078,Exhaust Valve Control Circuit (Bank 1)
P0079,Exhaust Valve Control Circuit Low (Bank 1)
P007A,Charge Air Cooler Temperature Sensor Circuit (Bank 1)
P007B,Charge Air Cooler Temperature Sensor Circuit Range/Performance (Bank 1)
P007C,Charge Air Cooler Temperature Sensor Circuit Low (Bank 1)
P007D,Charge Air Cooler Temperature Sensor Circuit High (Bank 1)
P007E,Charge Air Cooler Temperature Sensor Circuit Intermittent/Erratic (Bank 1)
P007F,Charge Air Cooler Temperature Sensor Bank 1/2 Correlation
P0080,Exhaust Valve Control Circuit High (Bank 1)
P0081,Intake Valve Control Circuit (Bank 2)
P0082,Intake Valve Control Circuit Low (Bank 2)
P0083,Intake Valve Control Circuit High (Bank 2)
P0084,Exhaust Valve Control Circuit (Bank 2)
P0085,Exhaust Valve Control Circuit Low (Bank 2)
P0086,Exhaust Valve Control Circuit High (Bank 2)
P0087,Fuel Rail/System Pressure - Too Low
P0088,Fuel Rail/System Pressure - Too High
P0089,Fuel Pressure Regulator Performance
P008A,Low Pressure Fuel System Pressure - Too Low
P008B,Low Pressure Fuel System Pressure - Too High
P008C,Fuel Cooler Pump Control Circuit / Open
P008D,Fuel Cooler Pump Control Circuit Low
P008E,Fuel Cooler Pump Control Circuit High
P008F,Engine Coolant Temperature / Fuel Temperature Correlation
P0090,Fuel Pressure Regulator Control Circuit
P0091,Fuel Pressure Regulator Control Circuit Low
P0092,Fuel Pressure Regulator Control Circuit High
P0093,Fuel System Leak Detected - Large Leak
P0094,Fuel System Leak Detected - Small Leak
P0095,Intake Air Temperature Sensor 2 Circuit
P0096,Intake Air Temperature Sensor 2 Circuit Range/Performance 
P0097,Intake Air Temperature Sensor 2 Circuit Low 
P0098,Intake Air Temperature Sensor 2 Circuit High 
P0099,Intake Air Temperature Sensor 2 Circuit Intermittent/Erratic
P009A,Intake Air Temperature /Ambient Air Temperature Correlation
P009B,Fuel Pressure Relief Control Circuit / Open
P009C,Fuel Pressure Relief Control Circuit Low
P009D,Fuel Pressure Relief Control Circuit High
P009E,Fuel Pressure Relief Control Performance / Stuck Off
P009F,Fuel Pressure Relief Control Stuck On
P00A0,Charge Air Cooler Temperature Sensor Circuit(Bank 2)
P00A1,Charge Air Cooler Temperature Sensor Circuit Range/Performance (Bank 2)
P00A2,Charge Air Cooler Temperature Sensor Circuit Low (Bank 2)
P00A3,Charge Air Cooler Temperature Sensor Circuit High (Bank 2)
P00A4,Charge Air Cooler Temperature Sensor Circuit Intermittent/Erratic (Bank 2)
P00A5,Intake Air Temperature Sensor 2 Circuit (Bank 2)
P00A6,Intake Air Temperature Sensor 2 Circuit Range/Performance (Bank 2)
P00A7,Intake Air Temperature Sensor 2 Circuit Low (Bank 2)
P00A8,Intake Air Temperature Sensor 2 Circuit High (Bank 2)
P00A9,Intake Air Temperature Sensor 2 Circuit Intermittent/Erratic (Bank 2)
P00AA,Intake Air Temperature Sensor 1 Circuit (Bank 2)
P00AB,Intake Air Temperature Sensor 1 Circuit Range/Performance (Bank 2)
P00AC,Intake Air Temperature Sensor 1 Circuit Low (Bank 2)
P00AD,Intake Air Temperature Sensor 1 Circuit High (Bank 2)
P00AE,Intake Air Temperature Sensor 1 Circuit Intermittent/Erratic (Bank 2)
P00AF,Turbocharger/Supercharger Boost Control A Module Performance
P00B0,Turbocharger/Supercharger Boost Control B Module Performance
P00B1,Radiator Coolant Temperature Sensor Circuit
P00B2,Radiator Coolant Temperature Sensor Circuit Range/Performance
P00B3,Radiator Coolant Temperature Sensor Circuit Low
P00B4,Radiator Coolant Temperature Sensor Circuit High
P00B5,Radiator Coolant Temperature Sensor Circuit Intermittent/Erratic
P00B6,Radiator Coolant Temperature / Engine Coolant Temperature Correlation
P00B7,Engine Coolant Flow Low/Performance
P00B8,MAP - Mass or Volume Air Flow Correlation (Bank 2)
P00B9,Low Pressure Fuel System Pressure -Too Low Low Ambient Temperature
P00BA,Low Fuel Pressure -Forced Limited Power
P00BB,Fuel Injector Insufficient Flow -Forced Limited Power
P00BC,Mass or Volume Air Flow A Circuit Range/Performance - Air Flow Too Low
P00BD,Mass or Volume Air Flow A Circuit Range/Performance - Air Flow Too High
P00BE,Mass or Volume Air Flow B Circuit Range/Performance - Air Flow Too Low
P00BF,Mass or Volume Air Flow B Circuit Range/Performance - Air Flow Too High
P00C0,Turbocharger/Supercharger Bypass Valve B Control Circuit
P00C1,Turbocharger/Supercharger Bypass Valve B Control Circuit Low
P00C2,Turbocharger/Supercharger Bypass Valve B Control Circuit High
P00C3,Turbocharger/Supercharger Bypass Valve B Control Circuit Range/Performance
P00C4,Turbocharger/Supercharger Bypass Valve B - Mechanical
P00C5,Turbocharger/Supercharger B Turbine Overspeed
P00C6,Fuel Rail Pressure Too Low - Engine Cranking
P00C7,Intake Air Pressure Measurement System - Multiple Sensor Correlation
P00C8,Fuel Pressure Regulator Solenoid Supply Voltage Control Circuit / Open
P00C9,Fuel Pressure Regulator Solenoid Supply Voltage Control Circuit Low
P00CA,Fuel Pressure Regulator Solenoid Supply Voltage Control Circuit High
P00CB,Fuel Volume Regulator Solenoid Supply Voltage Control Circuit / Open
P00CC,Fuel Volume Regulator Solenoid Supply Voltage Control Circuit Low
P00CD,Fuel Volume Regulator Solenoid Supply Voltage Control Circuit High
P00CE,Intake Air Temperature Measurement System - Multiple Sensor Correlation (Bank 1)
P00CF,Barometric Pressure - Turbocharger/Supercharger Boost Sensor A Correlation
P00D0,Barometric Pressure - Turbocharger/Supercharger Boost Sensor B Correlation
P00D1,HO2S Heater Control Circuit Range/Performance (Bank 1 Sensor 1)
P00D2,HO2S Heater Control Circuit Range/Performance (Bank 1 Sensor 2)
P00D3,HO2S Heater Control Circuit Range/Performance (Bank 2 Sensor 1)
P00D4,HO2S Heater Control Circuit Range/Performance (Bank 2 Sensor 2)
P00D5,HO2S Sensor Correlation Bank 1 Sensor 1 / Bank 1 Sensor 2
P00D6,HO2S Sensor Correlation Bank 2 Sensor 1 / Bank 2 Sensor 2
P00D7,Turbocharger/Supercharger Bypass Valve A Temperature Too High
P00D8,Turbocharger/Supercharger Bypass Valve B Temperature Too High
P00D9,Ambient Air Temperature Sensor Circuit B
P00DA,Ambient Air Temperature Sensor Circuit B Range/Performance
P00DB,Ambient Air Temperature Sensor Circuit B Low 
P00DC,Ambient Air Temperature Sensor Circuit B High 
P00DD,Ambient Air Temperature Sensor Circuit B Intermittent/Erratic
P00DE,Charge Air Cooler Coolant Temperature Sensor Circuit
P00DF,Charge Air Cooler Coolant Temperature Sensor Circuit Range/Performance
P00E0,Charge Air Cooler Coolant Temperature Sensor Circuit Low
P00E1,Charge Air Cooler Coolant Temperature Sensor Circuit High
P00E2,Charge Air Cooler Coolant Temperature Sensor Intermittent/Erratic
P00E3,Exhaust Heat Exchanger Exhaust Bypass Valve Stuck Open
P00E4,Exhaust Heat Exchanger Exhaust Bypass Valve Stuck Closed
P00E5,Intake Air Temperature/Fuel Temperature Correlation
P00E6,Intake Air Pressure Measurement System - Multiple Sensor Correlation (Bank 2)
P00E7,Intake Air Temperature Measurement System - Multiple Sensor Correlation (Bank 2)
P00E8,Intake Air Temperature Sensor 3 Circuit Bank 1
P00E9,Intake Air Temperature Sensor 3 Circuit Range/Performance Bank 1
P00EA,Intake Air Temperature Sensor 3 Circuit Low Bank 1
P00EB,Intake Air Temperature Sensor 3 Circuit High Bank 1
P00EC,Intake Air Temperature Sensor 3 Circuit Intermittent/Erratic Bank 1
P00ED,Intake Air Temperature Sensor 3 Circuit Bank 2
P00EE,Intake Air Temperature Sensor 3 Circuit Range/Performance Bank 2
P00EF,Intake Air Temperature Sensor 3 Circuit Low Bank 2
P00F0,Intake Air Temperature Sensor 3 Circuit High Bank 2
P00F1,Intake Air Temperature Sensor 3 Circuit Intermittent/Erratic Bank 2
P00F2,Humidity Sensor Circuit/Open
P00F3,Humidity Sensor Circuit Range/Performance
P00F4,Humidity Sensor Circuit Low
P00F5,Humidity Sensor Circuit High
P00F6,Humidity Sensor Circuit Intermittent/Erratic
P0100,Mass or Volume Air Flow A Circuit
P0101,Mass or Volume Air Flow A Circuit Range/Performance
P0102,Mass or Volume Air Flow A Circuit Low
P0103,Mass or Volume Air Flow A Circuit High
P0104,Mass or Volume Air Flow A Circuit Intermittent/Erratic
P0105,Manifold Absolute Pressure/BARO Circuit
P0106,Manifold Absolute Pressure/BARO Sensor Range/Performance
P0107,Manifold Absolute Pressure/BARO Sensor Low
P0108,Manifold Absolute Pressure/BARO Sensor High
P0109,Manifold Absolute Pressure/BARO Sensor Intermittent 
P010A,Mass or Volume Air Flow B Circuit
P010B,Mass or Volume Air Flow B Circuit Range/Performance
P010C,Mass or Volume Air Flow B Circuit Low
P010D,Mass or Volume Air Flow B Circuit High
P010E,Mass or Volume Air Flow B Circuit Intermittent/Erratic
P010F,Mass or Volume Air Flow Sensor A/B Correlation
P0110,Intake Air Temperature Sensor 1 Circuit
P0111,Intake Air Temperature Sensor 1 Circuit Range/Performance 
P0112,Intake Air Temperature Sensor 1 Circuit Low 
P0113,Intake Air Temperature Sensor 1 Circuit High 
P0114,Intake Air Temperature Sensor 1 Intermittent/Erratic 
P0115,Engine Coolant Temperature Sensor 1 Circuit
P0116,Engine Coolant Temperature Sensor 1 Circuit Range/Performance
P0117,Engine Coolant Temperature Sensor 1 Circuit Low 
P0118,Engine Coolant Temperature Sensor 1 Circuit High 
P0119,Engine Coolant Temperature Sensor 1 Circuit Intermittent/Erratic
P011A,Engine Coolant Temperature Sensor 1/2 Correlation
P011B,Engine Coolant Temperature / Intake Air Temperature Correlation
P011C,Charge Air Cooler Temperature / Intake Air Temperature Correlation (Bank 1)
P011D,Charge Air Cooler Temperature / Intake Air Temperature Correlation (Bank 2)
P011E,Engine Coolant Temperature 1 / Ambient Air Temperature Correlation
P011F,Engine Coolant Temperature 2 / Ambient Air Temperature Correlation
P0120,Throttle/Pedal Position Sensor A Circuit
P0121,Throttle/Pedal Position Sensor A Circuit Range/Performance
P0122,Throttle/Pedal Position Sensor A Circuit Low 
P0123,Throttle/Pedal Position Sensor A Circuit High 
P0124,Throttle/Pedal Position Sensor A Intermittent
P0125,Insufficient Coolant Temp For Closed Loop Fuel Control
P0126,Insufficient Coolant Temp For Stable Operation
P0127,Intake Air Temperature Too High
P0128,Coolant Thermostat (Coolant Temp Below Thermostat Regulating Temperature)
P0129,Barometric Pressure Too Low
P012A,Turbocharger/Supercharger Inlet Pressure Sensor Circuit
P012B,Turbocharger/Supercharger Inlet Pressure Sensor Circuit Range/Performance
P012C,Turbocharger/Supercharger Inlet Pressure Sensor Circuit Low
P012D,Turbocharger/Supercharger Inlet Pressure Sensor Circuit High
P012E,Turbocharger/Supercharger Inlet Pressure Sensor Circuit Intermittent/Erratic
P012F,Engine Coolant Temperature / Engine Oil Temperature Correlation
P0130,O2 Circuit (Bank 1 Sensor 1)
P0131,O2 Circuit Low Voltage (Bank 1 Sensor 1)
P0132,O2 Circuit High Voltage (Bank 1 Sensor 1)
P0133,O2 Circuit Slow Response (Bank 1 Sensor 1)
P0134,O2 Circuit No Activity Detected (Bank 1 Sensor 1)
P0135,O2 Heater Circuit (Bank 1 Sensor 1)
P0136,O2 Circuit (Bank 1 Sensor 2) (See P2270 P2271)
P0137,O2 Circuit Low Voltage (Bank 1 Sensor 2)
P0138,O2 Circuit High Voltage (Bank 1 Sensor 2)
P0139,O2 Circuit Slow Response (Bank 1 Sensor 2)
P013A,O2 Sensor Slow Response - Rich to Lean (Bank 1 and  Sensor 2)
P013B,O2 Sensor Slow Response - Lean to Rich (Bank 1 Sensor 2)
P013C,O2 Sensor Slow Response - Rich to Lean (Bank 2 Sensor 2)
P013D,O2 Sensor Slow Response - Lean to Rich (Bank 2 Sensor 2)
P013E,O2 Sensor Delayed Response - Rich to Lean (Bank 1 Sensor 2)
P013F,O2 Sensor Delayed Response - Lean to Rich (Bank 1 Sensor 2)
P0140,O2 Circuit No Activity Detected (Bank 1 Sensor 2)
P0141,O2 Heater Circuit (Bank 1 Sensor 2)
P0142,O2 Circuit (Bank 1 Sensor 3)
P0143,O2 Circuit Low Voltage (Bank 1 Sensor 3)
P0144,O2 Circuit High Voltage (Bank 1 Sensor 3)
P0145,O2 Circuit Slow Response (Bank 1 Sensor 3)
P0146,O2 Circuit No Activity Detected (Bank 1 Sensor 3)
P0147,O2 Heater Circuit (Bank 1 Sensor 3)
P0148,Fuel Delivery Error
P0149,Fuel Timing Error
P014A,O2 Sensor Delayed Response - Rich to Lean (Bank 2 Sensor 2)
P014B,O2 Sensor Delayed Response - Lean to Rich (Bank 2 Sensor 2)
P014C,O2 Sensor Slow Response - Rich to Lean (Bank 1 Sensor 1)
P014D,O2 Sensor Slow Response - Lean to Rich (Bank 1 Sensor 1)
P014E,O2 Sensor Slow Response - Rich to Lean (Bank 2 Sensor 1)
P014F,O2 Sensor Slow Response - Lean to Rich (Bank 2 Sensor 1)
P0150,O2 Circuit (Bank 2 Sensor 1)
P0151,O2 Circuit Low Voltage (Bank 2 Sensor 1)
P0152,O2 Circuit High Voltage (Bank 2 Sensor 1)
P0153,O2 Circuit Slow Response (Bank 2 Sensor 1)
P0154,O2 Circuit No Activity Detected (Bank 2 Sensor 1)
P0155,O2 Heater Circuit (Bank 2 Sensor 1)
P0156,O2 Circuit (Bank 2 Sensor 2)  (See P2272 P2273)
P0157,O2 Circuit Low Voltage (Bank 2 Sensor 2)
P0158,O2 Circuit High Voltage (Bank 2 Sensor 2)
P0159,O2 Circuit Slow Response (Bank 2 Sensor 2)
P015A,O2 Sensor Delayed Response - Rich to Lean (Bank 1 Sensor 1)
P015B,O2 Sensor Delayed Response - Lean to Rich (Bank 1 Sensor 1)
P015C,O2 Sensor Delayed Response - Rich to Lean (Bank 2 Sensor 1)
P015D,O2 Sensor Delayed Response - Lean to Rich (Bank 2 Sensor 1)
P0160,O2 Circuit No Activity Detected (Bank 2 Sensor 2)
P0161,O2 Heater Circuit (Bank 2 Sensor 2)
P0162,O2 Circuit (Bank 2 Sensor 3)
P0163,O2 Circuit Low Voltage (Bank 2 Sensor 3)
P0164,O2 Circuit High Voltage (Bank 2 Sensor 3)
P0165,O2 Circuit Slow Response (Bank 2 Sensor 3)
P0166,O2 Circuit No Activity Detected (Bank 2 Sensor 3)
P0167,O2 Heater Circuit (Bank 2 Sensor 3)
P0168,Engine Fuel Temperature Too High
P0169,Incorrect Fuel Composition
P016A,Excessive Time To Enter Closed Loop Air/Fuel Ratio Control
P016B,Closed Loop Air/Fuel Ratio Control At Limit - System Too Rich
P016C,Closed Loop Air/Fuel Ratio Control At Limit - System Too Lean
P016D,Excessive Time To Enter Closed Loop Fuel Pressure Control
P016E,Closed Loop Fuel Pressure Control At Limit - Pressure Too High
P016F,Closed Loop Fuel Pressure Control At Limit - Pressure Too Low
P0170,Fuel Trim (Bank 1)
P0171,System Too Lean (Bank 1)
P0172,System Too Rich (Bank 1)
P0173,Fuel Trim (Bank 2)
P0174,System Too Lean (Bank 2)
P0175,System Too Rich (Bank 2)
P0176,Flexible Fuel Sensor Circuit
P0177,Flexible Fuel Sensor Circuit Range/Performance
P0178,Flexible Fuel Sensor Circuit Low 
P0179,Flexible Fuel Sensor Circuit High 
P017A,Cylinder Head Temperature Sensor Circuit
P017B,Cylinder Head Temperature Sensor Circuit Range/Performance
P017C,Cylinder Head Temperature Sensor Circuit Low
P017D,Cylinder Head Temperature Sensor Circuit High
P017E,Cylinder Head Temperature Sensor Circuit Intermttent/Erratic
P0180,Fuel Temperature Sensor A Circuit
P0181,Fuel Temperature Sensor A Circuit Range/Performance
P0182,Fuel Temperature Sensor A Circuit Low 
P0183,Fuel Temperature Sensor A Circuit High 
P0184,Fuel Temperature Sensor A Circuit Intermittent
P0185,Fuel Temperature Sensor B Circuit
P0186,Fuel Temperature Sensor B Circuit Range/Performance
P0187,Fuel Temperature Sensor B Circuit Low 
P0188,Fuel Temperature Sensor B Circuit High 
P0189,Fuel Temperature Sensor B Circuit Intermittent
P018A,Fuel Pressure Sensor B Circuit
P018B,Fuel Pressure Sensor B Circuit Range/Performance
P018C,Fuel Pressure Sensor B Circuit Low
P018D,Fuel Pressure Sensor B Circuit High
P018E,Fuel Pressure Sensor B Circuit Intermittent/Erratic
P018F,Fuel System Over Pressure Relief Valve Frequent Activation
P0190,Fuel Rail Pressure Sensor A Circuit
P0191,Fuel Rail Pressure Sensor A Circuit Range/Performance
P0192,Fuel Rail Pressure Sensor A Circuit Low 
P0193,Fuel Rail Pressure Sensor A Circuit High 
P0194,Fuel Rail Pressure Sensor A Circuit Intermittent/Erratic
P0195,Engine Oil Temperature Sensor Circuit
P0196,Engine Oil Temperature Sensor Circuit Range/Performance
P0197,Engine Oil Temperature Sensor Circuit Low 
P0198,Engine Oil Temperature Sensor Circuit High 
P0199,Engine Oil Temperature Sensor Circuit Intermittent
P019A,O2 Sensor Delayed Response - Rich to Lean Bank 1 Sensor 3
P019B,O2 Sensor Delayed Response - Lean to Rich Bank 1 Sensor 3
P019C,O2 Sensor Delayed Response - Rich to Lean Bank 2 Sensor 3
P019D,O2 Sensor Delayed Response - Lean to Rich Bank 2 Sensor 3
P019E,Alternative Fuel Tank Pressure Sensor Circuit
P019F,Alternative Fuel Tank Pressure Sensor Performance
P01A0,Alternative Fuel Tank Pressure Sensor Circuit Low
P01A1,Alternative Fuel Tank Pressure Sensor Circuit High
P01A2,Alternative Fuel Tank Pressure Sensor Circuit Intermittent/Erratic
P01A3,Alternative Fuel Rail Pressure Sensor Circuit
P01A4,Alternative Fuel Rail Pressure Sensor Performance
P01A5,Alternative Fuel Rail Pressure Sensor Circuit Low
P01A6,Alternative Fuel Rail Pressure Sensor Circuit High
P01A7,Alternative Fuel Rail Pressure Sensor Circuit Intermittent
P01A8,Alternative Fuel Rail/System Pressure - Too Low
P01A9,Alternative Fuel Rail/System Pressure - Too High
P01AA,Alternative Fuel Tank Temperature Sensor Circuit
P01AB,Alternative Fuel Tank Temperature Sensor Performance
P01AC,Alternative Fuel Tank Temperature Sensor Circuit Low
P01AD,Alternative Fuel Tank Temperature Sensor Circuit High
P01AE,Alternative Fuel Tank Temperature Sensor Circuit Intermittent/Erratic
P01AF,Alternative Fuel Level Sensor Circuit
P01B0,Alternative Fuel Level Sensor Performance
P01B1,Alternative Fuel Level Sensor Circuit Low
P01B2,Alternative Fuel Level Sensor Circuit High
P01B3,Alternative Fuel Level Sensor Circuit Intermittent/Erratic
P01B4,Alternative Fuel Rail Temperature Sensor Circuit
P01B5,Alternative Fuel Rail Temperature Sensor Performance
P01B6,Alternative Fuel Rail Temperature Sensor Circuit Low
P01B7,Alternative Fuel Rail Temperature Sensor Circuit High
P01B8,Alternative Fuel Rail Temperature Sensor Circuit Intermittent/Erratic
P01B9,Engine Oil Temperature Sensor B Circuit
P01BA,Engine Oil Temperature Sensor B Range/Performance
P01BB,Engine Oil Temperature Sensor B Circuit Low
P01BC,Engine Oil Temperature Sensor B Circuit High
P01BD,Engine Oil Temperature Sensor B Circuit Intermittent/Erratic
P01BE,Fuel Rail Pressure Sensor Circuit (Bank 2)
P01BF,Fuel Rail Pressure Sensor Circuit Range/Performance (Bank 2)
P01C0,Fuel Rail Pressure Sensor Circuit Low (Bank 2)
P01C1,Fuel Rail Pressure Sensor Circuit High (Bank 2)
P01C2,Fuel Rail Pressure Sensor Circuit Intermittent/Erratic (Bank 2)
P01C3,Fuel Pressure Sensor A Circuit
P01C4,Fuel Pressure Sensor A Circuit Range/Performance
P01C5,Fuel Pressure Sensor A Circuit Low
P01C6,Fuel Pressure Sensor A Circuit High
P01C7,Fuel Pressure Sensor A Circuit Intermittent/Erratic
P01C8,Fuel Rail/System Pressure - Too Low (Bank 2)
P01C9,Fuel Rail/System Pressure - Too High (Bank 2)
P01CA,Fuel Rail Pressure Too Low - Engine Cranking (Bank 2)
P01CB,Cylinder 1 Injection Timing Performance - Over Retarded
P01CC,Cylinder 1 Injection Timing Performance - Over Advanced
P01CD,Cylinder 2 Injection Timing Performance - Over Retarded
P01CE,Cylinder 2 Injection Timing Performance - Over Advanced
P01CF,Cylinder 3 Injection Timing Performance - Over Retarded
P01D0,Cylinder 3 Injection Timing Performance - Over Advanced
P01D1,Cylinder 4 Injection Timing Performance - Over Retarded
P01D2,Cylinder 4 Injection Timing Performance - Over Advanced
P01D3,Cylinder 5 Injection Timing Performance - Over Retarded
P01D4,Cylinder 5 Injection Timing Performance - Over Advanced
P01D5,Cylinder 6 Injection Timing Performance - Over Retarded
P01D6,Cylinder 6 Injection Timing Performance - Over Advanced
P01D7,Cylinder 7 Injection Timing Performance - Over Retarded
P01D8,Cylinder 7 Injection Timing Performance - Over Advanced
P01D9,Cylinder 8 Injection Timing Performance - Over Retarded
P01DA,Cylinder 8 Injection Timing Performance - Over Advanced
P01DB,Cylinder 9 Injection Timing Performance - Over Retarded
P01DC,Cylinder 9 Injection Timing Performance - Over Advanced
P01DD,Cylinder 10 Injection Timing Performance - Over Retarded
P01DE,Cylinder 10 Injection Timing Performance - Over Advanced
P01DF,Cylinder 11 Injection Timing Performance - Over Retarded
P01E0,Cylinder 11 Injection Timing Performance - Over Advanced
P01E1,Cylinder 12 Injection Timing Performance - Over Retarded
P01E2,Cylinder 12 Injection Timing Performance - Over Advanced
P01E3,Engine Coolant Temperature Sensor 3 Circuit
P01E4,Engine Coolant Temperature Sensor 3 Circuit Range/Performance
P01E5,Engine Coolant Temperature Sensor 3 Circuit Low
P01E6,Engine Coolant Temperature Sensor 3 Circuit High
P01E7,Engine Coolant Temperature Sensor 3 Circuit Intermittent
P01E8,Engine Coolant Heater A Control Circuit/Open
P01E9,Engine Coolant Heater A Control Circuit Low
P01EA,Engine Coolant Heater A Control Circuit High
P01EB,Engine Coolant Heater A Control Circuit Performance
P01EC,Engine Coolant Heater B Control Circuit/Open
P01ED,Engine Coolant Heater B Control Circuit Low
P01EE,Engine Coolant Heater B Control Circuit High
P01EF,Engine Coolant Heater B Control Circuit Performance
P01F0,Coolant Temperature Relapsed Below Diagnostic Monitoring Temperature
P0200,Injector Circuit
P0201,Cylinder 1 Injector Circuit / Open
P0202,Cylinder 2 Injector Circuit / Open
P0203,Cylinder 3 Injector Circuit / Open
P0204,Cylinder 4 Injector Circuit / Open
P0205,Cylinder 5 Injector Circuit / Open
P0206,Cylinder 6 Injector Circuit / Open
P0207,Cylinder 7 Injector Circuit / Open
P0208,Cylinder 8 Injector Circuit / Open
P0209,Cylinder 9 Injector Circuit / Open
P020A,Cylinder 1 Injection Timing
P020B,Cylinder 2 Injection Timing
P020C,Cylinder 3 Injection Timing
P020D,Cylinder 4 Injection Timing
P020E,Cylinder 5 Injection Timing
P020F,Cylinder 6 Injection Timing
P0210,Cylinder 10 Injector Circuit / Open
P0211,Cylinder 11 Injector Circuit / Open
P0212,Cylinder 12 Injector Circuit / Open
P0213,Cold Start Injector 1
P0214,Cold Start Injector 2
P0215,Engine Shutoff Solenoid
P0216,Injector/Injection Timing Control Circuit
P0217,Engine Coolant Overtemperature Condition
P0218,Transmission Fluid Overtemperature Condition
P0219,Engine Overspeed Condition
P021A,Cylinder 7 Injection Timing
P021B,Cylinder 8 Injection Timing
P021C,Cylinder 9 Injection Timing
P021D,Cylinder 10 Injection Timing
P021E,Cylinder 11 Injection Timing
P021F,Cylinder 12 Injection Timing
P0220,Throttle/Pedal Position Sensor/Switch B Circuit
P0221,Throttle/Pedal Position Sensor/Switch B Circuit Range/Performance
P0222,Throttle/Pedal Position Sensor/Switch B Circuit Low 
P0223,Throttle/Pedal Position Sensor/Switch B Circuit High 
P0224,Throttle/Pedal Position Sensor/Switch B Circuit Intermittent
P0225,Throttle/Pedal Position Sensor/Switch C Circuit
P0226,Throttle/Pedal Position Sensor/Switch C Circuit Range/Performance
P0227,Throttle/Pedal Position Sensor/Switch C Circuit Low 
P0228,Throttle/Pedal Position Sensor/Switch C Circuit High 
P0229,Throttle/Pedal Position Sensor/Switch C Circuit Intermittent
P022A,Charge Air Cooler Bypass Control A Circuit /Open
P022B,Charge Air Cooler Bypass Control A Circuit Low
P022C,Charge Air Cooler Bypass Control A Circuit High
P022D,Charge Air Cooler Bypass Control B Circuit /Open
P022E,Charge Air Cooler Bypass Control B Circuit Low
P022F,Charge Air Cooler Bypass Control B Circuit High
P0230,Fuel Pump Primary Circuit
P0231,Fuel Pump Secondary Circuit Low
P0232,Fuel Pump Secondary Circuit High
P0233,Fuel Pump Secondary Circuit Intermittent
P0234,Turbocharger/Supercharger A Overboost Condition
P0235,Turbocharger/Supercharger Boost Sensor A Circuit
P0236,Turbocharger/Supercharger Boost Sensor A Circuit Range/Performance
P0237,Turbocharger/Supercharger Boost Sensor A Circuit Low
P0238,Turbocharger/Supercharger Boost Sensor A Circuit High
P0239,Turbocharger/Supercharger Boost Sensor B Circuit
P023A,Charge Air Cooler Coolant Pump Control Circuit/Open
P023B,Charge Air Cooler Coolant Pump Control Circuit Low
P023C,Charge Air Cooler Coolant Pump Control Circuit High
P023D,Manifold Absolute Pressure - Turbocharger/Supercharger Boost Sensor A Correlation
P023E,Manifold Absolute Pressure - Turbocharger/Supercharger Boost Sensor B Correlation
P023F,Fuel Pump Secondary Circuit / Open
P0240,Turbocharger/Supercharger Boost Sensor B Circuit Range/Performance
P0241,Turbocharger/Supercharger Boost Sensor B Circuit Low
P0242,Turbocharger/Supercharger Boost Sensor B Circuit High
P0243,Turbocharger/Supercharger Wastegate Solenoid A
P0244,Turbocharger/Supercharger Wastegate Solenoid A Range/Performance
P0245,Turbocharger/Supercharger Wastegate Solenoid A Low
P0246,Turbocharger/Supercharger Wastegate Solenoid A High
P0247,Turbocharger/Supercharger Wastegate Solenoid B
P0248,Turbocharger/Supercharger Wastegate Solenoid B Range/Performance
P0249,Turbocharger/Supercharger Wastegate Solenoid B Low
P024A,Charge Air Cooler Bypass Control A Range/Performance
P024B,Charge Air Cooler Bypass Control A Stuck
P024C,Charge Air Cooler Bypass Position Sensor A Circuit
P024D,Charge Air Cooler Bypass Position Sensor A Circuit Range/Performance
P024E,Charge Air Cooler Bypass Position Sensor A Circuit Low
P024F,Charge Air Cooler Bypass Position Sensor A Circuit High
P0250,Turbocharger/Supercharger Wastegate Solenoid B High
P0251,Injection Pump Fuel Metering Control A
P0252,Injection Pump Fuel Metering Control A Range/Performance
P0253,Injection Pump Fuel Metering Control A Low
P0254,Injection Pump Fuel Metering Control A High
P0255,Injection Pump Fuel Metering Control A Intermittent
P0256,Injection Pump Fuel Metering Control B
P0257,Injection Pump Fuel Metering Control B Range/Performance
P0258,Injection Pump Fuel Metering Control B Low
P0259,Injection Pump Fuel Metering Control B High
P025A,Fuel Pump Module Control Circuit/Open
P025B,Fuel Pump Module Control Circuit Range/Performance
P025C,Fuel Pump Module Control Circuit Low
P025D,Fuel Pump Module Control Circuit High
P025E,Turbocharger/Supercharger Boost Sensor A Intermittent/Erratic
P025F,Turbocharger/Supercharger Boost Sensor B Intermittent/Erratic
P0260,Injection Pump Fuel Metering Control B Intermittent
P0261,Cylinder 1 Injector Circuit Low
P0262,Cylinder 1 Injector Circuit High
P0263,Cylinder 1 Contribution/Balance
P0264,Cylinder 2 Injector Circuit Low
P0265,Cylinder 2 Injector Circuit High
P0266,Cylinder 2 Contribution/Balance
P0267,Cylinder 3 Injector Circuit Low
P0268,Cylinder 3 Injector Circuit High
P0269,Cylinder 3 Contribution/Balance
P026A,Charge Air Cooler Efficiency Below Threshold
P026B,Injection Timing Performance
P026C,Fuel Injection Quantity Lower Than Expected
P026D,Fuel Injection Quantity Higher Than Expected
P0270,Cylinder 4 Injector Circuit Low
P0271,Cylinder 4 Injector Circuit High
P0272,Cylinder 4 Contribution/Balance
P0273,Cylinder 5 Injector Circuit Low
P0274,Cylinder 5 Injector Circuit High
P0275,Cylinder 5 Contribution/Balance
P0276,Cylinder 6 Injector Circuit Low
P0277,Cylinder 6 Injector Circuit High
P0278,Cylinder 6 Contribution/Balance
P0279,Cylinder 7 Injector Circuit Low
P027A,Fuel Pump Module B Control Circuit/Open
P027B,Fuel Pump Module B Control Circuit Range/Performance
P027C,Fuel Pump Module B Control Circuit Low
P027D,Fuel Pump Module B Control Circuit High
P0280,Cylinder 7 Injector Circuit High
P0281,Cylinder 7 Contribution/Balance
P0282,Cylinder 8 Injector Circuit Low
P0283,Cylinder 8 Injector Circuit High
P0284,Cylinder 8 Contribution/Balance
P0285,Cylinder 9 Injector Circuit Low
P0286,Cylinder 9 Injector Circuit High
P0287,Cylinder 9 Contribution/Balance
P0288,Cylinder 10 Injector Circuit Low
P0289,Cylinder 10 Injector Circuit High
P028A,Charge Air Cooler Cooling Fan Control Circuit/Open
P028B,Charge Air Cooler Cooling Fan Performance/Stuck Off
P028C,Charge Air Cooler Cooling Fan Stuck On
P028D,Charge Air Cooler Cooling Fan Control Circuit Low
P028E,Charge Air Cooler Cooling Fan Control Circuit High
P028F,Charge Air Cooler Cooling Fan Control Circuit Driver Performance
P0290,Cylinder 10 Contribution/Balance
P0291,Cylinder 11 Injector Circuit Low
P0292,Cylinder 11 Injector Circuit High
P0293,Cylinder 11 Contribution/Balance
P0294,Cylinder 12 Injector Circuit Low
P0295,Cylinder 12 Injector Circuit High
P0296,Cylinder 12 Contribution/Balance
P0297,Vehicle Overspeed Condition
P0298,Engine Oil Overtemperature Condition
P0299,Turbocharger/Supercharger A Underboost Condition
P029A,Cylinder 1 Balance - Fuel Trim at Max Limit
P029B,Cylinder 1 Balance - Fuel Trim at Min Limit
P029C,Cylinder 1 Balance - Injector Restricted
P029D,Cylinder 1 Balance - Injector Leaking
P029E,Cylinder 2 Balance - Fuel Trim at Max Limit
P029F,Cylinder 2 Balance - Fuel Trim at Min Limit
P02A0,Cylinder 2 Balance - Injector Restricted
P02A1,Cylinder 2 Balance - Injector Leaking
P02A2,Cylinder 3 Balance - Fuel Trim at Max Limit
P02A3,Cylinder 3 Balance - Fuel Trim at Min Limit
P02A4,Cylinder 3 Balance - Injector Restricted
P02A5,Cylinder 3 Balance - Injector Leaking
P02A6,Cylinder 4 Balance - Fuel Trim at Max Limit
P02A7,Cylinder 4 Balance - Fuel Trim at Min Limit
P02A8,Cylinder 4 Balance - Injector Restricted
P02A9,Cylinder 4 Balance - Injector Leaking
P02AA,Cylinder 5 Balance - Fuel Trim at Max Limit
P02AB,Cylinder 5 Balance - Fuel Trim at Min Limit
P02AC,Cylinder 5 Balance - Injector Restricted
P02AD,Cylinder 5 Balance - Injector Leaking
P02AE,Cylinder 6 Balance - Fuel Trim at Max Limit
P02AF,Cylinder 6 Balance - Fuel Trim at Min Limit
P02B0,Cylinder 6 Balance - Injector Restricted
P02B1,Cylinder 6 Balance - Injector Leaking
P02B2,Cylinder 7 Balance - Fuel Trim at Max Limit
P02B3,Cylinder 7 Balance - Fuel Trim at Min Limit
P02B4,Cylinder 7 Balance - Injector Restricted
P02B5,Cylinder 7 Balance - Injector Leaking
P02B6,Cylinder 8 Balance - Fuel Trim at Max Limit
P02B7,Cylinder 8 Balance - Fuel Trim at Min Limit
P02B8,Cylinder 8 Balance - Injector Restricted
P02B9,Cylinder 8 Balance - Injector Leaking
P02BA,Cylinder 9 Balance - Fuel Trim at Max Limit
P02BB,Cylinder 9 Balance - Fuel Trim at Min Limit
P02BC,Cylinder 9 Balance - Injector Restricted
P02BD,Cylinder 9 Balance - Injector Leaking
P02BE,Cylinder 10 Balance - Fuel Trim at Max Limit
P02BF,Cylinder 10 Balance - Fuel Trim at Min Limit
P02C0,Cylinder 10 Balance - Injector Restricted
P02C1,Cylinder 10 Balance - Injector Leaking
P02C2,Cylinder 11 Balance - Fuel Trim at Max Limit
P02C3,Cylinder 11 Balance - Fuel Trim at Min Limit
P02C4,Cylinder 11 Balance - Injector Restricted
P02C5,Cylinder 11 Balance - Injector Leaking
P02C6,Cylinder 12 Balance - Fuel Trim at Max Limit
P02C7,Cylinder 12 Balance - Fuel Trim at Min Limit
P02C8,Cylinder 12 Balance - Injector Restricted
P02C9,Cylinder 12 Balance - Injector Leaking
P02CA,Turbocharger/Supercharger B Overboost Condition
P02CB,Turbocharger/Supercharger B Underboost Condition
P02CC,Cylinder 1 Fuel Injector Offset Learning at Min Limit
P02CD,Cylinder 1 Fuel Injector Offset Learning at Max Limit
P02CE,Cylinder 2 Fuel Injector Offset Learning at Min Limit
P02CF,Cylinder 2 Fuel Injector Offset Learning at Max Limit
P02D0,Cylinder 3 Fuel Injector Offset Learning at Min Limit
P02D1,Cylinder 3 Fuel Injector Offset Learning at Max Limit
P02D2,Cylinder 4 Fuel Injector Offset Learning at Min Limit
P02D3,Cylinder 4 Fuel Injector Offset Learning at Max Limit
P02D4,Cylinder 5 Fuel Injector Offset Learning at Min Limit
P02D5,Cylinder 5 Fuel Injector Offset Learning at Max Limit
P02D6,Cylinder 6 Fuel Injector Offset Learning at Min Limit
P02D7,Cylinder 6 Fuel Injector Offset Learning at Max Limit
P02D8,Cylinder 7 Fuel Injector Offset Learning at Min Limit
P02D9,Cylinder 7 Fuel Injector Offset Learning at Max Limit
P02DA,Cylinder 8 Fuel Injector Offset Learning at Min Limit
P02DB,Cylinder 8 Fuel Injector Offset Learning at Max Limit
P02DC,Cylinder 9 Fuel Injector Offset Learning at Min Limit
P02DD,Cylinder 9 Fuel Injector Offset Learning at Max Limit
P02DE,Cylinder 10 Fuel Injector Offset Learning at Min Limit
P02DF,Cylinder 10 Fuel Injector Offset Learning at Max Limit
P02E0,Diesel Intake Air Flow Control Circuit / Open
P02E1,Diesel Intake Air Flow Control Performance
P02E2,Diesel Intake Air Flow Control Circuit Low
P02E3,Diesel Intake Air Flow Control Circuit High
P02E4,Diesel Intake Air Flow Control Stuck Open
P02E5,Diesel Intake Air Flow Control Stuck Closed
P02E6,Diesel Intake Air Flow Position Sensor Circuit
P02E7,Diesel Intake Air Flow Position Sensor Range/Performance
P02E8,Diesel Intake Air Flow Position Sensor Circuit Low
P02E9,Diesel Intake Air Flow Position Sensor Circuit High
P02EA,Diesel Intake Air Flow Position Sensor Circuit Intermittent/Erratic
P02EB,Diesel Intake Air Flow Control Motor Current Range/Performance
P02EC,Diesel Intake Air Flow Control System - High Airflow Detected
P02ED,Diesel Intake Air Flow Control System - Low Airflow Detected
P02EE,Cylinder 1 Injector Circuit Range/Performance
P02EF,Cylinder 2 Injector Circuit Range/Performance
P02F0,Cylinder 3 Injector Circuit Range/Performance
P02F1,Cylinder 4 Injector Circuit Range/Performance
P02F2,Cylinder 5 Injector Circuit Range/Performance
P02F3,Cylinder 6 Injector Circuit Range/Performance
P02F4,Cylinder 7 Injector Circuit Range/Performance
P02F5,Cylinder 8 Injector Circuit Range/Performance
P02F6,Cylinder 9 Injector Circuit Range/Performance
P02F7,Cylinder 10 Injector Circuit Range/Performance
P02F8,Cylinder 11 Injector Circuit Range/Performance
P02F9,Cylinder 12 Injector Circuit Range/Performance
P02FA,Diesel Intake Air Flow Position Sensor Minimum/Maximum Stop Performance
P02FB,Cold Start Fuel Injection Control Circuit/Open
P02FC,Cold Start Fuel Injection Control Circuit Low
P02FD,Cold Start Fuel Injection Control Circuit High
P02FE,Cold Start Fuel Injection Control Circuit Range/Performance
P0300,Random Misfire Detected
P0301,Cylinder 1 Misfire Detected
P0302,Cylinder 2 Misfire Detected
P0303,Cylinder 3 Misfire Detected
P0304,Cylinder 4 Misfire Detected
P0305,Cylinder 5 Misfire Detected
P0306,Cylinder 6 Misfire Detected
P0307,Cylinder 7 Misfire Detected
P0308,Cylinder 8 Misfire Detected
P0309,Cylinder 9 Misfire Detected
P0310,Cylinder 10 Misfire Detected
P0311,Cylinder 11 Misfire Detected
P0312,Cylinder 12 Misfire Detected
P0313,Misfire Detected With Low Fuel
P0314,Single Cylinder Misfire (Cylinder not Specified)
P0315,Crankshaft Position System Variation Not Learned
P0316,Misfire Detected On Startup (First 1000 Revolutions)
P0317,Rough Road Hardware Not Present
P0318,Rough Road Sensor A Signal Circuit
P0319,Rough Road Sensor B Signal Circuit
P0320,Ignition/Distributor Engine Speed Input Circuit
P0321,Ignition/Distributor Engine Speed Input Circuit Range/Performance
P0322,Ignition/Distributor Engine Speed Input Circuit No Signal
P0323,Ignition/Distributor Engine Speed Input Circuit Intermittent
P0324,Knock Control System Error
P0325,Knock Sensor 1 Circuit (Bank 1)
P0326,Knock Sensor 1 Circuit Range/Performance (Bank 1)
P0327,Knock Sensor 1 Circuit Low (Bank1)
P0328,Knock Sensor 1 Circuit High (Bank 1)
P0329,Knock Sensor 1 Circuit Intermittent (Bank 1)
P032A,Knock Sensor 3 Circuit (Bank1)
P032B,Knock Sensor 3 Circuit Range/Performance (Bank1)
P032C,Knock Sensor 3 Circuit Low (Bank1)
P032D,Knock Sensor 3 Circuit High (Bank1)
P032E,Knock Sensor 3 Circuit Intermittent (Bank1)
P0330,Knock Sensor 2 Circuit (Bank 2)
P0331,Knock Sensor 2 Circuit Range/Performance (Bank 2)
P0332,Knock Sensor 2 Circuit Low (Bank 2)
P0333,Knock Sensor 2 Circuit High (Bank 2)
P0334,Knock Sensor 2 Circuit Intermittent (Bank 2)
P0335,Crankshaft Position Sensor A Circuit
P0336,Crankshaft Position Sensor A Circuit Range/Performance
P0337,Crankshaft Position Sensor A Circuit Low 
P0338,Crankshaft Position Sensor A Circuit High 
P0339,Crankshaft Position Sensor A Circuit Intermittent
P033A,Knock Sensor 4 Circuit (Bank 2)
P033B,Knock Sensor 4 Circuit Range/Performance (Bank 2)
P033C,Knock Sensor 4 Circuit Low (Bank 2)
P033D,Knock Sensor 4 Circuit High (Bank 2)
P033E,Knock Sensor 4 Circuit Intermittent (Bank 2)
P0340,Camshaft Position Sensor A Circuit (Bank 1 or single sensor)
P0341,Camshaft Position Sensor A Circuit Range/Performance (Bank 1 or single sensor)
P0342,Camshaft Position Sensor A Circuit Low (Bank 1 or single sensor)
P0343,Camshaft Position Sensor A Circuit High (Bank 1 or single sensor)
P0344,Camshaft Position Sensor A Circuit Intermittent (Bank 1 or single sensor)
P0345,Camshaft Position Sensor A Circuit (Bank 2)
P0346,Camshaft Position Sensor A Circuit Range/Performance (Bank 2)
P0347,Camshaft Position Sensor A Circuit Low (Bank 2)
P0348,Camshaft Position Sensor A Circuit High (Bank 2)
P0349,Camshaft Position Sensor A Circuit Intermittent (Bank 2)
P034A,Crankshaft Position Sensor - Crankshaft Start Position Incorrect
P034B,Crankshaft Position Sensor - Crankshaft Direction Incorrect
P0350,Ignition Coil Primary/Secondary Circuit
P0351,Ignition Coil A Primary/Secondary Circuit
P0352,Ignition Coil B Primary/Secondary Circuit
P0353,Ignition Coil C Primary/Secondary Circuit
P0354,Ignition Coil D Primary/Secondary Circuit
P0355,Ignition Coil E Primary/Secondary Circuit
P0356,Ignition Coil F Primary/Secondary Circuit
P0357,Ignition Coil G Primary/Secondary Circuit
P0358,Ignition Coil H Primary/Secondary Circuit
P0359,Ignition Coil I Primary/Secondary Circuit
P0360,Ignition Coil J Primary/Secondary Circuit
P0361,Ignition Coil K Primary/Secondary Circuit
P0362,Ignition Coil L Primary/Secondary Circuit
P0363,Misfire Detected - Fueling Disabled
P0365,Camshaft Position Sensor B Circuit (Bank 1)
P0366,Camshaft Position Sensor B Circuit Range/Performance (Bank 1)
P0367,Camshaft Position Sensor B Circuit Low (Bank 1)
P0368,Camshaft Position Sensor B Circuit High (Bank 1)
P0369,Camshaft Position Sensor B Circuit Intermittent (Bank 1)
P0370,Timing Reference High Resolution Signal A
P0371,Timing Reference High Resolution Signal A Too Many Pulses
P0372,Timing Reference High Resolution Signal A Too Few Pulses
P0373,Timing Reference High Resolution Signal A Intermittent
P0374,Timing Reference High Resolution Signal A No Pulses
P0375,Timing Reference High Resolution Signal B
P0376,Timing Reference High Resolution Signal B Too Many Pulses
P0377,Timing Reference High Resolution Signal B Too Few Pulses
P0378,Timing Reference High Resolution Signal B Intermittent
P0379,Timing Reference High Resolution Signal B No Pulses
P037A,Glow Plug/Heater Indicator Control Circuit Low
P037B,Glow Plug/Heater Indicator Control Circuit High
P037D,Glow Plug Relay Sense Circuit
P037E,Glow Plug Relay Sense Circuit Low
P037F,Glow Plug Relay Sense Circuit High
P0380,Glow Plug/Heater Circuit A
P0381,Glow Plug/Heater Indicator Circuit
P0382,Glow Plug/Heater Circuit B
P0383,Glow Plug Control Module Control Circuit Low
P0384,Glow Plug Control Module Control Circuit High
P0385,Crankshaft Position Sensor B Circuit
P0386,Crankshaft Position Sensor B Circuit Range/Performance
P0387,Crankshaft Position Sensor B Circuit Low 
P0388,Crankshaft Position Sensor B Circuit High 
P0389,Crankshaft Position Sensor B Circuit Intermittent
P0390,Camshaft Position Sensor B Circuit (Bank 2)
P0391,Camshaft Position Sensor B Circuit Range/Performance (Bank 2)
P0392,Camshaft Position Sensor B Circuit Low (Bank 2)
P0393,Camshaft Position Sensor B Circuit High (Bank 2)
P0394,Camshaft Position Sensor B Circuit Intermittent (Bank 2)
P0395,Cylinder 1 Pressure Sensor Circuit
P0396,Cylinder 1 Pressure Sensor Circuit Range/Performance
P0397,Cylinder 1 Pressure Sensor Circuit Low
P0398,Cylinder 1 Pressure Sensor Circuit High
P0399,Cylinder 1 Pressure Sensor Circuit Intermittent/Erratic
P039A,Cylinder 1 Pressure Too Low
P039B,Cylinder 1 Pressure Too High
P039C,Cylinder 1 Pressure Variation Low
P039D,Cylinder 1 Pressure Variation High
P039E,Cylinder 1 Combustion Performance
P039F,Cylinder 2 Pressure Sensor Circuit
P03A0,Cylinder 2 Pressure Sensor Circuit Range/Performance
P03A1,Cylinder 2 Pressure Sensor Circuit Low
P03A2,Cylinder 2 Pressure Sensor Circuit High
P03A3,Cylinder 2 Pressure Sensor Circuit Intermittent/Erratic
P03A4,Cylinder 2 Pressure Too Low
P03A5,Cylinder 2 Pressure Too High
P03A6,Cylinder 2 Pressure Variation Low
P03A7,Cylinder 2 Pressure Variation High
P03A8,Cylinder 2 Combustion Performance
P03A9,Cylinder 3 Pressure Sensor Circuit
P03AA,Cylinder 3 Pressure Sensor Circuit Range/Performance
P03AB,Cylinder 3 Pressure Sensor Circuit Low
P03AC,Cylinder 3 Pressure Sensor Circuit High
P03AD,Cylinder 3 Pressure Sensor Circuit Intermittent/Erratic
P03AE,Cylinder 3 Pressure Too Low
P03AF,Cylinder 3 Pressure Too High
P03B0,Cylinder 3 Pressure Variation Low
P03B1,Cylinder 3 Pressure Variation High
P03B2,Cylinder 3 Combustion Performance
P03B3,Cylinder 4 Pressure Sensor Circuit
P03B4,Cylinder 4 Pressure Sensor Circuit Range/Performance
P03B5,Cylinder 4 Pressure Sensor Circuit Low
P03B6,Cylinder 4 Pressure Sensor Circuit High
P03B7,Cylinder 4 Pressure Sensor Circuit Intermittent/Erratic
P03B8,Cylinder 4 Pressure Too Low
P03B9,Cylinder 4 Pressure Too High
P03BA,Cylinder 4 Pressure Variation Low
P03BB,Cylinder 4 Pressure Variation High
P03BC,Cylinder 4 Combustion Performance
P03BD,Cylinder 5 Pressure Sensor Circuit
P03BE,Cylinder 5 Pressure Sensor Circuit Range/Performance
P03BF,Cylinder 5 Pressure Sensor Circuit Low
P03C0,Cylinder 5 Pressure Sensor Circuit High
P03C1,Cylinder 5 Pressure Sensor Circuit Intermittent/Erratic
P03C2,Cylinder 5 Pressure Too Low
P03C3,Cylinder 5 Pressure Too High
P03C4,Cylinder 5 Pressure Variation Low
P03C5,Cylinder 5 Pressure Variation High
P03C6,Cylinder 5 Combustion Performance
P03C7,Cylinder 6 Pressure Sensor Circuit
P03C8,Cylinder 6 Pressure Sensor Circuit Range/Performance
P03C9,Cylinder 6 Pressure Sensor Circuit Low
P03CA,Cylinder 6 Pressure Sensor Circuit High
P03CB,Cylinder 6 Pressure Sensor Circuit Intermittent/Erratic
P03CC,Cylinder 6 Pressure Too Low
P03CD,Cylinder 6 Pressure Too High
P03CE,Cylinder 6 Pressure Variation Low
P03CF,Cylinder 6 Pressure Variation High
P03D0,Cylinder 6 Combustion Performance
P03D1,Cylinder 7 Pressure Sensor Circuit
P03D2,Cylinder 7 Pressure Sensor Circuit Range/Performance
P03D3,Cylinder 7 Pressure Sensor Circuit Low
P03D4,Cylinder 7 Pressure Sensor Circuit High
P03D5,Cylinder 7 Pressure Sensor Circuit Intermittent/Erratic
P03D6,Cylinder 7 Pressure Too Low
P03D7,Cylinder 7 Pressure Too High
P03D8,Cylinder 7 Pressure Variation Low
P03D9,Cylinder 7 Pressure Variation High
P03DA,Cylinder 7 Combustion Performance
P03DB,Cylinder 8 Pressure Sensor Circuit
P03DC,Cylinder 8 Pressure Sensor Circuit Range/Performance
P03DD,Cylinder 8 Pressure Sensor Circuit Low
P03DE,Cylinder 8 Pressure Sensor Circuit High
P03DF,Cylinder 8 Pressure Sensor Circuit Intermittent/Erratic
P03E0,Cylinder 8 Pressure Too Low
P03E1,Cylinder 8 Pressure Too High
P03E2,Cylinder 8 Pressure Variation Low
P03E3,Cylinder 8 Pressure Variation High
P03E4,Cylinder 8 Combustion Performance
P0400,Exhaust Gas Recirculation Flow
P0401,Exhaust Gas Recirculation Flow Insufficient Detected
P0402,Exhaust Gas Recirculation Flow Excessive Detected
P0403,Exhaust Gas Recirculation Control Circuit
P0404,Exhaust Gas Recirculation Control Circuit Range/Performance
P0405,Exhaust Gas Recirculation Sensor A Circuit Low
P0406,Exhaust Gas Recirculation Sensor A Circuit High
P0407,Exhaust Gas Recirculation Sensor B Circuit Low
P0408,Exhaust Gas Recirculation Sensor B Circuit High
P0409,Exhaust Gas Recirculation Sensor A Circuit
P040A,Exhaust Gas Recirculation Temperature Sensor A Circuit
P040B,Exhaust Gas Recirculation Temperature Sensor A Circuit Range/Performance
P040C,Exhaust Gas Recirculation Temperature Sensor A Circuit Low
P040D,Exhaust Gas Recirculation Temperature Sensor A Circuit High
P040E,Exhaust Gas Recirculation Temperature Sensor A Circuit Intermittent/Erratic
P040F,Exhaust Gas Recirculation Temperature Sensor A/B Correlation
P0410,Secondary Air Injection System
P0411,Secondary Air Injection Incorrect Upstream Flow Detected
P0412,Secondary Air Injection Switching Valve A Circuit
P0413,Secondary Air Injection Switching Valve A Circuit Open
P0414,Secondary Air Injection Switching Valve A Circuit Shorted
P0415,Secondary Air Injection Switching Valve B Circuit
P0416,Secondary Air Injection Switching Valve B Circuit Open
P0417,Secondary Air Injection Switching Valve B Circuit Shorted
P0418,Secondary Air Injection System Control A Circuit
P0419,Secondary Air Injection System Control B Circuit
P041A,Exhaust Gas Recirculation Temperature Sensor B Circuit
P041B,Exhaust Gas Recirculation Temperature Sensor B Circuit Range/Performance
P041C,Exhaust Gas Recirculation Temperature Sensor B Circuit Low
P041D,Exhaust Gas Recirculation Temperature Sensor B Circuit High
P041E,Exhaust Gas Recirculation Temperature Sensor B Circuit Intermittent/Erratic
P041F,Secondary Air Injection Switching Valve A Circuit Low
P0420,Catalyst System Efficiency Below Threshold (Bank 1)
P0421,Warm Up Catalyst Efficiency Below Threshold (Bank 1)
P0422,Main Catalyst Efficiency Below Threshold (Bank 1)
P0423,Heated Catalyst Efficiency Below Threshold (Bank 1)
P0424,Heated Catalyst Temperature Below Threshold (Bank 1)
P0425,Catalyst Temperature Sensor Circuit (Bank 1 Sensor Circuit 1)
P0426,Catalyst Temperature Sensor Circuit Range/Performance (Bank 1 Sensor Circuit 1)
P0427,Catalyst Temperature Sensor Circuit Low (Bank 1 Sensor Circuit 1)
P0428,Catalyst Temperature Sensor Circuit High (Bank 1 Sensor Circuit 1)
P0429,Catalyst Heater Control Circuit (Bank 1)
P042A,Catalyst Temperature Sensor Circuit (Bank 1 Sensor Circuit 2)
P042B,Catalyst Temperature Sensor Circuit Range/Performance (Bank1 Sensor Circuit 2)
P042C,Catalyst Temperature Sensor Circuit Low (Bank 1 Sensor Circuit 2)
P042D,Catalyst Temperature Sensor Circuit High (Bank 1 Sensor Circuit 2)
P042E,Exhaust Gas Recirculation Control Stuck Open
P042F,Exhaust Gas Recirculation Control Stuck Closed
P0430,Catalyst System Efficiency Below Threshold (Bank 2)
P0431,Warm Up Catalyst Efficiency Below Threshold (Bank 2)
P0432,Main Catalyst Efficiency Below Threshold (Bank 2)
P0433,Heated Catalyst Efficiency Below Threshold (Bank 2)
P0434,Heated Catalyst Temperature Below Threshold (Bank 2)
P0435,Catalyst Temperature Sensor Circuit (Bank 2 Sensor Circuit 1)
P0436,Catalyst Temperature Sensor Circuit Range/Performance (Bank 2 Sensor Circuit 1)
P0437,Catalyst Temperature Sensor Circuit Low (Bank 2 Sensor Circuit 1)
P0438,Catalyst Temperature Sensor Circuit High (Bank 2 Sensor Circuit 1)
P0439,Catalyst Heater Control Circuit (Bank 2)
P043A,Catalyst Temperature Sensor Circuit (Bank 2 Sensor Circuit 2)
P043B,Catalyst Temperature Sensor Circuit Range/Performance (Bank 2 Sensor Circuit 2)
P043C,Catalyst Temperature Sensor Circuit Low (Bank 2 Sensor Circuit 2)
P043D,Catalyst Temperature Sensor Circuit High (Bank 2 Sensor Circuit 2)
P043E,Evaporative Emission System Leak Detection Reference Orifice Low Flow
P043F,Evaporative Emission System Leak Detection Reference Orifice High Flow
P0440,Evaporative Emission System
P0441,Evaporative Emission System Incorrect Purge Flow
P0442,Evaporative Emission System Leak Detected (small leak)
P0443,Evaporative Emission System Purge Control Valve Circuit
P0444,Evaporative Emission System Purge Control Valve Circuit Open
P0445,Evaporative Emission System Purge Control Valve Circuit Shorted
P0446,Evaporative Emission System Vent Control Circuit
P0447,Evaporative Emission System Vent Control Circuit Open
P0448,Evaporative Emission System Vent Control Circuit Shorted
P0449,Evaporative Emission System Vent Control Circuit Intermittent
P044A,Exhaust Gas Recirculation Sensor C Circuit
P044B,Exhaust Gas Recirculation Sensor C Range/Performance
P044C,Exhaust Gas Recirculation Sensor C Circuit Low
P044D,Exhaust Gas Recirculation Sensor C Circuit High
P044E,Exhaust Gas Recirculation Sensor C Circuit Intermittent/Erratic
P044F,Secondary Air Injection Switching Valve A Circuit High
P0450,Evaporative Emission System Pressure Sensor/Switch
P0451,Evaporative Emission System Pressure Sensor/Switch Range/Performance
P0452,Evaporative Emission System Pressure Sensor/Switch Low 
P0453,Evaporative Emission System Pressure Sensor/Switch High 
P0454,Evaporative Emission System Pressure Sensor/Switch Intermittent
P0455,Evaporative Emission System Leak Detected (gross leak/no flow)
P0456,Evaporative Emission System Leak Detected (very small leak)
P0457,Evaporative Emission System Leak Detected (fuel cap loose/off)
P0458,Evaporative Emission System Purge Control Valve Circuit Low
P0459,Evaporative Emission System Purge Control Valve Circuit High
P045A,Exhaust Gas Recirculation B Control Circuit
P045B,Exhaust Gas Recirculation B Control Circuit Range/Performance
P045C,Exhaust Gas Recirculation B Control Circuit Low
P045D,Exhaust Gas Recirculation B Control Circuit High
P045E,Exhaust Gas Recirculation B Control Stuck Open
P045F,Exhaust Gas Recirculation B Control Stuck Closed
P0460,Fuel Level Sensor A Circuit
P0461,Fuel Level Sensor A Circuit Range/Performance
P0462,Fuel Level Sensor A Circuit Low 
P0463,Fuel Level Sensor A Circuit High 
P0464,Fuel Level Sensor A Circuit Intermittent
P0465,Evaporative Emission System Purge Flow Sensor Circuit
P0466,Evaporative Emission System Purge Flow Sensor Circuit Range/Performance
P0467,Evaporative Emission System Purge Flow Sensor Circuit Low 
P0468,Evaporative Emission System Purge Flow Sensor Circuit High 
P0469,Evaporative Emission System Purge Flow Sensor Circuit Intermittent
P046A,Catalyst Temperature Sensor 1/2 Correlation Bank 1
P046B,Catalyst Temperature Sensor 1/2 Correlation Bank 2
P046C,Exhaust Gas Recirculation Sensor A Range/Performance
P046D,Exhaust Gas Recirculation Sensor A Intermittent/Erratic
P046E,Exhaust Gas Recirculation Sensor B Range/Performance
P046F,Exhaust Gas Recirculation Sensor B Intermittent/Erratic
P0470,Exhaust Pressure Sensor A Circuit
P0471,Exhaust Pressure Sensor A Circuit Range/Performance
P0472,Exhaust Pressure Sensor A Circuit Low 
P0473,Exhaust Pressure Sensor A Circuit High 
P0474,Exhaust Pressure Sensor A Circuit Intermittent/Erratic
P0475,Exhaust Pressure Control Valve 
P0476,Exhaust Pressure Control Valve Range/Performance
P0477,Exhaust Pressure Control Valve Low 
P0478,Exhaust Pressure Control Valve High 
P0479,Exhaust Pressure Control Valve Intermittent
P047A,Exhaust Pressure Sensor B Circuit
P047B,Exhaust Pressure Sensor B Circuit Range/Performance
P047C,Exhaust Pressure Sensor B Circuit Low 
P047D,Exhaust Pressure Sensor B Circuit High 
P047E,Exhaust Pressure Sensor B Circuit Intermittent/Erratic
P047F,Exhaust Pressure Control Valve Stuck Open
P0480,Fan 1 Control Circuit
P0481,Fan 2 Control Circuit
P0482,Fan 3 Control Circuit
P0483,Fan Performance
P0484,Fan Current
P0485,Fan Power/Ground Circuit
P0486,Exhaust Gas Recirculation Sensor B Circuit
P0487,Exhaust Gas Recirculation Throttle Control Circuit A / Open
P0488,Exhaust Gas Recirculation Throttle Control Circuit A Range/Performance
P0489,Exhaust Gas Recirculation Control Circuit Low
P048A,Exhaust Pressure Control Valve A Stuck Closed
P048B,Exhaust Pressure Control Valve A Position Sensor/Switch Circuit
P048C,Exhaust Pressure Control Valve A Position Sensor/Switch Circuit Range/Performance
P048D,Exhaust Pressure Control Valve A Position Sensor/Switch Circuit Low
P048E,Exhaust Pressure Control Valve A Position Sensor/Switch Circuit High
P048F,Exhaust Pressure Control Valve A Position Sensor/Switch Circuit Intermittent/Erratic
P0490,Exhaust Gas Recirculation Control Circuit High
P0491,Secondary Air Injection System Insufficient Flow (Bank 1)
P0492,Secondary Air Injection System Insufficient Flow (Bank 2)
P0493,Fan Overspeed (clutch locked)
P0494,Fan Speed Low
P0495,Fan Speed High
P0496,Evaporative Emission System High Purge Flow
P0497,Evaporative Emission System Low Purge Flow
P0498,Evaporative Emission System Vent Control Circuit Low
P0499,Evaporative Emission System Vent Control Circuit High
P049A,Exhaust Gas Recirculation B Flow
P049B,Exhaust Gas Recirculation B Flow Insufficient Detected
P049C,Exhaust Gas Recirculation B Flow Excessive Detected
P049D,Exhaust Gas Recirculation A Control Position Exceeded Learning Limit
P049E,Exhaust Gas Recirculation B Control Position Exceeded Learning Limit
P049F,Exhaust Pressure Control Valve B
P04A0,Exhaust Pressure Control Valve B Range/Performance
P04A1,Exhaust Pressure Control Valve B Low
P04A2,Exhaust Pressure Control Valve B High
P04A3,Exhaust Pressure Control Valve B Intermittent
P04A4,Exhaust Pressure Control Valve B Stuck Open
P04A5,Exhaust Pressure Control Valve B Stuck Closed
P04A6,Exhaust Pressure Control Valve B Position Sensor/Switch Circuit
P04A7,Exhaust Pressure Control Valve B Position Sensor/Switch Circuit Range/Performance
P04A8,Exhaust Pressure Control Valve B Position Sensor/Switch Circuit Low
P04A9,Exhaust Pressure Control Valve B Position Sensor/Switch Circuit High
P04AA,Exhaust Pressure Control Valve B Position Sensor/Switch Circuit Intermittent/Erratic
P04AB,Evaporative Emission System Purge Control Valve B Circuit / Open
P04AC,Evaporative Emission System Purge Control Valve B Circuit Low
P04AD,Evaporative Emission System Purge Control Valve B Circuit High
P04AE,Evaporative Emission System Purge Control Valve B Performance/Stuck Open
P04AF,Evaporative Emission System Purge Control Valve B Stuck Closed
P04B0,Refueling Vapor Control Valve Circuit / Open
P04B1,Refueling Vapor Control Valve Circuit Low
P04B2,Refueling Vapor Control Valve Circuit High
P04B3,Refueling Vapor Control Valve Stuck Performance/Stuck Open
P04B4,Refueling Vapor Control Valve Stuck Closed
P04B5,Fuel Fill Door Stuck Open
P04B6,Fuel Fill Door Stuck Closed
P04B7,Fuel Fill Door Position Sensor/Switch Circuit Intermittent/Erratic
P04B8,Fuel Fill Door Position Sensor/Switch Circuit
P04B9,Fuel Fill Door Position Sensor/Switch Circuit Low
P04BA,Fuel Fill Door Position Sensor/Switch Circuit High
P04BB,Fuel Fill Door Lock Control Circuit / Open
P04BC,Fuel Fill Door Lock Control Circuit Range/Performance
P04BD,Fuel Fill Door Lock Control Circuit Low
P04BE,Fuel Fill Door Lock Control Circuit High
P04BF,Fuel Fill Door Unlock Control Circuit/Open
P04C0,Fuel Fill Door Unlock Control Circuit Range/Performance
P04C1,Fuel Fill Door Unlock Control Circuit Low
P04C2,Fuel Fill Door Unlock Control Circuit High
P04C3,Fuel Fill Door Lock Position Sensor/Switch Circuit
P04C4,Fuel Fill Door Lock Position Sensor/Switch Circuit Range/Performance
P04C5,Fuel Fill Door Lock Position Sensor/Switch Circuit Low
P04C6,Fuel Fill Door Lock Position Sensor/Switch Circuit High
P04C7,Fuel Fill Door Lock Position Sensor/Switch Circuit Intermittent/Erratic
P04C8,Fuel Fill Door Open Request Sensor/Switch Circuit
P04C9,Fuel Fill Door Open Request Sensor/Switch Performance/Stuck Off
P04CA,Fuel Fill Door Open Request Sensor/Switch Stuck Low
P04CB,Fuel Fill Door Open Request Sensor/Switch Stuck High
P04CC,Fuel Fill Door Open Request Sensor/Switch Stuck Intermittent/Erratic
P04CD,Fuel Fill Door Open Request Sensor/Switch Stuck On
P04CE,EGR Temperature Sensor C Circuit
P04CF,EGR Temperature Sensor C Circuit Range/Performance
P04D0,EGR Temperature Sensor C Circuit Low
P04D1,EGR Temperature Sensor C Circuit High
P04D2,EGR Temperature Sensor C Circuit Intermittent/Erratic
P04D3,Exhaust Brake Input Circuit
P04D4,Exhaust Brake Input Circuit Range/Performance
P04D5,Exhaust Brake Input Circuit Low
P04D6,Exhaust Brake Input Circuit High
P04D7,Exhaust Brake Input Circuit Intermittent/Erratic
P04D8,Excessive Time Failed To Enter Closed Loop EGR Control
P04D9,Closed Loop EGR Control At Limit - Flow Too Low
P04DA,Closed Loop EGR Control At Limit - Flow Too High
P04DB,Crankcase Ventilation System Disconnected
P04DC,Fuel Fill Door Position Sensor/Switch Circuit Range/Performance
P04DD,Cold Start EGR A Flow Insufficient Detected
P04DE,Cold Start EGR A Flow Excessive Detected
P04DF,EVAP System Purge Control Valve A Performance/Stuck Open
P04E0,EVAP System Purge Control Valve A Stuck Closed
P04E1,Crankcase Ventilation Hose Connection Sensor Circuit
P04E2,Crankcase Ventilation Hose Connection Sensor Circuit Low
P04E3,Crankcase Ventilation Hose Connection Sensor Circuit High
P04E4,Crankcase Ventilation Hose Connection Sensor Circuit Intermittent/Erratic
P04E5,EGR Temperature Sensor D Circuit
P04E6,EGR Temperature Sensor D Circuit Range/Performance
P04E7,EGR Temperature Sensor D Circuit Low
P04E8,EGR Temperature Sensor D Circuit High
P04E9,EGR Temperature Sensor D Circuit Intermittent/Erratic
P04EA,EVAP System Small Leak Detected - Fuel Tank Side
P04EB,EVAP System Small Leak Detected - Fresh Air Side
P04EC,EVAP System Large Leak Detected - Fuel Tank Side
P04ED,EVAP System Large Leak Detected - Fresh Air Side
P04EE,EVAP System Very Small Leak Detected - Fuel Tank Side
P04EF,EVAP System Very Small Leak Detected - Fresh Air Side
P04F0,EVAP System High Pressure Purge Line Performance
P04F1,EVAP System Low Pressure Purge Line Performance
P0500,Vehicle Speed Sensor A
P0501,Vehicle Speed Sensor A Range/Performance
P0502,Vehicle Speed Sensor A Circuit Low
P0503,Vehicle Speed Sensor A Intermittent/Erratic/High
P0504,Brake Switch A / B Correlation
P0505,Idle Air Control System
P0506,Idle Air Control System RPM Lower Than Expected
P0507,Idle Air Control System RPM Higher Than Expected
P0508,Idle Air Control System Circuit Low
P0509,Idle Air Control System Circuit High
P050A,Cold Start Idle Air Control System Performance
P050B,Cold Start Ignition Timing Performance
P050C,Cold Start Engine Coolant Temperature Performance
P050D,Cold Start Rough Idle
P050E,Cold Start Engine Exhaust Temperature Too Low
P050F,Brake Assist Vacuum Too Low
P0510,Closed Throttle Position Switch
P0511,Idle Air Control Circuit
P0512,Starter Request Circuit
P0513,Incorrect Immobilizer Key
P0514,Battery Temperature Sensor Circuit Range/Performance
P0515,Battery Temperature Sensor Circuit
P0516,Battery Temperature Sensor Circuit Low
P0517,Battery Temperature Sensor Circuit High
P0518,Idle Air Control Circuit Intermittent
P0519,Idle Air Control Circuit System Performance
P051A,Crankcase Pressure Sensor Circuit
P051B,Crankcase Pressure Sensor Circuit Range/Performance
P051C,Crankcase Pressure Sensor Circuit Low
P051D,Crankcase Pressure Sensor Circuit High
P051F,Positive Crankcase Ventilation Filter Restriction
P0520,Engine Oil Pressure Sensor/Switch Circuit
P0521,Engine Oil Pressure Sensor/Switch Circuit Range/Performance
P0522,Engine Oil Pressure Sensor/Switch Circuit Low
P0523,Engine Oil Pressure Sensor/Switch Circuit High
P0524,Engine Oil Pressure Too Low
P0525,Cruise Control Servo Control Circuit Range/Performance
P0526,Fan Speed Sensor Circuit
P0527,Fan Speed Sensor Circuit Range/Performance
P0528,Fan Speed Sensor Circuit No Signal
P0529,Fan Speed Sensor Circuit Intermittent
P052A,Cold Start Intake (A) Camshaft Position Timing Over-Advanced (Bank 1)
P052B,Cold Start Intake (A) Camshaft Position Timing Over-Retarded (Bank 1)
P052C,Cold Start Intake (A) Camshaft Position Timing Over-Advanced (Bank 2)
P052D,Cold Start Intake (A) Camshaft Position Timing Over-Retarded (Bank 2)
P052E,Positive Crankcase Ventilation Regulator Valve Performance
P052F,Glow Plug Control Module System Voltage
P0530,A/C Refrigerant Pressure Sensor A Circuit
P0531,A/C Refrigerant Pressure Sensor A Circuit Range/Performance
P0532,A/C Refrigerant Pressure Sensor A Circuit Low
P0533,A/C Refrigerant Pressure Sensor A Circuit High
P0534,A/C Refrigerant Charge Loss
P0535,A/C Evaporator Temperature Sensor Circuit
P0536,A/C Evaporator Temperature Sensor Circuit Range/Performance
P0537,A/C Evaporator Temperature Sensor Circuit Low
P0538,A/C Evaporator Temperature Sensor Circuit High
P0539,A/C Evaporator Temperature Sensor Circuit Intermittent
P053A,Positive Crankcase Ventilation Heater Control Circuit / Open
P053B,Positive Crankcase Ventilation Heater Control Circuit Low
P053C,Positive Crankcase Ventilation Heater Control Circuit High
P053D,PCV Heater Performance
P053E,Crankcase Pressure Too High
P053F,Cold Start Fuel Pressure Performance
P0540,Intake Air Heater A Circuit
P0541,Intake Air Heater A Circuit Low
P0542,Intake Air Heater A Circuit High
P0543,Intake Air Heater A Circuit Open
P0544,Exhaust Gas Temperature Sensor Circuit - Bank 1 Sensor 1
P0545,Exhaust Gas Temperature Sensor Circuit Low - Bank 1 Sensor 1
P0546,Exhaust Gas Temperature Sensor Circuit High - Bank 1 Sensor 1
P0547,Exhaust Gas Temperature Sensor Circuit - Bank 2 Sensor 1
P0548,Exhaust Gas Temperature Sensor Circuit Low - Bank 2 Sensor 1
P0549,Exhaust Gas Temperature Sensor Circuit High - Bank 2 Sensor 1
P054A,Cold Start Exhaust (B) Camshaft Position Timing Over-Advanced (Bank 1)
P054B,Cold Start Exhaust (B) Camshaft Position Timing Over-Retarded (Bank 1)
P054C,Cold Start Exhaust (B) Camshaft Position Timing Over-Advanced (Bank 2)
P054D,Cold Start Exhaust (B) Camshaft Position Timing Over-Retarded (Bank 2)
P054E,Idle Control System - Fuel Quantity Lower Than Expected
P054F,Idle Control System - Fuel Quantity Higher Than Expected
P0550,Power Steering Pressure Sensor/Switch Circuit 
P0551,Power Steering Pressure Sensor/Switch Circuit Range/Performance
P0552,Power Steering Pressure Sensor/Switch Circuit Low
P0553,Power Steering Pressure Sensor/Switch Circuit High
P0554,Power Steering Pressure Sensor/Switch Circuit Intermittent
P0555,Brake Booster Pressure Sensor Circuit
P0556,Brake Booster Pressure Sensor Circuit Range/Performance
P0557,Brake Booster Pressure Sensor Circuit Low
P0558,Brake Booster Pressure Sensor Circuit High
P0559,Brake Booster Pressure Sensor Circuit Intermittent
P055A,Engine Oil Pressure Sensor/Switch B Circuit
P055B,Engine Oil Pressure Sensor/Switch B Circuit Range/Performance
P055C,Engine Oil Pressure Sensor/Switch B Circuit Low
P055D,Engine Oil Pressure Sensor/Switch B Circuit High
P055E,Oxygen Sensor Control Module System Voltage
P055F,Engine Oil Pressure Out of Range
P0560,System Voltage
P0561,System Voltage Unstable
P0562,System Voltage Low
P0563,System Voltage High
P0564,Cruise Control Multi-Function Input A Circuit
P0565,Cruise Control ON Signal 
P0566,Cruise Control OFF Signal
P0567,Cruise Control RESUME Signal
P0568,Cruise Control SET Signal
P0569,Cruise Control COAST Signal
P056A,Cruise Control INCREASE DISTANCE Signal
P056B,Cruise Control DECREASE DISTANCE Signal
P056C,Cruise Control CANCEL Signal
P056D,Reductant Control Module System Voltage
P056E,Cold Start Turbocharger/Supercharger Boost Control A Performance
P056F,Cold Start Turbocharger/Supercharger Boost Control B Performance
P0570,Cruise Control ACCEL Signal
P0571,Brake Switch A Circuit
P0572,Brake Switch A Circuit Low
P0573,Brake Switch A Circuit High
P0574,Cruise Control System - Vehicle Speed Too High 
P0575,Cruise Control Input Circuit
P0576,Cruise Control Input Circuit Low
P0577,Cruise Control Input Circuit High
P0578,Cruise Control Multi-Function Input A Circuit Stuck
P0579,Cruise Control Multi-Function Input A Circuit Range/Performance
P057A,Brake Pedal Position Sensor Circuit / Open
P057B,Brake Pedal Position Sensor Circuit Range/Performance
P057C,Brake Pedal Position Sensor Circuit Low
P057D,Brake Pedal Position Sensor Circuit High
P057E,Brake Pedal Position Sensor Circuit Intermittent/Erratic
P057F,Battery State of Charge Performance 
P0580,Cruise Control Multi-Function Input A Circuit Low
P0581,Cruise Control Multi-Function Input A Circuit High
P0582,Cruise Control Vacuum Control Circuit /Open
P0583,Cruise Control Vacuum Control Circuit Low
P0584,Cruise Control Vacuum Control Circuit High
P0585,Cruise Control Multi-Function Input A / B Correlation
P0586,Cruise Control Vent Control Circuit / Open
P0587,Cruise Control Vent Control Circuit Low
P0588,Cruise Control Vent Control Circuit High
P0589,Cruise Control Multi-Function Input B Circuit
P058A,Battery Monitor Module Performance
P058B,Battery Monitor Module Current Monitoring Performance
P058C,Battery Monitor Module Temperature Monitoring Performance
P058D,Battery Monitor Module Voltage Monitoring Performance
P058E,Battery Monitor Module Temperature Too High
P058F,Battery Monitor Module Temperature Too Low
P0590,Cruise Control Multi-Function Input B Circuit Stuck
P0591,Cruise Control Multi-Function Input B Circuit Range/Performance
P0592,Cruise Control Multi-Function Input B Circuit Low
P0593,Cruise Control Multi-Function Input B Circuit High
P0594,Cruise Control Servo Control Circuit / Open
P0595,Cruise Control Servo Control Circuit Low
P0596,Cruise Control Servo Control Circuit High
P0597,Thermostat Heater Control Circuit / Open
P0598,Thermostat Heater Control Circuit Low
P0599,Thermostat Heater Control Circuit High
P059A,Active Grille Air Shutter A Position Sensor Circuit
P059B,Active Grille Air Shutter A Position Sensor Circuit Range/Performance
P059C,Active Grille Air Shutter A Position Sensor Circuit High
P059D,Active Grille Air Shutter A Position Sensor Circuit Low
P059E,Active Grille Air Shutter A Position Sensor Circuit Intermittent
P059F,Active Grille Air Shutter A Performance/Stuck Off
P05A0,Active Grille Air Shutter A Stuck On
P05A1,Active Grille Air Shutter A Position Sensor Minimum/Maximum Stop Performance
P05A2,Active Grille Air Shutter A Control Circuit/Open
P05A3,Active Grille Air Shutter A Control Circuit Range/Performance
P05A4,Active Grille Air Shutter A Control Circuit High
P05A5,Active Grille Air Shutter A Control Circuit Low
P05A6,Active Grille Air Shutter A Supply Voltage Circuit/Open
P05A7,Active Grille Air Shutter A Supply Voltage Circuit Low
P05A8,Active Grille Air Shutter A Supply Voltage Circuit High
P05A9,Active Grille Air Shutter B Position Sensor Circuit
P05AA,Active Grille Air Shutter B Position Sensor Circuit Range/Performance
P05AB,Active Grille Air Shutter B Position Sensor Circuit High
P05AC,Active Grille Air Shutter B Position Sensor Circuit Low
P05AD,Active Grille Air Shutter B Position Sensor Circuit Intermittent
P05AE,Active Grille Air Shutter B Performance/Stuck Off
P05AF,Active Grille Air Shutter B Stuck On
P05B0,Active Grille Air Shutter B Position Sensor Minimum/Maximum Stop Performance
P05B1,Active Grille Air Shutter B Control Circuit/Open
P05B2,Active Grille Air Shutter B Control Circuit Range/Performance
P05B3,Active Grille Air Shutter B Control Circuit High
P05B4,Active Grille Air Shutter B Control Circuit Low
P05B5,Active Grille Air Shutter B Supply Voltage Circuit/Open
P05B6,Active Grille Air Shutter B Supply Voltage Circuit Low
P05B7,Active Grille Air Shutter B Supply Voltage Circuit High
P05B8,Restraint Deployment Signal Circuit/Open
P05B9,Restraint Deployment Signal Circuit Low
P05BA,Restraint Deployment Signal Circuit High
P05BB,Restraints Deployed
P05BC,Stop-Start Mode Switch/Open
P05BD,Stop-Start Mode Switch Range/Performance
P05BE,Stop-Start Mode Switch Low
P05BF,Stop-Start Mode Switch High
P05C0,Active Grille Air Shutter Module A Over Temperature
P05C1,Active Grille Air Shutter Module B Over Temperature
P05C2,Engine Coolant Pressure Sensor Circuit
P05C3,Engine Coolant Pressure Sensor Circuit Range/Performance
P05C4,Engine Coolant Pressure Sensor Circuit Low
P05C5,Engine Coolant Pressure Sensor Circuit High
P05C6,Engine Coolant Pressure Sensor Circuit Intermittent/Erratic
P05C7,Economy Mode Switch/Open
P05C8,Economy Mode Switch Range/Performance
P05C9,Economy Mode Switch Low
P05CA,Economy Mode Switch High
P05CB,Vehicle Hardware Incompatibility
P05CC,Cold Start A Camshaft Position Timing Performance Bank 1
P05CD,Cold Start A Camshaft Position Timing Performance Bank 2
P05CE,Cold Start B Camshaft Position Timing Performance Bank 1
P05CF,Cold Start B Camshaft Position Timing Performance Bank 2
P05D0,Driver Mode Select Switch A Circuit
P05D1,Driver Mode Select Switch A Circuit Low
P05D2,Driver Mode Select Switch A Circuit High
P05D3,Driver Mode Select Switch A Range/Performance
P05D4,Driver Mode Select Switch B Circuit
P05D5,Driver Mode Select Switch B Circuit Low
P05D6,Driver Mode Select Switch B Circuit High
P05D7,Driver Mode Select Switch B Range/Performance
P05D8,PCV Regulator Valve Control Circuit/Open
P05D9,PCV Regulator Valve Control Circuit Low
P05DA,PCV Regulator Valve Control Circuit High
P05DB,Brake Pedal Position Sensor B Circuit/Open
P05DC,Brake Pedal Position Sensor B Circuit Range/Performance
P05DD,Brake Pedal Position Sensor B Circuit Low
P05DE,Brake Pedal Position Sensor B Circuit High
P05DF,Brake Pedal Position Sensor B Circuit Intermittent/Erratic
P05E0,Brake Pedal Position Sensor A/B Correlation
P05E1,A/C Refrigerant Pressure Sensor A Circuit Intermittent/Erratic
P05E2,A/C Refrigerant Pressure Sensor B Circuit Intermittent/Erratic
P05E3,Park Brake Sensor/Switch Circuit
P05E4,Park Brake Sensor/Switch Circuit Low
P05E5,Park Brake Sensor/Switch Circuit High
P05E6,Park Brake Sensor/Switch Circuit Range/Performance
P05E7,Park Brake Sensor/Switch Circuit Intermittent/Erratic
P05E8,Engine Oil Bypass Valve Control Circuit/Open
P05E9,Engine Oil Bypass Valve Control Circuit Low
P05EA,Engine Oil Bypass Valve Control Circuit High
P0600,Serial Communication Link
P0601,Internal Control Module Memory Check Sum Error
P0602,Powertrain Control Module Programming Error
P0603,Internal Control Module Keep Alive Memory (KAM) Error
P0604,Internal Control Module Random Access Memory (RAM) Error
P0605,Internal Control Module Read Only Memory (ROM) Error
P0606,ECM / PCM Processor
P0607,Control Module Performance
P0608,Powertrain Control Module Vehicle Speed Output A 
P0609,Powertrain Control Module Vehicle Speed Output B
P060A,Internal Control Module Monitoring Processor Performance
P060B,Internal Control Module A/D Processing Performance
P060C,Internal Control Module Main Processor Performance
P060D,Internal Control Module Accelerator Pedal Position Performance
P060E,Internal Control Module Throttle Position Performance
P060F,Internal Control Module Engine Coolant Temperature Performance
P0610,Control Module Vehicle Options Error
P0611,Fuel Injector Control Module Performance
P0612,Fuel Injector Control Module Relay Control Circuit
P0613,TCM Processor
P0614,ECM / TCM Incompatible
P0615,Starter Relay Circuit
P0616,Starter Relay Circuit Low
P0617,Starter Relay Circuit High
P0618,Alternative Fuel Control Module KAM Error
P0619,Alternative Fuel Control Module RAM/ROM Error
P061A,Internal Control Module Torque Performance
P061B,Internal Control Module Torque Calculation Performance
P061C,Internal Control Module Engine RPM Performance
P061D,Internal Control Module Engine Air Mass Performance
P061E,Internal Control Module Brake Signal Performance
P061F,Internal Control Module Throttle Actuator Controller Performance
P0620,Generator Control Circuit
P0621,Generator Lamp Terminal Circuit
P0622,Generator Field Terminal Circuit
P0623,Generator Lamp Control Circuit
P0624,Fuel Cap Lamp Control Circuit
P0625,Generator Field Terminal Circuit Low
P0626,Generator Field Terminal Circuit High
P0627,Fuel Pump A Control Circuit / Open
P0628,Fuel Pump A Control Circuit Low
P0629,Fuel Pump A Control Circuit High
P062A,Fuel Pump A Control Circuit Range/Performance
P062B,Internal Control Module Fuel Injector Control Performance
P062C,Internal Control Module Vehicle Speed Performance
P062D,Fuel Injector Driver Circuit Performance Bank 1
P062E,Fuel Injector Driver Circuit Performance Bank 2
P062F,Internal Control Module EEPROM Error
P0630,VIN Not Programmed or Incompatible - ECM/PCM
P0631,VIN Not Programmed or Incompatible - TCM
P0632,Odometer Not Programmed - ECM/PCM
P0633,Immobilizer Key Not Programmed - ECM/PCM
P0634,PCM / ECM / TCM Internal Temperature Too High
P0635,Power Steering Control Circuit
P0636,Power Steering Control Circuit Low
P0637,Power Steering Control Circuit High
P0638,Throttle Actuator Control Range/Performance - Bank 1
P0639,Throttle Actuator Control Range/Performance - Bank 2
P063A,Generator Voltage Sense Circuit
P063B,Generator Voltage Sense Circuit Range/Performance
P063C,Generator Voltage Sense Circuit Low
P063D,Generator Voltage Sense Circuit High
P063E,Auto Configuration Throttle Input Not Present
P063F,Auto Configuration Engine Coolant Temperature Input Not Present
P0640,Intake Air Heater Control Circuit
P0641,Sensor Reference Voltage A Circuit/Open
P0642,Sensor Reference Voltage A Circuit Low
P0643,Sensor Reference Voltage A Circuit High
P0644,Driver Display Serial Communication Circuit
P0645,A/C Clutch Relay Control Circuit
P0646,A/C Clutch Relay Control Circuit Low
P0647,A/C Clutch Relay Control Circuit High
P0648,Immobilizer Lamp Control Circuit
P0649,Cruise Control Lamp Control Circuit
P064A,Fuel Pump Control Module
P064B,PTO Control Module
P064C,Glow Plug Control Module
P064D,Internal Control Module O2 Sensor Processor Performance - Bank 1
P064E,Internal Control Module O2 Sensor Processor Performance - Bank 2
P064F,Unauthorized Software/Calibration Detected
P0650,Malfunction Indicator Light Control Circuit
P0651,Sensor Reference Voltage B Circuit / Open
P0652,Sensor Reference Voltage B Circuit Low
P0653,Sensor Reference Voltage B Circuit High
P0654,Engine RPM Output Circuit
P0655,Engine Hot Lamp Output Control Circuit
P0656,Fuel level Output Circuit
P0657,Actuator Supply Voltage A Circuit / Open
P0658,Actuator Supply Voltage A Circuit Low
P0659,Actuator Supply Voltage A Circuit High
P065A,Generator System Performance
P065B,Generator Control Circuit Range/Performance
P065C,Generator Mechanical Performance
P065D,Reductant System Malfunction Lamp Control Circuit
P065E,Intake Manifold Tuning Valve Performance - Bank 1
P065F,Intake Manifold Tuning Valve Performance - Bank 2
P0660,Intake Manifold Tuning Valve Control Circuit / Open - Bank 1
P0661,Intake Manifold Tuning Valve Control Circuit Low - Bank 1
P0662,Intake Manifold Tuning Valve Control Circuit High - Bank 1
P0663,Intake Manifold Tuning Valve Control Circuit / Open - Bank 2
P0664,Intake Manifold Tuning Valve Control Circuit Low - Bank 2
P0665,Intake Manifold Tuning Valve Control Circuit High - Bank 2
P0666,PCM / ECM / TCM Internal Temperature Sensor Circuit
P0667,PCM / ECM / TCM Internal Temperature Sensor Range/Performance
P0668,PCM / ECM / TCM Internal Temperature Sensor Circuit Low
P0669,PCM / ECM / TCM Internal Temperature Sensor Circuit High
P066A,Cylinder 1 Glow Plug Circuit Low
P066B,Cylinder 1 Glow Plug Circuit High
P066C,Cylinder 2 Glow Plug Circuit Low
P066D,Cylinder 2 Glow Plug Circuit High
P066E,Cylinder 3 Glow Plug Circuit Low
P066F,Cylinder 3 Glow Plug Circuit High
P0670,Glow Plug Control Module Control Circuit / Open
P0671,Cylinder 1 Glow Plug Circuit / Open
P0672,Cylinder 2 Glow Plug Circuit / Open
P0673,Cylinder 3 Glow Plug Circuit / Open
P0674,Cylinder 4 Glow Plug Circuit / Open
P0675,Cylinder 5 Glow Plug Circuit / Open
P0676,Cylinder 6 Glow Plug Circuit / Open
P0677,Cylinder 7 Glow Plug Circuit / Open
P0678,Cylinder 8 Glow Plug Circuit / Open
P0679,Cylinder 9 Glow Plug Circuit / Open
P067A,Cylinder 4 Glow Plug Circuit Low
P067B,Cylinder 4 Glow Plug Circuit High
P067C,Cylinder 5 Glow Plug Circuit Low
P067D,Cylinder 5 Glow Plug Circuit High
P067E,Cylinder 6 Glow Plug Circuit Low
P067F,Cylinder 6 Glow Plug Circuit High
P0680,Cylinder 10 Glow Plug Circuit / Open
P0681,Cylinder 11 Glow Plug Circuit / Open
P0682,Cylinder 12 Glow Plug Circuit / Open
P0683,Glow Plug Control Module to PCM Communication Circuit
P0684,Glow Plug Control Module to PCM Communication Circuit Range/Performance
P0685,ECM/PCM Power Relay Control Circuit/Open
P0686,ECM/PCM Power Relay Control Circuit Low
P0687,ECM/PCM Power Relay Control Circuit High
P0688,ECM/PCM Power Relay Sense Circuit
P0689,ECM/PCM Power Relay Sense Circuit Low
P068A,ECM/PCM Power Relay De-Energized - Too Early
P068B,ECM/PCM Power Relay De-Energized - Too Late
P068C,Cylinder 7 Glow Plug Circuit Low
P068D,Cylinder 7 Glow Plug Circuit High
P068E,Cylinder 8 Glow Plug Circuit Low
P068F,Cylinder 8 Glow Plug Circuit High
P0690,ECM/PCM Power Relay Sense Circuit High
P0691,Fan 1 Control Circuit Low
P0692,Fan 1 Control Circuit High
P0693,Fan 2 Control Circuit Low
P0694,Fan 2 Control Circuit High
P0695,Fan 3 Control Circuit Low
P0696,Fan 3 Control Circuit High
P0697,Sensor Reference Voltage C Circuit / Open
P0698,Sensor Reference Voltage C Circuit Low
P0699,Sensor Reference Voltage C Circuit High
P069A,Cylinder 9 Glow Plug Circuit Low
P069B,Cylinder 9 Glow Plug Circuit High
P069C,Cylinder 10 Glow Plug Circuit Low
P069D,Cylinder 10 Glow Plug Circuit High
P069E,Fuel Pump Control Module Requested MIL Illumination
P069F,Throttle Actuator Control Lamp Control Circuit
P06A0,Variable A/C Compressor Control Circuit
P06A1,Variable A/C Compressor Control Circuit Low
P06A2,Variable A/C Compressor Control Circuit High
P06A3,Sensor Reference Voltage D Circuit/Open
P06A4,Sensor Reference Voltage D Circuit Low
P06A5,Sensor Reference Voltage D Circuit High
P06A6,Sensor Reference Voltage A Circuit Range/Performance
P06A7,Sensor Reference Voltage B Circuit Range/Performance
P06A8,Sensor Reference Voltage C Circuit Range/Performance
P06A9,Sensor Reference Voltage D Circuit Range/Performance
P06AA,PCM / ECM / TCM Internal Temperature B Too High
P06AB,PCM / ECM / TCM Internal Temperature Sensor B Circuit
P06AC,PCM / ECM / TCM Internal Temperature Sensor B Range/Performance
P06AD,PCM / ECM / TCM Internal Temperature Sensor B Circuit Low
P06AE,PCM / ECM / TCM Internal Temperature Sensor B Circuit High
P06AF,Torque Management System - Forced Engine Shutdown
P06B0,Sensor Power Supply A Circuit/Open
P06B1,Sensor Power Supply A Circuit Low
P06B2,Sensor Power Supply A Circuit High
P06B3,Sensor Power Supply B Circuit/Open
P06B4,Sensor Power Supply B Circuit Low
P06B5,Sensor Power Supply B Circuit High
P06B6,Internal Control Module Knock Sensor Processor 1 Performance
P06B7,Internal Control Module Knock Sensor Processor 2 Performance
P06B8,Internal Control Module Non-Volatile Random Access Memory (NVRAM) Error
P06B9,Cylinder 1 Glow Plug Circuit Range/Performance
P06BA,Cylinder 2 Glow Plug Circuit Range/Performance
P06BB,Cylinder 3 Glow Plug Circuit Range/Performance
P06BC,Cylinder 4 Glow Plug Circuit Range/Performance
P06BD,Cylinder 5 Glow Plug Circuit Range/Performance
P06BE,Cylinder 6 Glow Plug Circuit Range/Performance
P06BF,Cylinder 7 Glow Plug Circuit Range/Performance
P06C0,Cylinder 8 Glow Plug Circuit Range/Performance
P06C1,Cylinder 9 Glow Plug Circuit Range/Performance
P06C2,Cylinder 10 Glow Plug Circuit Range/Performance
P06C3,Cylinder 11 Glow Plug Circuit Range/Performance
P06C4,Cylinder 12 Glow Plug Circuit Range/Performance
P06C5,Cylinder 1 Glow Plug Incorrect
P06C6,Cylinder 2 Glow Plug Incorrect
P06C7,Cylinder 3 Glow Plug Incorrect
P06C8,Cylinder 4 Glow Plug Incorrect
P06C9,Cylinder 5 Glow Plug Incorrect
P06CA,Cylinder 6 Glow Plug Incorrect
P06CB,Cylinder 7 Glow Plug Incorrect
P06CC,Cylinder 8 Glow Plug Incorrect
P06CD,Cylinder 9 Glow Plug Incorrect
P06CE,Cylinder 10 Glow Plug Incorrect
P06CF,Cylinder 11 Glow Plug Incorrect
P06D0,Cylinder 12 Glow Plug Incorrect
P06D1,Internal Control Module Ignition Coil Control Module Performance
P06D2,Sensor Reference Voltage E Circuit / Open
P06D3,Sensor Reference Voltage E Circuit Low
P06D4,Sensor Reference Voltage E Circuit High
P06D5,Sensor Reference Voltage E Circuit Range/Performance
P06D6,Sensor Reference Voltage F Circuit / Open
P06D7,Sensor Reference Voltage F Circuit Low
P06D8,Sensor Reference Voltage F Circuit High
P06D9,Sensor Reference Voltage F Circuit Range/Performance
P06DA,Engine Oil Pressure Control Circuit / Open
P06DB,Engine Oil Pressure Control Circuit Low
P06DC,Engine Oil Pressure Control Circuit High
P06DD,Engine Oil Pressure Control Circuit Performance/Stuck Off
P06DE,Engine Oil Pressure Control Circuit Stuck On
P06DF,Glow Plug Control Module Memory Checksum Error
P06E0,Cylinder 11 Glow Plug Control Circuit Low
P06E1,Cylinder 11 Glow Plug Control Circuit High
P06E2,Cylinder 12 Glow Plug Control Circuit Low
P06E3,Cylinder 12 Glow Plug Control Circuit High
P06E4,Control Module Wake-up Circuit Performance
P06E5,Glow Plug Control Module 1 Performance
P06E6,Sensor Power Supply C Circuit/Open
P06E7,Sensor Power Supply C Circuit Low
P06E8,Sensor Power Supply C Circuit High
P06E9,Engine Starter Performance
P06EA,NOx Sensor Processor Performance (Bank 1 Sensor 1)
P06EB,NOx Sensor Processor Performance (Bank 1 Sensor 2)
P06EC,Fuel Injector Control Module Requested MIL Illumination
P06ED,Engine RPM Output Circuit Low
P06EE,Engine RPM Output Circuit High
P06EF,Engine Restart Performance
P06F0,Reductant Control Module Internal Temperature Sensor Circuit
P06F1,Reductant Control Module Internal Temperature Sensor Circuit Range/Performance
P06F2,Reductant Control Module Internal Temperature Sensor Circuit Low
P06F3,Reductant Control Module Internal Temperature Sensor Circuit High
P06F4,Stop-Start Lamp Control Circuit
P06F5,Glow Plug Control Module 2
P06F6,Glow Plug Control Module 2 Control Circuit/Open
P06F7,Glow Plug Control Module 2 Control Circuit Low
P06F8,Glow Plug Control Module 2 Control Circuit High
P06F9,Glow Plug Control Module 2 System Voltage
P06FA,Glow Plug Control Module 2 Performance
P06FB,Glow Plug Control Module 2 Memory Checksum Error
P06FC,Glow Plug Control Module 2 to PCM Communication Circuit
P06FD,Glow Plug Control Module 2 to PCM Communication Circuit Range/Performance
P06FE,Cold Start Diesel Intake Air Flow Control Performance
P06FF,Economy Mode Lamp Control Circuit
P0700,Transmission Control System (MIL Request)
P0701,Transmission Control System Range/Performance
P0702,Transmission Control System Electrical
P0703,Brake Switch B Circuit
P0704,Clutch Switch Input Circuit
P0705,Transmission Range Sensor A Circuit (PRNDL Input)
P0706,Transmission Range Sensor A Circuit Range/Performance
P0707,Transmission Range Sensor A Circuit Low 
P0708,Transmission Range Sensor A Circuit High 
P0709,Transmission Range Sensor A Circuit Intermittent
P070A,Transmission Fluid Level Sensor Circuit
P070B,Transmission Fluid Level Sensor Circuit Range/Performance
P070C,Transmission Fluid Level Sensor Circuit Low
P070D,Transmission Fluid Level Sensor Circuit High
P070E,Transmission Fluid Level Sensor Circuit Intermittent/Erratic
P070F,Transmission Fluid Level Too Low
P0710,Transmission Fluid Temperature Sensor A Circuit
P0711,Transmission Fluid Temperature Sensor A Circuit Range/Performance
P0712,Transmission Fluid Temperature Sensor A Circuit Low 
P0713,Transmission Fluid Temperature Sensor A Circuit High 
P0714,Transmission Fluid Temperature Sensor A Circuit Intermittent
P0715,Turbine/Input Shaft Speed Sensor A Circuit 
P0716,Turbine/Input Shaft Speed Sensor A Circuit Range/Performance
P0717,Turbine/Input Shaft Speed Sensor A Circuit No Signal
P0718,Turbine/Input Shaft Speed Sensor A Circuit Intermittent
P0719,Brake Switch B Circuit Low
P071A,Transmission Mode Switch A Circuit
P071B,Transmission Mode Switch A Circuit Low
P071C,Transmission Mode Switch A Circuit High
P071D,Transmission Mode Switch B Circuit
P071E,Transmission Mode Switch B Circuit Low
P071F,Transmission Mode Switch B Circuit High
P0720,Output Shaft Speed Sensor Circuit 
P0721,Output Shaft Speed Sensor Circuit Range/Performance
P0722,Output Shaft Speed Sensor Circuit No Signal
P0723,Output Shaft Speed Sensor Circuit Intermittent
P0724,Brake Switch B Circuit High
P0725,Engine Speed Input Circuit 
P0726,Engine Speed Input Circuit Range/Performance
P0727,Engine Speed Input Circuit No Signal
P0728,Engine Speed Input Circuit Intermittent
P0729,Gear 6 Incorrect Ratio
P072A,Stuck in Neutral
P072B,Stuck in Reverse
P072C,Stuck in Gear 1
P072D,Stuck in Gear 2
P072E,Stuck in Gear 3
P072F,Stuck in Gear 4
P0730,Incorrect Gear Ratio
P0731,Gear 1 Incorrect Ratio
P0732,Gear 2 Incorrect Ratio
P0733,Gear 3 Incorrect Ratio
P0734,Gear 4 Incorrect Ratio
P0735,Gear 5 Incorrect Ratio
P0736,Reverse Incorrect Ratio
P0737,TCM Engine Speed Output Circuit 
P0738,TCM Engine Speed Output Circuit Low
P0739,TCM Engine Speed Output Circuit High
P073A,Stuck in Gear 5
P073B,Stuck in Gear 6
P073C,Stuck in Gear 7
P073D,Unable to Engage Neutral
P073E,Unable to Engage Reverse
P073F,Unable to Engage Gear 1
P0740,Torque Converter Clutch Solenoid Circuit / Open
P0741,Torque Converter Clutch Solenoid Circuit Performance/Stuck Off
P0742,Torque Converter Clutch Solenoid Circuit Stuck On
P0743,Torque Converter Clutch Solenoid Circuit Electrical
P0744,Torque Converter Clutch Solenoid Circuit Intermittent
P0745,Pressure Control Solenoid A
P0746,Pressure Control Solenoid A Performance/Stuck Off
P0747,Pressure Control Solenoid A Stuck On
P0748,Pressure Control Solenoid A Electrical
P0749,Pressure Control Solenoid A Intermittent
P074A,Unable to Engage Gear 2
P074B,Unable to Engage Gear 3
P074C,Unable to Engage Gear 4
P074D,Unable to Engage Gear 5
P074E,Unable to Engage Gear 6
P074F,Unable to Engage Gear 7
P0750,Shift Solenoid A 
P0751,Shift Solenoid A Performance/Stuck Off
P0752,Shift Solenoid A Stuck On
P0753,Shift Solenoid A Electrical
P0754,Shift Solenoid A Intermittent
P0755,Shift Solenoid B 
P0756,Shift Solenoid B Performance/Stuck Off
P0757,Shift Solenoid B Stuck On
P0758,Shift Solenoid B Electrical
P0759,Shift Solenoid B Intermittent
P075A,Shift Solenoid G 
P075B,Shift Solenoid G Performance/Stuck Off
P075C,Shift Solenoid G Stuck On
P075D,Shift Solenoid G Electrical
P075E,Shift Solenoid G Intermittent
P075F,Transmission Fluid Level Too High
P0760,Shift Solenoid C 
P0761,Shift Solenoid C Performance/Stuck Off
P0762,Shift Solenoid C Stuck On
P0763,Shift Solenoid C Electrical
P0764,Shift Solenoid C Intermittent
P0765,Shift Solenoid D 
P0766,Shift Solenoid D Performance/Stuck Off
P0767,Shift Solenoid D Stuck On
P0768,Shift Solenoid D Electrical
P0769,Shift Solenoid D Intermittent
P076A,Shift Solenoid H 
P076B,Shift Solenoid H Performance/Stuck Off
P076C,Shift Solenoid H Stuck On
P076D,Shift Solenoid H Electrical
P076E,Shift Solenoid H Intermittent
P076F,Gear 7 Ratio Incorrect
P0770,Shift Solenoid E 
P0771,Shift Solenoid E Performance/Stuck Off
P0772,Shift Solenoid E Stuck On
P0773,Shift Solenoid E Electrical
P0774,Shift Solenoid E Intermittent
P0775,Pressure Control Solenoid B
P0776,Pressure Control Solenoid B Performance/Stuck Off
P0777,Pressure Control Solenoid B Stuck On
P0778,Pressure Control Solenoid B Electrical
P0779,Pressure Control Solenoid B Intermittent
P077A,Output Speed Sensor Circuit - Loss of Direction Signal
P077B,Output Speed Sensor Circuit - Direction Error
P077C,Output Speed Sensor Circuit Low
P077D,Output Speed Sensor Circuit High
P077E,Transmission Fluid Temperature Measurement System - Multiple Sensor Correlation
P077F,Reverse 2 Incorrect Ratio
P0780,Shift Malfunction
P0781,1-2 Shift
P0782,2-3 Shift
P0783,3-4 Shift
P0784,4-5 Shift
P0785,Shift/Timing Solenoid 
P0786,Shift/Timing Solenoid Range/Performance
P0787,Shift/Timing Solenoid Low
P0788,Shift/Timing Solenoid High
P0789,Shift/Timing Solenoid Intermittent
P078A,Shift Timing Solenoid B 
P078B,Shift Timing Solenoid B Range/Performance
P078C,Shift Timing Solenoid B Low
P078D,Shift Timing Solenoid B High
P078E,Shift Timing Solenoid B Intermittent
P078F,Transmission Mode Switch C Circuit
P0790,Normal/Performance Switch Circuit
P0791,Intermediate Shaft Speed Sensor A Circuit 
P0792,Intermediate Shaft Speed Sensor A Circuit Range/Performance
P0793,Intermediate Shaft Speed Sensor A Circuit No Signal
P0794,Intermediate Shaft Speed Sensor A Circuit Intermittent
P0795,Pressure Control Solenoid C
P0796,Pressure Control Solenoid C Performance/Stuck Off
P0797,Pressure Control Solenoid C Stuck On
P0798,Pressure Control Solenoid C Electrical
P0799,Pressure Control Solenoid C Intermittent
P079A,Transmission Friction Element A Slip Detected
P079B,Transmission Friction Element B Slip Detected
P079C,Transmission Friction Element C Slip Detected
P079D,Transmission Friction Element D Slip Detected
P079E,Transmission Friction Element E Slip Detected
P079F,Transmission Friction Element F Slip Detected
P07A0,Transmission Friction Element G Slip Detected
P07A1,Transmission Friction Element H Slip Detected
P07A2,Transmission Friction Element A Performance/Stuck Off
P07A3,Transmission Friction Element A Stuck On
P07A4,Transmission Friction Element B Performance/Stuck Off
P07A5,Transmission Friction Element B Stuck On
P07A6,Transmission Friction Element C Performance/Stuck Off
P07A7,Transmission Friction Element C Stuck On
P07A8,Transmission Friction Element D Performance/Stuck Off
P07A9,Transmission Friction Element D Stuck On
P07AA,Transmission Friction Element E Performance/Stuck Off
P07AB,Transmission Friction Element E Stuck On
P07AC,Transmission Friction Element F Performance/Stuck Off
P07AD,Transmission Friction Element F Stuck On
P07AE,Transmission Friction Element G Performance/Stuck Off
P07AF,Transmission Friction Element G Stuck On
P07B0,Transmission Friction Element H Performance/Stuck Off
P07B1,Transmission Friction Element H Stuck On
P07B2,Transmission Park Position Sensor/Switch A Circuit/Open
P07B3,Transmission Park Position Sensor/Switch A Circuit Low
P07B4,Transmission Park Position Sensor/Switch A Circuit High
P07B5,Transmission Park Position Sensor/Switch A Circuit Performance/Low
P07B6,Transmission Park Position Sensor/Switch A Circuit Performance High
P07B7,Transmission Park Position Sensor/Switch A Circuit Intermittent/Erratic
P07B8,Transmission Park Position Sensor/Switch B Circuit/Open
P07B9,Transmission Park Position Sensor/Switch B Circuit Low
P07BA,Transmission Park Position Sensor/Switch B Circuit High
P07BB,Transmission Park Position Sensor/Switch B Circuit Performance/Low
P07BC,Transmission Park Position Sensor/Switch B Circuit Performance High
P07BD,Transmission Park Position Sensor/Switch B Circuit Intermittent/Erratic
P07BE,Transmission Park Position Sensor/Switch A / B Correlation
P07BF,Input/Turbine Speed Sensor A Circuit Low
P07C0,Input/Turbine Speed Sensor A Circuit High
P07C1,Input/Turbine Speed Sensor B Circuit Low
P07C2,Input/Turbine Speed Sensor B Circuit High
P07C3,Input/Turbine Speed Sensor C Circuit Low
P07C4,Input/Turbine Speed Sensor C Circuit High
P07C5,Intermediate Shaft Speed Sensor A Circuit Low
P07C6,Intermediate Shaft Speed Sensor A Circuit High
P07C7,Intermediate Shaft Speed Sensor B Circuit Low
P07C8,Intermediate Shaft Speed Sensor B Circuit High
P07C9,Intermediate Shaft Speed Sensor C Circuit Low
P07CA,Intermediate Shaft Speed Sensor C Circuit High
P07CB,Transmission Fluid Thermostat Performance
P07CC,Transmission Mode Switch C Circuit Low
P07CD,Transmission Mode Switch C Circuit High
P07CE,Transmission Mode Switch D Circuit
P07CF,Transmission Mode Switch D Circuit Low
P07D0,Transmission Mode Switch D Circuit High
P07D1,Transmission Mode Switch E Circuit
P07D2,Transmission Mode Switch E Circuit Low
P07D3,Transmission Mode Switch E Circuit High
P07D4,Transmission Mode Switch F Circuit
P07D5,Transmission Mode Switch F Circuit Low
P07D6,Transmission Mode Switch F Circuit High
P07D7,Stuck in Gear 8
P07D8,Unable to Engage Gear 8
P07D9,Gear 8 Incorrect Ratio
P07DA,6-7 Shift
P07DB,7-8 Shift
P07DC,Incorrect Shift from Gear 1
P07DD,Incorrect Shift from Gear 2
P07DE,Incorrect Shift from Gear 3
P07DF,Incorrect Shift from Gear 4
P07E0,Incorrect Shift from Gear 5
P07E1,Incorrect Shift from Gear 6
P07E2,Incorrect Shift from Gear 7
P07E3,Incorrect Shift from Gear 8
P07E4,Unable to Engage Park
P07E5,Unable to Engage Drive
P07E6,Stuck in Park
P07E7,Stuck in Drive
P07E8,Transmission Range Control Circuit/Open
P07E9,Transmission Range Control Circuit Performance
P07EA,Transmission Range Control Circuit Low
P07EB,Transmission Range Control Circuit High
P07EC,Transmission Range Multi-Function Select Circuit
P07ED,Transmission Range Multi-Function Select Circuit Stuck
P07EE,Transmission Range Multi-Function Select Circuit Range/Performance
P07EF,Transmission Range Multi-Function Select Circuit Low
P07F0,Transmission Range Multi-Function Select Circuit High
P07F1,Input/Turbine Shaft Speed Sensor C Circuit
P07F2,Transmission Range Control Module Communication Circuit
P07F3,Transmission Range Control Module Communication Circuit Low
P07F4,Transmission Range Control Module Communication Circuit High
P07F5,Transmission Range Control Module System Voltage Low
P07F6,Gear 9 Incorrect Ratio
P07F7,Gear 10 Incorrect Ratio
P0800,Transfer Case Control System (MIL Request)
P0801,Reverse Inhibit Control Circuit
P0802,Transmission Control System MIL Request Circuit / Open
P0803,Upshift / Skip Shift Solenoid Control Circuit
P0804,Upshift / Skip Shift Lamp Control Circuit
P0805,Clutch Position Sensor Circuit 
P0806,Clutch Position Sensor Circuit Range/Performance
P0807,Clutch Position Sensor Circuit Low
P0808,Clutch Position Sensor Circuit High
P0809,Clutch Position Sensor Circuit Intermittent
P080A,Clutch Position Not Learned
P080B,Upshift / Skip Shift Solenoid Control Circuit Range/Performance
P080C,Upshift / Skip Shift Solenoid Control Circuit Low
P080D,Upshift / Skip Shift Solenoid Control Circuit High
P0810,Clutch Position Control Error
P0811,Excessive Clutch A Slippage
P0812,Reverse Input Circuit
P0813,Reverse Output Circuit
P0814,Transmission Range Display Circuit
P0815,Upshift Switch Circuit
P0816,Downshift Switch Circuit
P0817,Starter Disable Circuit / Open
P0818,Driveline Disconnect Switch Input Circuit
P0819,Up and Down Shift Switch to Transmission Range Correlation
P081A,Starter Disable Circuit Low
P081B,Starter Disable Circuit High
P081C,Park Input Circuit
P081D,Neutral Input Circuit
P081E,Excessive Clutch B Slippage
P081F,Brake Transmission Shift Interlock (BTSI) Signal Correlation
P0820,Gear Lever X-Y Position Sensor Circuit
P0821,Gear Lever X Position Sensor Circuit
P0822,Gear Lever Y Position Sensor Circuit
P0823,Gear Lever X Position Sensor Circuit Intermittent
P0824,Gear Lever Y Position Sensor Circuit Intermittent
P0825,Gear Lever Push/Pull Switch Circuit (Shift Anticipate)
P0826,Up and Down Switch Circuit
P0827,Up and Down Switch Circuit Low
P0828,Up and Down Switch Circuit High
P0829,5-6 Shift
P082A,Gear Lever X Position Sensor Circuit Range/Performance
P082B,Gear Lever X Position Sensor Circuit Low
P082C,Gear Lever X Position Sensor Circuit High
P082D,Gear Lever Y Position Sensor Circuit Range/Performance
P082E,Gear Lever Y Position Sensor Circuit Low
P082F,Gear Lever Y Position Sensor Circuit High
P0830,Clutch Pedal Switch A Circuit
P0831,Clutch Pedal Switch A Circuit Low
P0832,Clutch Pedal Switch A Circuit High
P0833,Clutch Pedal Switch B Circuit
P0834,Clutch Pedal Switch B Circuit Low
P0835,Clutch Pedal Switch B Circuit High
P0836,Four Wheel Drive (4WD) Switch Circuit
P0837,Four Wheel Drive (4WD) Switch Circuit Range/Performance
P0838,Four Wheel Drive (4WD) Switch Circuit Low
P0839,Four Wheel Drive (4WD) Switch Circuit High
P083A,Transmission Fluid Pressure Sensor/Switch G Circuit
P083B,Transmission Fluid Pressure Sensor/Switch G Circuit Range/Performance
P083C,Transmission Fluid Pressure Sensor/Switch G Circuit Low
P083D,Transmission Fluid Pressure Sensor/Switch G Circuit High
P083E,Transmission Fluid Pressure Sensor/Switch G Circuit Intermittent
P083F,Clutch Pedal Switch A / B Correlation
P0840,Transmission Fluid Pressure Sensor/Switch A Circuit
P0841,Transmission Fluid Pressure Sensor/Switch A Circuit Range/Performance
P0842,Transmission Fluid Pressure Sensor/Switch A Circuit Low
P0843,Transmission Fluid Pressure Sensor/Switch A Circuit High
P0844,Transmission Fluid Pressure Sensor/Switch A Circuit Intermittent
P0845,Transmission Fluid Pressure Sensor/Switch B Circuit
P0846,Transmission Fluid Pressure Sensor/Switch B Circuit Range/Performance
P0847,Transmission Fluid Pressure Sensor/Switch B Circuit Low
P0848,Transmission Fluid Pressure Sensor/Switch B Circuit High
P0849,Transmission Fluid Pressure Sensor/Switch B Circuit Intermittent
P084A,Transmission Fluid Pressure Sensor/Switch H Circuit
P084B,Transmission Fluid Pressure Sensor/Switch H Circuit Range/Performance
P084C,Transmission Fluid Pressure Sensor/Switch H Circuit Low
P084D,Transmission Fluid Pressure Sensor/Switch H Circuit High
P084E,Transmission Fluid Pressure Sensor/Switch H Circuit Intermittent
P084F,Park / Neutral Switch Output Circuit
P0850,Park / Neutral Switch Input Circuit
P0851,Park / Neutral Switch Input Circuit Low
P0852,Park / Neutral Switch Input Circuit High
P0853,Drive Switch Input Circuit
P0854,Drive Switch Input Circuit Low
P0855,Drive Switch Input Circuit High
P0856,Traction Control Input Signal
P0857,Traction Control Input Signal Range/Performance
P0858,Traction Control Input Signal Low
P0859,Traction Control Input Signal High
P085A,Gear Shift Module B Communication Circuit
P085B,Gear Shift Module B Communication Circuit Low
P085C,Gear Shift Module B Communication Circuit High
P085D,Gear Shift Control Module A Performance
P085E,Gear Shift Control Module B Performance
P0860,Gear Shift Module A Communication Circuit
P0861,Gear Shift Module A Communication Circuit Low
P0862,Gear Shift Module A Communication Circuit High
P0863,TCM Communication Circuit
P0864,TCM Communication Circuit Range/Performance
P0865,TCM Communication Circuit Low
P0866,TCM Communication Circuit High
P0867,Transmission Fluid Pressure
P0868,Transmission Fluid Pressure Low
P0869,Transmission Fluid Pressure High
P086A,Neutral Position Sensor A Circuit/Open
P086B,Neutral Position Sensor A Circuit Range/Performance
P086C,Neutral Position Sensor A Circuit Low
P086D,Neutral Position Sensor A Circuit High
P086E,Neutral Position Sensor A Circuit Intermittent/Erratic
P086F,Neutral Position Sensor A Not Learned
P0870,Transmission Fluid Pressure Sensor/Switch C Circuit
P0871,Transmission Fluid Pressure Sensor/Switch C Circuit Range/Performance
P0872,Transmission Fluid Pressure Sensor/Switch C Circuit Low
P0873,Transmission Fluid Pressure Sensor/Switch C Circuit High
P0874,Transmission Fluid Pressure Sensor/Switch C Circuit Intermittent
P0875,Transmission Fluid Pressure Sensor/Switch D Circuit
P0876,Transmission Fluid Pressure Sensor/Switch D Circuit Range/Performance
P0877,Transmission Fluid Pressure Sensor/Switch D Circuit Low
P0878,Transmission Fluid Pressure Sensor/Switch D Circuit High
P0879,Transmission Fluid Pressure Sensor/Switch D Circuit Intermittent
P087A,Clutch Position Sensor B Circuit 
P087B,Clutch Position Sensor B Circuit Range/Performance
P087C,Clutch Position Sensor B Circuit Low
P087D,Clutch Position Sensor B Circuit High
P087E,Clutch Position Sensor B Circuit Intermittent
P0880,TCM Power Input Signal
P0881,TCM Power Input Signal Range/Performance
P0882,TCM Power Input Signal Low
P0883,TCM Power Input Signal High
P0884,TCM Power Input Signal Intermittent
P0885,TCM Power Relay Control Circuit /Open
P0886,TCM Power Relay Control Circuit Low
P0887,TCM Power Relay Control Circuit High
P0888,TCM Power Relay Sense Circuit
P0889,TCM Power Relay Sense Circuit Range/Performance
P088A,Transmission Fluid Filter Deteriorated
P088B,Transmission Fluid Filter Very Deteriorated
P088C,Reverse Inhibit Control Circuit Low
P088D,Reverse Inhibit Control Circuit High
P0890,TCM Power Relay Sense Circuit Low
P0891,TCM Power Relay Sense Circuit High
P0892,TCM Power Relay Sense Circuit Intermittent
P0893,Multiple Gears Engaged
P0894,Transmission Component Slipping
P0895,Shift Time Too Short
P0896,Shift Time Too Long
P0897,Transmission Fluid Deteriorated
P0898,Transmission Control System MIL Request Circuit Low
P0899,Transmission Control System MIL Request Circuit High
P089A,Gear Lever X Position Sensor 2 Circuit
P089B,Gear Lever X Position Sensor 2 Circuit Range/Performance
P089C,Gear Lever X Position Sensor 2 Circuit Low
P089D,Gear Lever X Position Sensor 2 Circuit High
P089E,Gear Lever X Position Sensor 2 Circuit Intermittent/Erratic
P089F,Gear Lever Y Position Sensor 2 Circuit
P08A0,Gear Lever Y Position Sensor 2 Circuit Range/Performance
P08A1,Gear Lever Y Position Sensor 2 Circuit Low
P08A2,Gear Lever Y Position Sensor 2 Circuit High
P08A3,Gear Lever Y Position Sensor 2 Circuit Intermittent/Erratic
P08A4,Gear Lever X Position Sensor 1/2 Correlation
P08A5,Gear Lever Y Position Sensor 1/2 Correlation
P08A6,Gear Lever Position Sensor System - Multiple Sensor Correlation
P08A7,Clutch Pedal Position Sensor A Circuit/Open
P08A8,Clutch Pedal Position Sensor A Circuit Range/Performance
P08A9,Clutch Pedal Position Sensor A Circuit Low
P08AA,Clutch Pedal Position Sensor A Circuit High
P08AB,Clutch Pedal Position Sensor A Circuit Intermittent/Erratic
P08AC,Clutch Pedal Position Sensor A Not Learned
P08AD,Neutral Position Sensor B Circuit/Open
P08AE,Neutral Position Sensor B Circuit Range/Performance
P08AF,Neutral Position Sensor B Circuit Low
P08B0,Neutral Position Sensor B Circuit High
P08B1,Neutral Position Sensor B Circuit Intermittent/Erratic
P08B2,Neutral Position Sensor A/B Correlation
P08B3,Neutral Position Sensor B Not Learned
P08B4,Clutch Pedal Position Sensor B Circuit/Open
P08B5,Clutch Pedal Position Sensor B Circuit Range/Performance
P08B6,Clutch Pedal Position Sensor B Circuit Low
P08B7,Clutch Pedal Position Sensor B Circuit High
P08B8,Clutch Pedal Position Sensor B Circuit Intermittent/Erratic
P08B9,Clutch Pedal Position Sensor A/B Correlation
P0900,Clutch Actuator Circuit / Open
P0901,Clutch Actuator Circuit Range/Performance
P0902,Clutch Actuator Circuit Low
P0903,Clutch Actuator Circuit High
P0904,Gate Select Position Circuit [senses left / right position]
P0905,Gate Select Position Circuit Range/Performance
P0906,Gate Select Position Circuit Low
P0907,Gate Select Position Circuit High
P0908,Gate Select Position Circuit Intermittent
P0909,Gate Select Control Error
P090A,Clutch B Actuator Control Circuit/Open
P090B,Clutch B Actuator Control Circuit Performance
P090C,Clutch B Actuator Control Circuit Low
P090D,Clutch B Actuator Control Circuit High
P0910,Gate Select Actuator Circuit / Open [left / right motion]
P0911,Gate Select Actuator Circuit Range/Performance
P0912,Gate Select Actuator Circuit Low
P0913,Gate Select Actuator Circuit High
P0914,Gear Shift Position Circuit [senses forward / rearward position odd / even gears]
P0915,Gear Shift Position Circuit Range/Performance
P0916,Gear Shift Position Circuit Low
P0917,Gear Shift Position Circuit High
P0918,Gear Shift Position Circuit Intermittent
P0919,Gear Shift Position Control Error
P0920,Gear Shift Forward Actuator Circuit / Open [forward motion odd gears 1;3;5]
P0921,Gear Shift Forward Actuator Circuit Range/Performance
P0922,Gear Shift Forward Actuator Circuit Low
P0923,Gear Shift Forward Actuator Circuit High
P0924,Gear Shift Reverse Actuator Circuit / Open [rearward motion even gears 2;4;6]
P0925,Gear Shift Reverse Actuator Circuit Range/Performance
P0926,Gear Shift Reverse Actuator Circuit Low
P0927,Gear Shift Reverse Actuator Circuit High
P0928,Gear Shift Lock Solenoid Circuit / Open
P0929,Gear Shift Lock Solenoid Circuit Range/Performance
P092A,Gear Shift Lock Solenoid/Actuator Circuit B / Open
P092B,Gear Shift Lock Solenoid/Actuator Circuit B Range/Performance
P092C,Gear Shift Lock Solenoid/Actuator Circuit B Low
P092D,Gear Shift Lock Solenoid/Actuator Circuit B High
P0930,Gear Shift Lock Solenoid Circuit Low
P0931,Gear Shift Lock Solenoid Circuit High
P0932,Hydraulic Pressure Sensor Circuit
P0933,Hydraulic Pressure Sensor Range/Performance
P0934,Hydraulic Pressure Sensor Circuit Low 
P0935,Hydraulic Pressure Sensor Circuit High 
P0936,Hydraulic Pressure Sensor Circuit Intermittent
P0937,Hydraulic Oil Temperature Sensor Circuit
P0938,Hydraulic Oil Temperature Sensor Range/Performance
P0939,Hydraulic Oil Temperature Sensor Circuit Low 
P0940,Hydraulic Oil Temperature Sensor Circuit High 
P0941,Hydraulic Oil Temperature Sensor Circuit Intermittent
P0942,Hydraulic Pressure Unit
P0943,Hydraulic Pressure Unit Cycling Period Too Short
P0944,Hydraulic Pressure Unit Loss of Pressure
P0945,Hydraulic Pump Relay Circuit / Open
P0946,Hydraulic Pump Relay Circuit Range/Performance
P0947,Hydraulic Pump Relay Circuit Low
P0948,Hydraulic Pump Relay Circuit High
P0949,Auto Shift Manual Adaptive Learning Not Done
P0950,Auto Shift Manual Control Circuit [Up / Down / Auto / etc]
P0951,Auto Shift Manual Control Circuit Range/Performance
P0952,Auto Shift Manual Control Circuit Low
P0953,Auto Shift Manual Control Circuit High
P0954,Auto Shift Manual Control Circuit Intermittent
P0955,Auto Shift Manual Mode Circuit [Perf / Winter / Sport / etc]
P0956,Auto Shift Manual Mode Circuit Range/Performance
P0957,Auto Shift Manual Mode Circuit Low
P0958,Auto Shift Manual Mode Circuit High
P0959,Auto Shift Manual Mode Circuit Intermittent
P0960,Pressure Control Solenoid A Control Circuit / Open
P0961,Pressure Control Solenoid A Control Circuit Range/Performance
P0962,Pressure Control Solenoid A Control Circuit Low
P0963,Pressure Control Solenoid A Control Circuit High
P0964,Pressure Control Solenoid B Control Circuit / Open
P0965,Pressure Control Solenoid B Control Circuit Range/Performance
P0966,Pressure Control Solenoid B Control Circuit Low
P0967,Pressure Control Solenoid B Control Circuit High
P0968,Pressure Control Solenoid C Control Circuit / Open
P0969,Pressure Control Solenoid C Control Circuit Range/Performance
P0970,Pressure Control Solenoid C Control Circuit Low
P0971,Pressure Control Solenoid C Control Circuit High
P0972,Shift Solenoid A Control Circuit Range/Performance
P0973,Shift Solenoid A Control Circuit Low
P0974,Shift Solenoid A Control Circuit High
P0975,Shift Solenoid B Control Circuit Range/Performance
P0976,Shift Solenoid B Control Circuit Low
P0977,Shift Solenoid B Control Circuit High
P0978,Shift Solenoid C Control Circuit Range/Performance
P0979,Shift Solenoid C Control Circuit Low
P097A,Shift Solenoid A Control Circuit/Open
P097B,Shift Solenoid B Control Circuit/Open
P097C,Shift Solenoid C Control Circuit/Open
P097D,Shift Solenoid D Control Circuit/Open
P097E,Shift Solenoid E Control Circuit/Open
P097F,Shift Solenoid F Control Circuit/Open
P0980,Shift Solenoid C Control Circuit High
P0981,Shift Solenoid D Control Circuit Range/Performance
P0982,Shift Solenoid D Control Circuit Low
P0983,Shift Solenoid D Control Circuit High
P0984,Shift Solenoid E Control Circuit Range/Performance
P0985,Shift Solenoid E Control Circuit Low
P0986,Shift Solenoid E Control Circuit High
P0987,Transmission Fluid Pressure Sensor/Switch E Circuit
P0988,Transmission Fluid Pressure Sensor/Switch E Circuit Range/Performance
P0989,Transmission Fluid Pressure Sensor/Switch E Circuit Low
P0990,Transmission Fluid Pressure Sensor/Switch E Circuit High
P0991,Transmission Fluid Pressure Sensor/Switch E Circuit Intermittent
P0992,Transmission Fluid Pressure Sensor/Switch F Circuit
P0993,Transmission Fluid Pressure Sensor/Switch F Circuit Range/Performance
P0994,Transmission Fluid Pressure Sensor/Switch F Circuit Low
P0995,Transmission Fluid Pressure Sensor/Switch F Circuit High
P0996,Transmission Fluid Pressure Sensor/Switch F Circuit Intermittent
P0997,Shift Solenoid F Control Circuit Range/Performance
P0998,Shift Solenoid F Control Circuit Low
P0999,Shift Solenoid F Control Circuit High
P099A,Shift Solenoid G Control Circuit Range/Performance
P099B,Shift Solenoid G Control Circuit Low
P099C,Shift Solenoid G Control Circuit High
P099D,Shift Solenoid H Control Circuit Range/Performance
P099E,Shift Solenoid H Control Circuit Low
P099F,Shift Solenoid H Control Circuit High
P09A0,Shift Solenoid G Control Circuit/Open
P09A1,Shift Solenoid H Control Circuit/Open
P0A00,Motor Electronics Coolant Temperature Sensor Circuit
P0A01,Motor Electronics Coolant Temperature Sensor Circuit Range/Performance
P0A02,Motor Electronics Coolant Temperature Sensor Circuit Low
P0A03,Motor Electronics Coolant Temperature Sensor Circuit High
P0A04,Motor Electronics Coolant Temperature Sensor Circuit Intermittent
P0A05,Motor Electronics Coolant Pump Control Circuit / Open
P0A06,Motor Electronics Coolant Pump Control Circuit Low
P0A07,Motor Electronics Coolant Pump Control Circuit High
P0A08,DC/DC Converter Status Circuit / Open
P0A09,DC/DC Converter Status Circuit Low
P0A0A,High Voltage System Inter-lock Circuit
P0A0B,High Voltage System Inter-lock Circuit Performance
P0A0C,High Voltage System Inter-lock Circuit Low
P0A0D,High Voltage System Inter-lock Circuit High
P0A0E,High Voltage System Inter-lock Circuit Intermittent
P0A0F,Engine Failed to Start
P0A10,DC/DC Converter Status Circuit High
P0A11,DC/DC Converter Enable Circuit / Open
P0A12,DC/DC Converter Enable Circuit Low
P0A13,DC/DC Converter Enable Circuit High
P0A14,Engine Mount Control A Circuit / Open
P0A15,Engine Mount Control A Circuit Low
P0A16,Engine Mount Control A Circuit High
P0A17,Motor Torque Sensor Circuit
P0A18,Motor Torque Sensor Circuit Range/Performance
P0A19,Motor Torque Sensor Circuit Low
P0A1A,Generator Control Module
P0A1B,Drive Motor A Control Module
P0A1C,Drive Motor B Control Module
P0A1D,Hybrid Powertrain Control Module
P0A1E,Starter/Generator Control Module
P0A1F,Battery Energy Control Module
P0A20,Motor Torque Sensor Circuit High
P0A21,Motor Torque Sensor Circuit Intermittent
P0A22,Generator Torque Sensor Circuit
P0A23,Generator Torque Sensor Circuit Range/Performance
P0A24,Generator Torque Sensor Circuit Low
P0A25,Generator Torque Sensor Circuit High
P0A26,Generator Torque Sensor Circuit Intermittent
P0A27,Hybrid Battery Power Off Circuit
P0A28,Hybrid Battery Power Off Circuit Low
P0A29,Hybrid Battery Power Off Circuit High
P0A2A,Drive Motor A Temperature Sensor Circuit
P0A2B,Drive Motor A Temperature Sensor Circuit Range/Performance
P0A2C,Drive Motor A Temperature Sensor Circuit Low
P0A2D,Drive Motor A Temperature Sensor Circuit High
P0A2E,Drive Motor A Temperature Sensor Circuit Intermittent
P0A2F,Drive Motor A Over Temperature
P0A30,Drive Motor B Temperature Sensor Circuit
P0A31,Drive Motor B Temperature Sensor Circuit Range/Performance
P0A32,Drive Motor B Temperature Sensor Circuit Low
P0A33,Drive Motor B Temperature Sensor Circuit High
P0A34,Drive Motor B Temperature Sensor Circuit Intermittent
P0A35,Drive Motor B Over Temperature
P0A36,Generator Temperature Sensor Circuit
P0A37,Generator Temperature Sensor Circuit Range/Performance 
P0A38,Generator Temperature Sensor Circuit Low
P0A39,Generator Temperature Sensor Circuit High
P0A3A,Generator Temperature Sensor Circuit Intermittent
P0A3B,Generator Over Temperature
P0A3C,Drive Motor A Inverter Over Temperature
P0A3D,Drive Motor B Inverter Over Temperature
P0A3E,Generator Inverter Over Temperature
P0A3F,Drive Motor A Position Sensor Circuit
P0A40,Drive Motor A Position Sensor Circuit Range/Performance
P0A41,Drive Motor A Position Sensor Circuit Low
P0A42,Drive Motor A Position Sensor Circuit High
P0A43,Drive Motor A Position Sensor Circuit Intermittent
P0A44,Drive Motor A Position Sensor Circuit Overspeed
P0A45,Drive Motor B Position Sensor Circuit
P0A46,Drive Motor B Position Sensor Circuit Range/Performance
P0A47,Drive Motor B Position Sensor Circuit Low
P0A48,Drive Motor B Position Sensor Circuit High
P0A49,Drive Motor B Position Sensor Circuit Intermittent
P0A4A,Drive Motor B Position Sensor Circuit Overspeed
P0A4B,Generator Position Sensor Circuit
P0A4C,Generator Position Sensor Circuit Range/Performance
P0A4D,Generator Position Sensor Circuit Low
P0A4E,Generator Position Sensor Circuit High
P0A4F,Generator Position Sensor Circuit Intermittent
P0A50,Generator Position Sensor Circuit Overspeed
P0A51,Drive Motor A Current Sensor Circuit
P0A52,Drive Motor A Current Sensor Circuit Range/Performance
P0A53,Drive Motor A Current Sensor Circuit Low
P0A54,Drive Motor A Current Sensor Circuit High
P0A55,Drive Motor B Current Sensor Circuit
P0A56,Drive Motor B Current Sensor Circuit Range/Performance
P0A57,Drive Motor B Current Sensor Circuit Low
P0A58,Drive Motor B Current Sensor Circuit High
P0A59,Generator Current Sensor Circuit
P0A5A,Generator Current Sensor Circuit Range/Performance
P0A5B,Generator Current Sensor Circuit Low
P0A5C,Generator Current Sensor Circuit High
P0A5D,Drive Motor A Phase U Current
P0A5E,Drive Motor A Phase U Current Low
P0A5F,Drive Motor A Phase U Current High
P0A60,Drive Motor A Phase V Current
P0A61,Drive Motor A Phase V Current Low
P0A62,Drive Motor A Phase V Current High
P0A63,Drive Motor A Phase W Current
P0A64,Drive Motor A Phase W Current Low
P0A65,Drive Motor A Phase W Current High
P0A66,Drive Motor B Phase U Current
P0A67,Drive Motor B Phase U Current Low
P0A68,Drive Motor B Phase U Current High
P0A69,Drive Motor B Phase V Current
P0A6A,Drive Motor B Phase V Current Low
P0A6B,Drive Motor B Phase V Current High
P0A6C,Drive Motor B Phase W Current
P0A6D,Drive Motor B Phase W Current Low
P0A6E,Drive Motor B Phase W Current High
P0A6F,Generator Phase U Current
P0A70,Generator Phase U Current Low
P0A71,Generator Phase U Current High
P0A72,Generator Phase V Current
P0A73,Generator Phase V Current Low
P0A74,Generator Phase V Current High
P0A75,Generator Phase W Current
P0A76,Generator Phase W Current Low
P0A77,Generator Phase W Current High
P0A78,Drive Motor A Inverter Performance
P0A79,Drive Motor B Inverter Performance
P0A7A,Generator Inverter Performance
P0A7B,Battery Energy Control Module Requested MIL Illumination
P0A7C,Motor Electronics Over Temperature
P0A7D,Hybrid Battery Pack State of Charge Low
P0A7E,Hybrid Battery Pack Over Temperature
P0A7F,Hybrid Battery Pack Deterioration
P0A80,Replace Hybrid Battery Pack
P0A81,Hybrid Battery Pack Cooling Fan 1 Control Circuit
P0A82,Hybrid Battery Pack Cooling Fan 1 Performance/Stuck Off
P0A83,Hybrid Battery Pack Cooling Fan 1 Stuck On
P0A84,Hybrid Battery Pack Cooling Fan 1 Control Circuit Low
P0A85,Hybrid Battery Pack Cooling Fan 1 Control Circuit High
P0A86,14 Volt Power Module Current Sensor Circuit
P0A87,14 Volt Power Module Current Sensor Circuit Range/Performance
P0A88,14 Volt Power Module Current Sensor Circuit Low
P0A89,14 Volt Power Module Current Sensor Circuit High
P0A8A,14 Volt Power Module Current Sensor Circuit Intermittent
P0A8B,14 Volt Power Module System Voltage
P0A8C,14 Volt Power Module System Voltage Unstable
P0A8D,14 Volt Power Module System Voltage Low
P0A8E,14 Volt Power Module System Voltage High
P0A8F,14 Volt Power Module System Voltage Performance
P0A90,Drive Motor A Performance
P0A91,Drive Motor B Performance
P0A92,Hybrid Generator Performance
P0A93,Inverter Cooling System Performance
P0A94,DC/DC Converter Performance
P0A95,High Voltage Fuse
P0A96,Hybrid Battery Pack Cooling Fan 2 Control Circuit
P0A97,Hybrid Battery Pack Cooling Fan 2 Performance/Stuck Off
P0A98,Hybrid Battery Pack Cooling Fan 2 Stuck On
P0A99,Hybrid Battery Pack Cooling Fan 2 Control Circuit Low
P0A9A,Hybrid Battery Pack Cooling Fan 2 Control Circuit High
P0A9B,Hybrid Battery Temperature Sensor A Circuit
P0A9C,Hybrid Battery Temperature Sensor A Circuit Range/Performance
P0A9D,Hybrid Battery Temperature Sensor A Circuit Low
P0A9E,Hybrid Battery Temperature Sensor A Circuit High
P0A9F,Hybrid Battery Temperature Sensor A Circuit Intermittent/Erratic
P0AA0,Hybrid Battery Positive Contactor Circuit
P0AA1,Hybrid Battery Positive Contactor Circuit Stuck Closed
P0AA2,Hybrid Battery Positive Contactor Circuit Stuck Open
P0AA3,Hybrid Battery Negative Contactor Circuit
P0AA4,Hybrid Battery Negative Contactor Circuit Stuck Closed
P0AA5,Hybrid Battery Negative Contactor Circuit Stuck Open
P0AA6,Hybrid Battery Voltage System Isolation Fault
P0AA7,Hybrid Battery Voltage Isolation Sensor Circuit
P0AA8,Hybrid Battery Voltage Isolation Sensor Circuit Range/Performance
P0AA9,Hybrid Battery Voltage Isolation Sensor Circuit Low
P0AAA,Hybrid Battery Voltage Isolation Sensor Circuit High
P0AAB,Hybrid Battery Voltage Isolation Sensor Circuit Intermittent/Erratic
P0AAC,Hybrid Battery Pack Air Temperature Sensor A Circuit
P0AAD,Hybrid Battery Pack Air Temperature Sensor A Circuit Range/Performance
P0AAE,Hybrid Battery Pack Air Temperature Sensor A Circuit Low
P0AAF,Hybrid Battery Pack Air Temperature Sensor A Circuit High
P0AB0,Hybrid Battery Pack Air Temperature Sensor A Circuit Intermittent/Erratic
P0AB1,Hybrid Battery Pack Air Temperature Sensor B Circuit
P0AB2,Hybrid Battery Pack Air Temperature Sensor B Circuit Range/Performance
P0AB3,Hybrid Battery Pack Air Temperature Sensor B Circuit Low
P0AB4,Hybrid Battery Pack Air Temperature Sensor B Circuit High
P0AB5,Hybrid Battery Pack Air Temperature Sensor B Circuit Intermittent/Erratic
P0AB6,Engine Mount Control B Circuit / Open
P0AB7,Engine Mount Control B Circuit Low
P0AB8,Engine Mount Control B Circuit High
P0AB9,Hybrid System Performance
P0ABA,Hybrid Battery Pack Voltage Sense Circuit
P0ABB,Hybrid Battery Pack Voltage Sense Circuit Range / Performance
P0ABC,Hybrid Battery Pack Voltage Sense Circuit Low
P0ABD,Hybrid Battery Pack Voltage Sense Circuit High
P0ABE,Hybrid Battery Pack Voltage Sense Circuit Intermittent / Erratic
P0ABF,Hybrid Battery Pack Current Sensor A Circuit
P0AC0,Hybrid Battery Pack Current Sensor A Circuit Range / Performance
P0AC1,Hybrid Battery Pack Current Sensor A Circuit Low
P0AC2,Hybrid Battery Pack Current Sensor A Circuit High
P0AC3,Hybrid Battery Pack Current Sensor A Circuit Intermittent / Erratic
P0AC4,Hybrid Powertrain Control Module Requested MIL Illumination
P0AC5,Hybrid Battery Temperature Sensor B Circuit
P0AC6,Hybrid Battery Temperature Sensor B Circuit Range/Performance
P0AC7,Hybrid Battery Temperature Sensor B Circuit Low
P0AC8,Hybrid Battery Temperature Sensor B Circuit High
P0AC9,Hybrid Battery Temperature Sensor B Circuit Intermittent/Erratic
P0ACA,Hybrid Battery Temperature Sensor C Circuit
P0ACB,Hybrid Battery Temperature Sensor C Circuit Range/Performance
P0ACC,Hybrid Battery Temperature Sensor C Circuit Low
P0ACD,Hybrid Battery Temperature Sensor C Circuit High
P0ACE,Hybrid Battery Temperature Sensor C Circuit Intermittent/Erratic
P0ACF,Hybrid Battery Pack Cooling Fan 3 Control Circuit
P0AD0,Hybrid Battery Pack Cooling Fan 3 Performance/Stuck Off
P0AD1,Hybrid Battery Pack Cooling Fan 3 Stuck On
P0AD2,Hybrid Battery Pack Cooling Fan 3 Control Circuit Low
P0AD3,Hybrid Battery Pack Cooling Fan 3 Control Circuit High
P0AD4,Hybrid Battery Pack Air Flow System Insufficient Air Flow
P0AD5,Hybrid Battery Pack Air Flow Valve A Control Circuit/Open
P0AD6,Hybrid Battery Pack Air Flow Valve A Control Circuit Range/Performance GM
P0AD7,Hybrid Battery Pack Air Flow Valve A Control Circuit Low
P0AD8,Hybrid Battery Pack Air Flow Valve A Control Circuit High
P0AD9,Hybrid Battery Positive Contactor Control Circuit/Open GM
P0ADA,Hybrid Battery Positive Contactor Control Circuit Range/Performance
P0ADB,Hybrid Battery Positive Contactor Control Circuit Low
P0ADC,Hybrid Battery Positive Contactor Control Circuit High
P0ADD,Hybrid Battery Negative Contactor Control Circuit/Open
P0ADE,Hybrid Battery Negative Contactor Control Circuit Range/Performance
P0ADF,Hybrid Battery Negative Contactor Control Circuit Low
P0AE0,Hybrid Battery Negative Contactor Control Circuit High
P0AE1,Hybrid Battery Precharge Contactor Circuit
P0AE2,Hybrid Battery Precharge Contactor Circuit Stuck Closed
P0AE3,Hybrid Battery Precharge Contactor Circuit Stuck Open
P0AE4,Hybrid Battery Precharge Contactor Control Circuit
P0AE5,Hybrid Battery Precharge Contactor Control Circuit Range/Performance
P0AE6,Hybrid Battery Precharge Contactor Control Circuit Low
P0AE7,Hybrid Battery Precharge Contactor Control Circuit High
P0AE8,Hybrid Battery Temperature Sensor D Circuit
P0AE9,Hybrid Battery Temperature Sensor D Range/Performance
P0AEA,Hybrid Battery Temperature Sensor D Circuit Low
P0AEB,Hybrid Battery Temperature Sensor D Circuit High
P0AEC,Hybrid Battery Temperature Sensor D Circuit Intermittent/Erratic
P0AED,Drive Motor Inverter Temperature Sensor A Circuit
P0AEE,Drive Motor Inverter Temperature Sensor A Circuit Range/Performance
P0AEF,Drive Motor Inverter Temperature Sensor A Circuit Low
P0AF0,Drive Motor Inverter Temperature Sensor A Circuit High
P0AF1,Drive Motor Inverter Temperature Sensor A Circuit Intermittent/Erratic
P0AF2,Drive Motor Inverter Temperature Sensor B Circuit
P0AF3,Drive Motor Inverter Temperature Sensor B Circuit Range/Performance
P0AF4,Drive Motor Inverter Temperature Sensor B Circuit Low
P0AF5,Drive Motor Inverter Temperature Sensor B Circuit High
P0AF6,Drive Motor Inverter Temperature Sensor B Circuit Intermittent/Erratic
P0AF7,14 Volt Power Module Internal Temperature Too High
P0AF8,Hybrid Battery System Voltage
P0AF9,Hybrid Battery System Voltage Unstable
P0AFA,Hybrid Battery System Voltage Low
P0AFB,Hybrid Battery System Voltage High
P0AFC,Hybrid Battery Pack Sensor Module
P0AFD,Hybrid Battery Pack Temperature Too Low
P0AFE,Hybrid Battery System Voltage Too Low for Voltage Step Up Conversion
P0AFF,System Voltage Too Low for Voltage Step Down Conversion
P0B00,Auxilliary Transmission Fluid Pump Motor Phase U Current
P0B01,Auxilliary Transmission Fluid Pump Motor Phase U Current Low
P0B02,Auxilliary Transmission Fluid Pump Motor Phase U Current High
P0B03,Auxilliary Transmission Fluid Pump Motor Phase V Current
P0B04,Auxilliary Transmission Fluid Pump Motor Phase V Current Low
P0B05,Auxilliary Transmission Fluid Pump Motor Phase V Current High
P0B06,Auxilliary Transmission Fluid Pump Motor Phase W Current
P0B07,Auxilliary Transmission Fluid Pump Motor Phase W Current Low
P0B08,Auxilliary Transmission Fluid Pump Motor Phase W Current High
P0B09,Auxilliary Transmission Fluid Pump Motor Supply Voltage Circuit / Open
P0B0A,Auxilliary Transmission Fluid Pump Motor Supply Voltage Circuit Low
P0B0B,Auxilliary Transmission Fluid Pump Motor Supply Voltage Circuit High
P0B0C,Auxilliary Transmission Fluid Pump Hydraulic Leakage
P0B0D,Auxilliary Transmission Fluid Pump Motor Control Module
P0B0E,Hybrid Battery Pack Current Sensor B Circuit
P0B0F,Hybrid Battery Pack Current Sensor B Circuit Range / Performance
P0B10,Hybrid Battery Pack Current Sensor B Circuit Low
P0B11,Hybrid Battery Pack Current Sensor B Circuit High
P0B12,Hybrid Battery Pack Current Sensor B Circuit Intermittent / Erratic
P0B13,Hybrid Battery Pack Current Sensor A/B Correlation
P0B14,Hybrid Battery Pack Voltage Sense B Circuit
P0B15,Hybrid Battery Pack Voltage Sense B Circuit Range / Performance
P0B16,Hybrid Battery Pack Voltage Sense B Circuit Low
P0B17,Hybrid Battery Pack Voltage Sense B Circuit High
P0B18,Hybrid Battery Pack Voltage Sense B Circuit Intermittent / Erratic
P0B19,Hybrid Battery Pack Voltage Sense C Circuit
P0B1A,Hybrid Battery Pack Voltage Sense C Circuit Range / Performance
P0B1B,Hybrid Battery Pack Voltage Sense C Circuit Low
P0B1C,Hybrid Battery Pack Voltage Sense C Circuit High
P0B1D,Hybrid Battery Pack Voltage Sense C Circuit Intermittent / Erratic
P0B1E,Hybrid Battery Pack Voltage Sense D Circuit
P0B1F,Hybrid Battery Pack Voltage Sense D Circuit Range / Performance
P0B20,Hybrid Battery Pack Voltage Sense D Circuit Low
P0B21,Hybrid Battery Pack Voltage Sense D Circuit High
P0B22,Hybrid Battery Pack Voltage Sense D Circuit Intermittent / Erratic
P0B23,Hybrid Battery A Voltage
P0B24,Hybrid Battery A Voltage Unstable
P0B25,Hybrid Battery A Voltage Low
P0B26,Hybrid Battery A Voltage High
P0B27,Hybrid Battery B Voltage 
P0B28,Hybrid Battery B Voltage Unstable
P0B29,Hybrid Battery B Voltage Low
P0B2A,Hybrid Battery B Voltage High
P0B2B,Hybrid Battery C Voltage 
P0B2C,Hybrid Battery C Voltage Unstable
P0B2D,Hybrid Battery C Voltage Low
P0B2E,Hybrid Battery C Voltage High
P0B2F,Hybrid Battery D Voltage
P0B30,Hybrid Battery D Voltage Unstable
P0B31,Hybrid Battery D Voltage Low
P0B32,Hybrid Battery D Voltage High
P0B33,High Voltage Service Disconnect Circuit
P0B34,High Voltage Service Disconnect Circuit Performance
P0B35,High Voltage Service Disconnect Circuit Low
P0B36,High Voltage Service Disconnect Circuit High
P0B37,High Voltage Service Disconnect Open
P0B38,Motor Electronics Coolant Pump B Control Circuit / Open
P0B39,Motor Electronics Coolant Pump B Control Circuit Low
P0B3A,Motor Electronics Coolant Pump B Control Circuit High
P0B3B,Hybrid Battery Voltage Sense A Circuit
P0B3C,Hybrid Battery Voltage Sense A Circuit Range/Performance
P0B3D,Hybrid Battery Voltage Sense A Circuit Low
P0B3E,Hybrid Battery Voltage Sense A Circuit High
P0B3F,Hybrid Battery Voltage Sense A Circuit Intermittent / Erratic
P0B40,Hybrid Battery Voltage Sense B Circuit
P0B41,Hybrid Battery Voltage Sense B Circuit Range/Performance
P0B42,Hybrid Battery Voltage Sense B Circuit Low
P0B43,Hybrid Battery Voltage Sense B Circuit High
P0B44,Hybrid Battery Voltage Sense B Circuit Intermittent / Erratic
P0B45,Hybrid Battery Voltage Sense C Circuit
P0B46,Hybrid Battery Voltage Sense C Circuit Range/Performance
P0B47,Hybrid Battery Voltage Sense C Circuit Low
P0B48,Hybrid Battery Voltage Sense C Circuit High
P0B49,Hybrid Battery Voltage Sense C Circuit Intermittent / Erratic
P0B4A,Hybrid Battery Voltage Sense D Circuit
P0B4B,Hybrid Battery Voltage Sense D Circuit Range/Performance
P0B4C,Hybrid Battery Voltage Sense D Circuit Low
P0B4D,Hybrid Battery Voltage Sense D Circuit High
P0B4E,Hybrid Battery Voltage Sense D Circuit Intermittent / Erratic
P0B4F,Hybrid Battery Voltage Sense E Circuit
P0B50,Hybrid Battery Voltage Sense E Circuit Range/Performance
P0B51,Hybrid Battery Voltage Sense E Circuit Low
P0B52,Hybrid Battery Voltage Sense E Circuit High
P0B53,Hybrid Battery Voltage Sense E Circuit Intermittent / Erratic
P0B54,Hybrid Battery Voltage Sense F Circuit
P0B55,Hybrid Battery Voltage Sense F Circuit Range/Performance
P0B56,Hybrid Battery Voltage Sense F Circuit Low
P0B57,Hybrid Battery Voltage Sense F Circuit High
P0B58,Hybrid Battery Voltage Sense F Circuit Intermittent / Erratic
P0B59,Hybrid Battery Voltage Sense G Circuit
P0B5A,Hybrid Battery Voltage Sense G Circuit Range/Performance
P0B5B,Hybrid Battery Voltage Sense G Circuit Low
P0B5C,Hybrid Battery Voltage Sense G Circuit High
P0B5D,Hybrid Battery Voltage Sense G Circuit Intermittent / Erratic
P0B5E,Hybrid Battery Voltage Sense H Circuit
P0B5F,Hybrid Battery Voltage Sense H Circuit Range/Performance
P0B60,Hybrid Battery Voltage Sense H Circuit Low
P0B61,Hybrid Battery Voltage Sense H Circuit High
P0B62,Hybrid Battery Voltage Sense H Circuit Intermittent / Erratic
P0B63,Hybrid Battery Voltage Sense I Circuit
P0B64,Hybrid Battery Voltage Sense I Circuit Range/Performance
P0B65,Hybrid Battery Voltage Sense I Circuit Low
P0B66,Hybrid Battery Voltage Sense I Circuit High
P0B67,Hybrid Battery Voltage Sense I Circuit Intermittent / Erratic
P0B68,Hybrid Battery Voltage Sense J Circuit
P0B69,Hybrid Battery Voltage Sense J Circuit Range/Performance
P0B6A,Hybrid Battery Voltage Sense J Circuit Low
P0B6B,Hybrid Battery Voltage Sense J Circuit High
P0B6C,Hybrid Battery Voltage Sense J Circuit Intermittent / Erratic
P0B6D,Hybrid Battery Voltage Sense K Circuit
P0B6E,Hybrid Battery Voltage Sense K Circuit Range/Performance
P0B6F,Hybrid Battery Voltage Sense K Circuit Low
P0B70,Hybrid Battery Voltage Sense K Circuit High
P0B71,Hybrid Battery Voltage Sense K Circuit Intermittent / Erratic
P0B72,Hybrid Battery Voltage Sense L Circuit
P0B73,Hybrid Battery Voltage Sense L Circuit Range/Performance
P0B74,Hybrid Battery Voltage Sense L Circuit Low
P0B75,Hybrid Battery Voltage Sense L Circuit High
P0B76,Hybrid Battery Voltage Sense L Circuit Intermittent / Erratic
P0B77,Hybrid Battery Voltage Sense M Circuit
P0B78,Hybrid Battery Voltage Sense M Circuit Range/Performance
P0B79,Hybrid Battery Voltage Sense M Circuit Low
P0B7A,Hybrid Battery Voltage Sense M Circuit High
P0B7B,Hybrid Battery Voltage Sense M Circuit Intermittent / Erratic
P0B7C,Hybrid Battery Voltage Sense N Circuit
P0B7D,Hybrid Battery Voltage Sense N Circuit Range / Performance
P0B7E,Hybrid Battery Voltage Sense N Circuit Low
P0B7F,Hybrid Battery Voltage Sense N Circuit High
P0B80,Hybrid Battery Voltage Sense N Circuit Intermittent / Erratic
P0B81,Hybrid Battery Voltage Sense O Circuit
P0B82,Hybrid Battery Voltage Sense O Circuit Range / Performance
P0B83,Hybrid Battery Voltage Sense O Circuit Low
P0B84,Hybrid Battery Voltage Sense O Circuit High
P0B85,Hybrid Battery Voltage Sense O Circuit Intermittent / Erratic
P0B86,Hybrid Battery Voltage Sense P Circuit
P0B87,Hybrid Battery Voltage Sense P Circuit Range / Performance
P0B88,Hybrid Battery Voltage Sense P Circuit Low
P0B89,Hybrid Battery Voltage Sense P Circuit High
P0B8A,Hybrid Battery Voltage Sense P Circuit Intermittent / Erratic
P0B8B,Hybrid Battery Voltage Sense Q Circuit
P0B8C,Hybrid Battery Voltage Sense Q Circuit Range / Performance
P0B8D,Hybrid Battery Voltage Sense Q Circuit Low
P0B8E,Hybrid Battery Voltage Sense Q Circuit High
P0B8F,Hybrid Battery Voltage Sense Q Circuit Intermittent / Erratic
P0B90,Hybrid Battery Voltage Sense R Circuit
P0B91,Hybrid Battery Voltage Sense R Circuit Range / Performance
P0B92,Hybrid Battery Voltage Sense R Circuit Low
P0B93,Hybrid Battery Voltage Sense R Circuit High
P0B94,Hybrid Battery Voltage Sense R Circuit Intermittent / Erratic
P0B95,Hybrid Battery Voltage Sense S Circuit
P0B96,Hybrid Battery Voltage Sense S Circuit Range / Performance
P0B97,Hybrid Battery Voltage Sense S Circuit Low
P0B98,Hybrid Battery Voltage Sense S Circuit High
P0B99,Hybrid Battery Voltage Sense S Circuit Intermittent / Erratic
P0B9A,Hybrid Battery Voltage Sense T Circuit
P0B9B,Hybrid Battery Voltage Sense T Circuit Range / Performance
P0B9C,Hybrid Battery Voltage Sense T Circuit Low
P0B9D,Hybrid Battery Voltage Sense T Circuit High
P0B9E,Hybrid Battery Voltage Sense T Circuit Intermittent / Erratic
P0B9F,Hybrid Battery Voltage Sense U Circuit
P0BA0,Hybrid Battery Voltage Sense U Circuit Range / Performance
P0BA1,Hybrid Battery Voltage Sense U Circuit Low
P0BA2,Hybrid Battery Voltage Sense U Circuit High
P0BA3,Hybrid Battery Voltage Sense U Circuit Intermittent / Erratic
P0BA4,Hybrid Battery Voltage Sense V Circuit
P0BA5,Hybrid Battery Voltage Sense V Circuit Range / Performance
P0BA6,Hybrid Battery Voltage Sense V Circuit Low
P0BA7,Hybrid Battery Voltage Sense V Circuit High
P0BA8,Hybrid Battery Voltage Sense V Circuit Intermittent / Erratic
P0BA9,Hybrid Battery Voltage Sense W Circuit
P0BAA,Hybrid Battery Voltage Sense W Circuit Range / Performance
P0BAB,Hybrid Battery Voltage Sense W Circuit Low
P0BAC,Hybrid Battery Voltage Sense W Circuit High
P0BAD,Hybrid Battery Voltage Sense W Circuit Intermittent / Erratic
P0BAE,Hybrid Battery Voltage Sense X Circuit
P0BAF,Hybrid Battery Voltage Sense X Circuit Range / Performance
P0BB0,Hybrid Battery Voltage Sense X Circuit Low
P0BB1,Hybrid Battery Voltage Sense X Circuit High
P0BB2,Hybrid Battery Voltage Sense X Circuit Intermittent / Erratic
P0BB3,Hybrid Battery Voltage Sense Y Circuit
P0BB4,Hybrid Battery Voltage Sense Y Circuit Range / Performance
P0BB5,Hybrid Battery Voltage Sense Y Circuit Low
P0BB6,Hybrid Battery Voltage Sense Y Circuit High
P0BB7,Hybrid Battery Voltage Sense Y Circuit Intermittent / Erratic
P0BB8,Hybrid Battery Voltage Sense Z Circuit
P0BB9,Hybrid Battery Voltage Sense Z Circuit Range / Performance
P0BBA,Hybrid Battery Voltage Sense Z Circuit Low
P0BBB,Hybrid Battery Voltage Sense Z Circuit High
P0BBC,Hybrid Battery Voltage Sense Z Circuit Intermittent / Erratic
P0BBD,Hybrid Battery Pack Voltage Variation Exceeded Limit
P0BBE,Hybrid Battery Pack Voltage Variation
P0BBF,Hybrid Battery Pack Cooling Fan Supply Voltage Circuit / Open
P0BC0,Hybrid Battery Pack Cooling Fan Supply Voltage Circuit Low
P0BC1,Hybrid Battery Pack Cooling Fan Supply Voltage Circuit High
P0BC2,Hybrid Battery Temperature Sensor E Circuit
P0BC3,Hybrid Battery Temperature Sensor E Circuit Range/Performance
P0BC4,Hybrid Battery Pack Air Temperature Sensor E Circuit Low
P0BC5,Hybrid Battery Pack Air Temperature Sensor E Circuit High
P0BC6,Hybrid Battery Temperature Sensor E Circuit Intermittent/Erratic
P0BC7,Hybrid Battery Pack Cooling Fan Sense Circuit / Open
P0BC8,Hybrid Battery Pack Cooling Fan Sense Circuit Range/Performance
P0BC9,Hybrid Battery Pack Cooling Fan Sense Circuit Low
P0BCA,Hybrid Battery Pack Cooling Fan Sense Circuit High
P0BCB,Hybrid Battery Pack Cooling Fan Sense Circuit Intermittent/Erratic
P0BCC,Generator Inverter Temperature Sensor Circuit
P0BCD,Generator Inverter Temperature Sensor Circuit Range/Performance
P0BCE,Generator Inverter Temperature Sensor Circuit Low
P0BCF,Generator Inverter Temperature Sensor Circuit High
P0BD0,Generator Inverter Temperature Sensor Circuit Intermittent/Erratic
P0BD1,Drive Motor Inverter Temperature Sensor C Circuit
P0BD2,Drive Motor Inverter Temperature Sensor C Circuit Range/Performance
P0BD3,Drive Motor Inverter Temperature Sensor C Circuit Low
P0BD4,Drive Motor Inverter Temperature Sensor C Circuit High
P0BD5,Drive Motor Inverter Temperature Sensor C Circuit Intermittent/Erratic
P0BD6,Drive Motor Inverter Temperature Sensor D Circuit
P0BD7,Drive Motor Inverter Temperature Sensor D Circuit Range/Performance
P0BD8,Drive Motor Inverter Temperature Sensor D Circuit Low
P0BD9,Drive Motor Inverter Temperature Sensor D Circuit High
P0BDA,Drive Motor Inverter Temperature Sensor D Circuit Intermittent/Erratic
P0BDB,Drive Motor Inverter Temperature Sensor E Circuit
P0BDC,Drive Motor Inverter Temperature Sensor E Circuit Range/Performance
P0BDD,Drive Motor Inverter Temperature Sensor E Circuit Low
P0BDE,Drive Motor Inverter Temperature Sensor E Circuit High
P0BDF,Drive Motor Inverter Temperature Sensor E Circuit Intermittent/Erratic
P0BE0,Drive Motor Inverter Temperature Sensor F Circuit
P0BE1,Drive Motor Inverter Temperature Sensor F Circuit Range/Performance
P0BE2,Drive Motor Inverter Temperature Sensor F Circuit Low
P0BE3,Drive Motor Inverter Temperature Sensor F Circuit High
P0BE4,Drive Motor Inverter Temperature Sensor F Circuit Intermittent/Erratic
P0BE5,Drive Motor A Phase U Current Sensor Circuit
P0BE6,Drive Motor A Phase U Current Sensor Circuit Range/Performance
P0BE7,Drive Motor A Phase U Current Sensor Circuit Low
P0BE8,Drive Motor A Phase U Current Sensor Circuit High
P0BE9,Drive Motor A Phase V Current Sensor Circuit
P0BEA,Drive Motor A Phase V Current Sensor Circuit Range/Performance
P0BEB,Drive Motor A Phase V Current Sensor Circuit Low
P0BEC,Drive Motor A Phase V Current Sensor Circuit High
P0BED,Drive Motor A Phase W Current Sensor Circuit
P0BEE,Drive Motor A Phase W Current Sensor Circuit Range/Performance
P0BEF,Drive Motor A Phase W Current Sensor Circuit Low
P0BF0,Drive Motor A Phase W Current Sensor Circuit High
P0BF1,Drive Motor B Phase U Current Sensor Circuit
P0BF2,Drive Motor B Phase U Current Sensor Circuit Range/Performance
P0BF3,Drive Motor B Phase U Current Sensor Circuit Low
P0BF4,Drive Motor B Phase U Current Sensor Circuit High
P0BF5,Drive Motor B Phase V Current Sensor Circuit
P0BF6,Drive Motor B Phase V Current Sensor Circuit Range/Performance
P0BF7,Drive Motor B Phase V Current Sensor Circuit Low
P0BF8,Drive Motor B Phase V Current Sensor Circuit High
P0BF9,Drive Motor B Phase W Current Sensor Circuit
P0BFA,Drive Motor B Phase W Current Sensor Circuit Range/Performance
P0BFB,Drive Motor B Phase W Current Sensor Circuit Low
P0BFC,Drive Motor B Phase W Current Sensor Circuit High
P0BFD,Drive Motor A Phase U-V-W Current Sensor Correlation
P0BFE,Drive Motor B Phase U-V-W Current Sensor Correlation
P0BFF,Drive Motor A Current
P0C00,Drive Motor A Current Low
P0C01,Drive Motor A Current High
P0C02,Drive Motor B Current
P0C03,Drive Motor B Current Low
P0C04,Drive Motor B Current High
P0C05,Drive Motor A Phase U-V-W Circuit / Open
P0C06,Drive Motor A Phase U-V-W Circuit Low
P0C07,Drive Motor A Phase U-V-W Circuit High
P0C08,Drive Motor B Phase U-V-W Circuit / Open
P0C09,Drive Motor B Phase U-V-W Circuit Low
P0C0A,Drive Motor B Phase U-V-W Circuit High
P0C0B,Drive Motor A Inverter Power Supply Circuit / Open
P0C0C,Drive Motor A Inverter Power Supply Circuit Low
P0C0D,Drive Motor A Inverter Power Supply Circuit High
P0C0E,Drive Motor A Inverter Power Supply Circuit / Open
P0C0F,Drive Motor A Inverter Power Supply Circuit Low
P0C10,Drive Motor A Inverter Power Supply Circuit High
P0C11,Drive Motor A Inverter Phase U Over Temperature
P0C12,Drive Motor A Inverter Phase V Over Temperature
P0C13,Drive Motor A Inverter Phase W Over Temperature
P0C14,Drive Motor B Inverter Phase U Over Temperature
P0C15,Drive Motor B Inverter Phase V Over Temperature
P0C16,Drive Motor B Inverter Phase W Over Temperature
P0C17,Drive Motor A Position Sensor Not Learned
P0C18,Drive Motor B Position Sensor Not Learned
P0C19,Drive Motor A Torque Delivered Performance
P0C1A,Drive Motor B Torque Delivered Performance
P0C1B,Auxiliary Transmission Fluid Pump Control Module Internal Temperature Too High
P0C1C,Auxiliary Transmission Fluid Pump Control Module Internal Temperature Sensor Circuit
P0C1D,Auxiliary Transmission Fluid Pump Control Module Internal Temperature Sensor Circuit Range/Performance
P0C1E,Auxiliary Transmission Fluid Pump Control Module Internal Temperature Sensor Circuit Low
P0C1F,Auxiliary Transmission Fluid Pump Control Module Internal Temperature Sensor Circuit High
P0C20,Auxiliary Transmission Fluid Pump Phase U-V-W Circuit / Open
P0C21,Auxiliary Transmission Fluid Pump Phase U-V-W Circuit Low
P0C22,Auxiliary Transmission Fluid Pump Phase U-V-W Circuit High
P0C23,Auxiliary Transmission Fluid Pump Control Module Circuit / Open
P0C24,Auxiliary Transmission Fluid Pump Control Module Circuit Low
P0C25,Auxiliary Transmission Fluid Pump Control Module Circuit High
P0C26,Auxiliary Transmission Fluid Pump Motor Current
P0C27,Auxiliary Transmission Fluid Pump Motor Current Low
P0C28,Auxiliary Transmission Fluid Pump Motor Current High
P0C29,Auxiliary Transmission Fluid Pump Driver Circuit Performance
P0C2A,Auxiliary Transmission Fluid Pump Motor Stalled
P0C2B,Auxiliary Transmission Fluid Pump Control Module Feedback Signal
P0C2C,Auxiliary Transmission Fluid Pump Control Module Feedback Signal Range/Performance
P0C2D,Auxiliary Transmission Fluid Pump Control Module Feedback Signal Low
P0C2E,Auxiliary Transmission Fluid Pump Control Module Feedback Signal High
P0C2F,Internal Control Module Drive Motor/Generator-Engine Speed Sensor Performance
P0C30,Hybrid Battery Pack State of Charge High
P0C31,Inverter B Cooling System Performance
P0C32,Hybrid Battery Cooling System Performance
P0C33,Hybrid Battery Temperature Sensor F Circuit
P0C34,Hybrid Battery Temperature Sensor F Circuit Range/Performance
P0C35,Hybrid Battery Temperature Sensor F Circuit Low
P0C36,Hybrid Battery Temperature Sensor F Circuit High
P0C37,Hybrid Battery Temperature Sensor F Circuit Intermittent/Erratic
P0C38,DC/DC Converter Temperature Sensor A Circuit
P0C39,DC/DC Converter Temperature Sensor A Circuit Range/Performance
P0C3A,DC/DC Converter Temperature Sensor A Circuit Low
P0C3B,DC/DC Converter Temperature Sensor A Circuit High
P0C3C,DC/DC Converter Temperature Sensor A Circuit Intermittent/Erratic
P0C3D,DC/DC Converter Temperature Sensor B Circuit
P0C3E,DC/DC Converter Temperature Sensor B Circuit Range/Performance
P0C3F,DC/DC Converter Temperature Sensor B Circuit Low
P0C40,DC/DC Converter Temperature Sensor B Circuit High
P0C41,DC/DC Converter Temperature Sensor B Circuit Intermittent/Erratic
P0C42,Hybrid Battery Pack Coolant Temperature Sensor Circuit
P0C43,Hybrid Battery Pack Coolant Temperature Sensor Circuit Range/Performance
P0C44,Hybrid Battery Pack Coolant Temperature Sensor Circuit Low
P0C45,Hybrid Battery Pack Coolant Temperature Sensor Circuit High
P0C46,Hybrid Battery Pack Coolant Temperature Sensor Circuit Intermittent/Erratic
P0C47,Hybrid Battery Pack Coolant Pump Control Circuit / Open
P0C48,Hybrid Battery Pack Coolant Pump Control Circuit Low
P0C49,Hybrid Battery Pack Coolant Pump Control Circuit High
P0C4A,Hybrid Battery Pack Coolant Pump Control Performance
P0C4B,Hybrid Battery Pack Coolant Pump Supply Voltage Circuit / Open
P0C4C,Hybrid Battery Pack Coolant Pump Supply Voltage Circuit Low
P0C4D,Hybrid Battery Pack Coolant Pump Supply Voltage Circuit High
P0C4E,Drive Motor A Position Exceeded Learning Limit
P0C4F,Drive Motor B Position Exceeded Learning Limit
P0C50,Drive Motor A Position Sensor Circuit A
P0C51,Drive Motor A Position Sensor Circuit A Range/Performance
P0C52,Drive Motor A Position Sensor Circuit A Low
P0C53,Drive Motor A Position Sensor Circuit A High
P0C54,Drive Motor A Position Sensor Circuit A Intermittent/Erratic
P0C55,Drive Motor A Position Sensor Circuit B
P0C56,Drive Motor A Position Sensor Circuit B Range/Performance
P0C57,Drive Motor A Position Sensor Circuit B Low
P0C58,Drive Motor A Position Sensor Circuit B High
P0C59,Drive Motor A Position Sensor Circuit B Intermittent/Erratic
P0C5A,Drive Motor B Position Sensor Circuit A
P0C5B,Drive Motor B Position Sensor Circuit A Range/Performance
P0C5C,Drive Motor B Position Sensor Circuit A Low
P0C5D,Drive Motor B Position Sensor Circuit A High
P0C5E,Drive Motor B Position Sensor Circuit A Intermittent/Erratic
P0C5F,Drive Motor B Position Sensor Circuit B
P0C60,Drive Motor B Position Sensor Circuit B Range/Performance
P0C61,Drive Motor B Position Sensor Circuit B Low
P0C62,Drive Motor B Position Sensor Circuit B High
P0C63,Drive Motor B Position Sensor Circuit B Intermittent/Erratic
P0C64,Generator Position Sensor Circuit A
P0C65,Generator Position Sensor Circuit A Range/Performance
P0C66,Generator Position Sensor Circuit A Low
P0C67,Generator Position Sensor Circuit A High
P0C68,Generator Position Sensor Circuit A Intermittent/Erratic
P0C69,Generator Position Sensor Circuit B
P0C6A,Generator Position Sensor Circuit B Range/Performance
P0C6B,Generator Position Sensor Circuit B Low
P0C6C,Generator Position Sensor Circuit B High
P0C6D,Gednrator Position Sensor Circuit B Intermittent/Erratic
P0C6E,Hybrid Battery Temperature Sensor A/B Correlation
P0C6F,Hybrid Battery Temperature Sensor B/C Correlation
P0C70,Hybrid Battery Temperature Sensor C/D Correlation
P0C71,Hybrid Battery Temperature Sensor D/E Correlation
P0C72,Hybrid Battery Temperature Sensor E/F Correlation
P0C73,Motor Electronics Coolant Pump A Control Performance
P0C74,Motor Electronics Coolant Pump B Control Performance
P0C75,Hybrid Battery System Discharge Time Too Short
P0C76,Hybrid Battery System Discharge Time Too Long
P0C77,Hybrid Battery System Precharge Time Too Short
P0C78,Hybrid Battery System Precharge Time Too Long
P0C79,Drive Motor A Inverter Voltage Too High
P0C7A,Drive Motor B Inverter Voltage Too High
P0C7B,Generator Inverter Voltage Too High
P0C7C,Hybrid Battery Temperature Sensor G Circuit
P0C7D,Hybrid Battery Temperature Sensor G Circuit Range/Performance
P0C7E,Hybrid Battery Temperature Sensor G Circuit Low
P0C7F,Hybrid Battery Temperature Sensor G Circuit High
P0C80,Hybrid Battery Temperature Sensor G Circuit Intermittent/Erratic
P0C81,Hybrid Battery Temperature Sensor H Circuit
P0C82,Hybrid Battery Temperature Sensor H Circuit Range/Performance
P0C83,Hybrid Battery Temperature Sensor H Circuit Low
P0C84,Hybrid Battery Temperature Sensor H Circuit High
P0C85,Hybrid Battery Temperature Sensor H Circuit Intermittent/Erratic
P0C86,Hybrid Battery Temperature Sensor F / G Correlation
P0C87,Hybrid Battery Temperature Sensor G / H Correlation
P0C88,Hybrid Battery Temperature Sensor I Circuit
P0C89,Hybrid Battery Temperature Sensor I Circuit Range/Performance
P0C8A,Hybrid Battery Temperature Sensor I Circuit Low
P0C8B,Hybrid Battery Temperature Sensor I Circuit High
P0C8C,Hybrid Battery Temperature Sensor I Circuit Intermittent/Erratic
P0C8D,Hybrid Battery Temperature Sensor J Circuit
P0C8E,Hybrid Battery Temperature Sensor J Circuit Range/Performance
P0C8F,Hybrid Battery Temperature Sensor J Circuit Low
P0C90,Hybrid Battery Temperature Sensor J Circuit High
P0C91,Hybrid Battery Temperature Sensor J Intermittent/Erratic
P0C92,Hybrid Battery Temperature Sensor K Circuit
P0C93,Hybrid Battery Temperature Sensor K Circuit Range/Performance
P0C94,Hybrid Battery Temperature Sensor K Circuit Low
P0C95,Hybrid Battery Temperature Sensor K Circuit High
P0C96,Hybrid Battery Temperature Sensor K Circuit Intermittent/Erratic
P0C97,Hybrid Battery Temperature Sensor L Circuit
P0C98,Hybrid Battery Temperature Sensor L Circuit Range/Performance
P0C99,Hybrid Battery Temperature Sensor L Circuit Low
P0C9A,Hybrid Battery Temperature Sensor L Circuit High
P0C9B,Hybrid Battery Temperature Sensor L Circuit Intermittent/Erratic
P0C9C,14 Volt Power Module Current Sensor B Circuit
P0C9D,14 Volt Power Module Current Sensor B Circuit Range/Performance
P0C9E,14 Volt Power Module Current Sensor B Circuit Low
P0C9F,14 Volt Power Module Current Sensor B Circuit High
P0CA0,14 Volt Power Module Current Sensor B Circuit Intermittent
P0CA1,Drive Motor Control Module Requested MIL Illumination
P0CA2,DC/DC Converter Step Down Voltage Performance
P0CA3,DC/DC Converter Step Up Voltage Performance
P0CA4,Hybrid/EV Battery Charging Voltage High
P0CA5,Hybrid/EV Battery Discharging Voltage High
P0CA6,Hybrid/EV Battery Charging Current High
P0CA7,Hybrid/EV Battery Discharging Current High
P0CA8,Hybrid/EV Battery Temperature Sensor M Circuit
P0CA9,Hybrid/EV Battery Temperature Sensor M Circuit Range/Performance
P0CAA,Hybrid/EV Battery Temperature Sensor M Circuit Low
P0CAB,Hybrid/EV Battery Temperature Sensor M Circuit High
P0CAC,Hybrid/EV Battery Temperature Sensor M Circuit Intermittent/Erratic
P0CAD,Hybrid/EV Battery Temperature Sensor N Circuit
P0CAE,Hybrid/EV Battery Temperature Sensor N Circuit Range/Performance
P0CAF,Hybrid/EV Battery Temperature Sensor N Circuit Low
P0CB0,Hybrid/EV Battery Temperature Sensor N Circuit High
P0CB1,Hybrid/EV Battery Temperature Sensor N Circuit Intermittent/Erratic
P0CB2,Hybrid/EV Battery Temperature Sensor O Circuit
P0CB3,Hybrid/EV Battery Temperature Sensor O Circuit Range/Performance
P0CB4,Hybrid/EV Battery Temperature Sensor O Circuit Low
P0CB5,Hybrid/EV Battery Temperature Sensor O Circuit High
P0CB6,Hybrid/EV Battery Temperature Sensor O Circuit Intermittent/Erratic
P0CB7,Hybrid/EV Battery Temperature Sensor P Circuit
P0CB8,Hybrid/EV Battery Temperature Sensor P Circuit Range/Performance
P0CB9,Hybrid/EV Battery Temperature Sensor P Circuit Low
P0CBA,Hybrid/EV Battery Temperature Sensor P Circuit High
P0CBB,Hybrid/EV Battery Temperature Sensor P Circuit Intermittent/Erratic
P0CBC,Drive Motor A Coolant Temperature Sensor Circuit
P0CBD,Drive Motor A Coolant Temperature Sensor Circuit Range/Performance
P0CBE,Drive Motor A Coolant Temperature Sensor Circuit Low
P0CBF,Drive Motor A Coolant Temperature Sensor Circuit High
P0CC0,Drive Motor A Coolant Temperature Sensor Circuit Intermittent
P0CC1,Drive Motor A Coolant Pump Control Circuit/Open
P0CC2,Drive Motor A Coolant Pump Control Circuit Range/Performance
P0CC3,Drive Motor A Coolant Pump Control Circuit Low
P0CC4,Drive Motor A Coolant Pump Control Circuit High
P0CC5,14 Volt Power Module Current Sensor A/B Correlation
P0CC6,Charge Port Door Open Request Switch Wake-Up Circuit
P0CC7,Charge Port Door Open Request Switch Circuit
P0CC8,Charge Port Door Open Request Switch Circuit Performance
P0CC9,Charge Port Door Open Request Switch Circuit Low
P0CCA,Charge Port Door Open Request Switch Circuit High
P0CCB,Charge Port Door Open Request Switch Circuit Intermittent/Erratic
P0CCC,Charge Port Door Position Sensor Circuit
P0CCD,Charge Port Door Position Sensor Circuit Performance
P0CCE,Charge Port Door Position Sensor Circuit Low
P0CCF,Charge Port Door Position Sensor Circuit High
P0CD0,Charge Port Door Position Sensor Circuit Intermittent/Erratic
P0CD1,Charge Port Door Unlock Control Circuit
P0CD2,Charge Port Door Unlock Control Circuit Performance
P0CD3,Charge Port Door Unlock Control Circuit Low
P0CD4,Charge Port Door Unlock Control Circuit High
P0CD5,Hybrid/EV Battery Pack Coolant Temperature Sensor B Circuit
P0CD6,Hybrid/EV Battery Pack Coolant Temperature Sensor B Circuit Range/Performance
P0CD7,Hybrid/EV Battery Pack Coolant Temperature Sensor B Circuit Low
P0CD8,Hybrid/EV Battery Pack Coolant Temperature Sensor B Circuit High
P0CD9,Hybrid/EV Battery Pack Coolant Temperature Sensor B Circuit Intermittent/Erratic
P0CDA,Drive Motor A Position Sensor Circuit C
P0CDB,Drive Motor A Position Sensor Circuit C Range/Performance
P0CDC,Drive Motor A Position Sensor Circuit C Low
P0CDD,Drive Motor A Position Sensor Circuit C High
P0CDE,Drive Motor A Position Sensor Circuit C Intermittent/Erratic
P0CDF,Hybrid/EV Battery Pack Coolant Control Valve A Control Circuit/Open
P0CE0,Hybrid/EV Battery Pack Coolant Control Valve A Performance/Stuck Off
P0CE1,Hybrid/EV Battery Pack Coolant Control Valve A Stuck On
P0CE2,Hybrid/EV Battery Pack Coolant Control Valve A Control Circuit Low
P0CE3,Hybrid/EV Battery Pack Coolant Control Valve A Control Circuit High
P0CE4,Hybrid/EV Battery Pack Coolant Control Valve Position Sensor Circuit
P0CE5,Hybrid/EV Battery Pack Coolant Control Valve Position Sensor Circuit Range/Performance
P0CE6,Hybrid/EV Battery Pack Coolant Control Valve Position Sensor Circuit Low
P0CE7,Hybrid/EV Battery Pack Coolant Control Valve Position Sensor Circuit High
P0CE8,Hybrid/EV Battery Pack Coolant Control Valve Position Sensor Circuit Intermittent/Erratic
P0CE9,Hybrid/EV Electronics Coolant Pump Control Circuit/Open
P0CEA,Hybrid/EV Electronics Coolant Pump Performance
P0CEB,Hybrid/EV Electronics Coolant Pump Control Circuit Low
P0CEC,Hybrid/EV Electronics Coolant Pump Control Circuit High
P0CED,Hybrid/EV Electronics Coolant Pump Enable Circuit
P0CEE,Hybrid/EV Electronics Coolant Temperature Sensor Circuit
P0CEF,Hybrid/EV Electronics Coolant Temperature Sensor Circuit Range/Performance
P0CF0,Hybrid/EV Electronics Coolant Temperature Sensor Circuit Low
P0CF1,Hybrid/EV Electronics Coolant Temperature Sensor Circuit High
P0CF2,Hybrid/EV Electronics Coolant Temperature Sensor Circuit Intermittent/Erratic
P0CF3,Control Pilot Circuit /Open
P0CF4,Control Pilot Circuit Range/Performance
P0CF5,Control Pilot Circuit Low
P0CF6,Control Pilot Circuit High
P0CF7,Control Pilot Circuit Intermittent/Erratic
P0CF8,Control Pilot Charging Switch Circuit/Open
P0CF9,Control Pilot Charging Switch Range/Performance
P0CFA,Control Pilot Charging Switch Circuit Low
P0CFB,Control Pilot Charging Switch Circuit High
P0CFC,Control Pilot Charging Switch Intermittent/Erratic
P0CFD,Control Pilot Charging Switch Stuck Off
P0CFE,Control Pilot Charging Switch Stuck On
P0CFF,Hybrid/EV Battery Pack Coolant Pump Stuck
P0D00,Reserved by SAE
P0D01,Control Pilot Charging Ventilation Switch Range/Performance
P0D02,Control Pilot Charging Ventilation Switch Circuit Low
P0D03,Control Pilot Charging Ventilation Switch Circuit High
P0D04,Control Pilot Charging Ventilation Switch Intermittent/Erratic
P0D05,Control Pilot Charging Ventilation Switch Stuck Off
P0D06,Control Pilot Charging Ventilation Switch Stuck On
P0D07,Battery Charging System Positive Contactor Circuit
P0D08,Battery Charging System Positive Contactor Stuck Closed
P0D09,Battery Charging System Positive Contactor Stuck Open
P0D0A,Battery Charging System Positive Contactor Control Circuit/Open
P0D0B,Battery Charging System Positive Contactor Control Circuit Range/Performance
P0D0C,Battery Charging System Positive Contactor Control Circuit Low
P0D0D,Battery Charging System Positive Contactor Control Circuit High
P0D0E,Battery Charging System Negative Contactor Circuit
P0D0F,Battery Charging System Negative Contactor Stuck Closed
P0D10,Battery Charging System Negative Contactor Stuck Open
P0D11,Battery Charging System Negative Contactor Control Circuit/Open
P0D12,Battery Charging System Negative Contactor Control Circuit Range/Performance
P0D13,Battery Charging System Negative Contactor Control Circuit Low
P0D14,Battery Charging System Negative Contactor Control Circuit High
P0D15,Battery Charging System High Voltage Interlock Circuit/Open
P0D16,Battery Charging System High Voltage Interlock Circuit Performance
P0D17,Battery Charging System High Voltage Interlock Circuit Low
P0D18,Battery Charging System High Voltage Interlock Circuit High
P0D19,Battery Charging System High Voltage Interlock Circuit Intermittent/Erratic
P0D1A,Hybrid/EV Battery Pack Coolant Control Valve B Control Circuit/Open
P0D1B,Hybrid/EV Battery Pack Coolant Control Valve B Performance/Stuck Off
P0D1C,Hybrid/EV Battery Pack Coolant Control Valve B Stuck On
P0D1D,Hybrid/EV Battery Pack Coolant Control Valve B Control Circuit Low
P0D1E,Hybrid/EV Battery Pack Coolant Control Valve B Control Circuit High
P0D1F,Control Module Date/Time Synchronization Error
P0D20,Battery Charger Output Voltage Performance 
P0D21,Battery Charger Output Voltage Too Low
P0D22,Battery Charger Output Current Performance 
P0D23,Battery Charger Output Shorted
P0D24,Battery Charger Temperature Too High
P0D25,Battery Charger Hybrid/EV System Precharge Time Too Short
P0D26,Battery Charger Hybrid/EV System Precharge Time Too Long
P0D27,Battery Charger Input Voltage Too Low
P0D28,Battery Charger Input Voltage Too High
P0D29,Battery Charger Input Current Too Low
P0D2A,Battery Charger Input Current Too High
P0D2B,Control Pilot Indicator Control Circuit
P0D2C,Charge Status Indicator A Control Circuit
P0D2D,Drive Motor A Inverter Voltage Sensor Circuit
P0D2E,Drive Motor A Inverter Voltage Sensor Circuit Range/Performance
P0D2F,Drive Motor A Inverter Voltage Sensor Circuit Low
P0D30,Drive Motor A Inverter Voltage Sensor Circuit High
P0D31,Drive Motor A Inverter Voltage Sensor Circuit Intermittent/Erratic
P0D32,DC/DC Converter Over Temperature
P0D33,DC/DC Converter Current High
P0D34,Hybrid/EV Battery System Current
P0D35,Hybrid/EV Battery System Current Unstable
P0D36,Hybrid/EV Battery System Current Low
P0D37,Hybrid/EV Battery System Current High
P0D38,Battery Charger Input Current Sensor Circuit
P0D39,Battery Charger Input Current Sensor Circuit Range/Performance
P0D3A,Battery Charger Input Current Sensor Circuit Low
P0D3B,Battery Charger Input Current Sensor Circuit High
P0D3C,Battery Charger Input Current Sensor Circuit Intermittent/Erratic
P0D3D,Battery Charger Input Voltage Sensor Circuit
P0D3E,Battery Charger Input Voltage Sensor Circuit Range/Performance
P0D3F,Battery Charger Input Voltage Sensor Circuit Low
P0D40,Battery Charger Input Voltage Sensor Circuit High
P0D41,Battery Charger Input Voltage Sensor Circuit Intermittent/Erratic
P0D42,Battery Charger 14 Volt Output Voltage Sensor Circuit
P0D43,Battery Charger 14 Volt Output Voltage Sensor Circuit Range/Performance
P0D44,Battery Charger 14 Volt Output Voltage Sensor Circuit Low
P0D45,Battery Charger 14 Volt Output Voltage Sensor Circuit High
P0D46,Battery Charger 14 Volt Output Voltage Sensor Circuit Intermittent/Erratic
P0D47,Battery Charger 14 Volt Output Current Sensor Circuit
P0D48,Battery Charger 14 Volt Output Current Sensor Circuit Range/Performance
P0D49,Battery Charger 14 Volt Output Current Sensor Circuit Low
P0D4A,Battery Charger 14 Volt Output Current Sensor Circuit High
P0D4B,Battery Charger 14 Volt Output Current Sensor Circuit Intermittent/Erratic
P0D4C,Battery Charger Hybrid/EV Battery Output Voltage Sensor Circuit
P0D4D,Battery Charger Hybrid/EV Battery Output Voltage Sensor Circuit Range/Performance
P0D4E,Battery Charger Hybrid/EV Battery Output Voltage Sensor Circuit Low
P0D4F,Battery Charger Hybrid/EV Battery Output Voltage Sensor Circuit High
P0D50,Battery Charger Hybrid/EV Battery Output Voltage Sensor Circuit Intermittent/Erratic
P0D51,Battery Charger Hybrid/EV Battery Output Current Sensor Circuit
P0D52,Battery Charger Hybrid/EV Battery Output Current Sensor Circuit Range/Performance
P0D53,Battery Charger Hybrid/EV Battery Output Current Sensor Circuit Low
P0D54,Battery Charger Hybrid/EV Battery Output Current Sensor Circuit High
P0D55,Battery Charger Hybrid/EV Battery Output Current Sensor Circuit Intermittent/Erratic
P0D56,Proximity Detection Circuit
P0D57,Proximity Detection Circuit Range/Performance
P0D58,Proximity Detection Circuit Low
P0D59,Proximity Detection Circuit High
P0D5A,Proximity Detection Circuit Intermittent/Erratic
P0D5B,Battery Charger 14 Volt Output Power Performance
P0D5C,Battery Charger Hybrid/EV Battery Output Power Performance
P0D5D,Battery Charger Hybrid/EV System Discharge Time Too Short
P0D5E,Battery Charger Hybrid/EV System Discharge Time Too Long
P0D5F,Hybrid/EV Battery Pack Cooling Fan 2 Sense Circuit/Open
P0D60,Hybrid/EV Battery Pack Cooling Fan 2 Sense Circuit Range/Performance
P0D61,Hybrid/EV Battery Pack Cooling Fan 2 Sense Circuit Low
P0D62,Hybrid/EV Battery Pack Cooling Fan 2 Sense Circuit High
P0D63,Hybrid/EV Battery Pack Cooling Fan 2 Sense Circuit Intermittent/Erratic
P0D64,Hybrid/EV Battery Pack Cooling Fan Enable Circuit/Open
P0D65,Hybrid/EV Battery Pack Cooling Fan Enable Circuit Low
P0D66,Hybrid/EV Battery Pack Cooling Fan Enable Circuit High
P0D67,Battery Charger Control Module Performance
P0D68,A/C Compressor Motor Voltage Sensor Circuit
P0D69,A/C Compressor Motor Voltage Sensor Performance
P0D6A,A/C Compressor Motor Voltage Sensor Circuit High
P0D6B,A/C Compressor Motor Voltage Sensor Circuit Low
P0D6C,A/C Compressor Motor Voltage Sensor Circuit Intermittent/Erratic
P0D6D,A/C Compressor Motor Voltage Low
P0D6E,A/C Compressor Motor Voltage High
P0D6F,A/C Compressor Motor Current High
P0D70,Electric A/C Compressor Control Module Internal Temperature Sensor Circuit
P0D71,Electric A/C Compressor Control Module Internal Temperature Sensor Performance
P0D72,Electric A/C Compressor Control Module Internal Temperature Sensor Circuit High
P0D73,Electric A/C Compressor Control Module Internal Temperature Sensor Circuit Low
P0D74,Electric A/C Compressor Control Module Internal Temperature Sensor Circuit Intermittent/Erratic
P0D75,Electric A/C Compressor Control Module Output Driver Temperature Sensor Circuit
P0D76,Electric A/C Compressor Control Module Output Driver Temperature Sensor Performance
P0D77,Electric A/C Compressor Control Module Output Driver Temperature Sensor Circuit High
P0D78,Electric A/C Compressor Control Module Output Driver Temperature Sensor Circuit Low
P0D79,Electric A/C Compressor Control Module Output Driver Temperature Sensor Circuit Intermittent/Erratic
P0D7A,A/C Compressor Motor Phase U Current Low
P0D7B,A/C Compressor Motor Phase U Current High
P0D7C,A/C Compressor Motor Phase V Current Low
P0D7D,A/C Compressor Motor Phase V Current High
P0D7E,A/C Compressor Motor Phase W Current Low
P0D7F,A/C Compressor Motor Phase W Current High
P0D80,Battery Charger Input Circuit/Open
P0D81,Battery Charger Input Circuit Range/Performance
P0D82,Battery Charger Input Circuit Low
P0D83,Battery Charger Input Circuit High
P0D84,Battery Charger Input Circuit Intermittent/Erratic
P0D85,Battery Charging Output Voltage Too High
P0D86,Battery Charger Coupler Status Indicator Control Circuit A Open
P0D87,Battery Charger Coupler Status Indicator Control Circuit A Low
P0D88,Battery Charger Coupler Status Indicator Control Circuit A High
P0D89,Battery Charger Coupler Status Indicator Control Circuit B Open
P0D8A,Battery Charger Coupler Status Indicator Control Circuit B Low
P0D8B,Battery Charger Coupler Status Indicator Control Circuit B High
P0D8C,Battery Charger Coupler Status Indicator Control Circuit C Open
P0D8D,Battery Charger Coupler Status Indicator Control Circuit C Low
P0D8E,Battery Charger Coupler Status Indicator Control Circuit C High
P0D8F,Battery Charger Cooling System Performance
P0D90,Battery Charger Input Frequency Incorrect
P0D91,Battery Charger Coupler Lock Control Circuit/Open
P0D92,Battery Charger Coupler Lock Control Circuit Low
P0D93,Battery Charger Coupler Lock Control Circuit High
P0D94,Battery Charger Coupler Lock Control Circuit Performance
P0D95,Battery Charger Coupler Unlock Control Circuit/Open
P0D96,Battery Charger Coupler Unlock Control Circuit Low
P0D97,Battery Charger Coupler Unlock Control Circuit High
P0D98,Battery Charger Coupler Unlock Control Circuit Performance
P0D99,Battery Charger Coupler Temperature Sensor Circuit
P0D9A,Battery Charger Coupler Temperature Sensor Circuit Range/Performance
P0D9B,Battery Charger Coupler Temperature Sensor Circuit Low
P0D9C,Battery Charger Coupler Temperature Sensor Circuit High
P0D9D,Battery Charger Coupler Temperature Sensor Circuit Intermittent/Erratic
P0D9E,Battery Charger Coupler Lock Position Sensor Circuit
P0D9F,Battery Charger Coupler Lock Position Sensor Circuit Range/Performance
P0DA0,Battery Charger Coupler Lock Position Sensor Circuit Low
P0DA1,Battery Charger Coupler Lock Position Sensor Circuit High
P0DA2,Battery Charger Coupler Lock Position Sensor Circuit Intermittent/Erratic
P0DA3,Drive Motor B Inverter Voltage Sensor Circuit
P0DA4,Drive Motor B Inverter Voltage Sensor Circuit Range/Performance
P0DA5,Drive Motor B Inverter Voltage Sensor Circuit Low
P0DA6,Drive Motor B Inverter Voltage Sensor Circuit High
P0DA7,Drive Motor B Inverter Voltage Sensor Circuit Intermittent/Erratic
P0DA8,Hybrid/EV Battery Voltage/Drive Motor A Inverter Voltage Correlation
P0DA9,Hybrid/EV Battery Voltage/Drive Motor B Inverter Voltage Correlation
P0DAA,Battery Charging System Isolation Fault
P0DAB,Hybrid/EV Battery Cell Balancing Performance
P0DAC,Hybrid/EV Battery Cell Balancing Circuit A 
P0DAD,Hybrid/EV Battery Cell Balancing Circuit A Stuck On
P0DAE,Hybrid/EV Battery Cell Balancing Circuit A Stuck Off
P0DAF,Hybrid/EV Battery Cell Balancing Circuit A Range/Performance
P0DB0,Hybrid/EV Battery Cell Balancing Circuit B 
P0DB1,Hybrid/EV Battery Cell Balancing Circuit B Stuck On
P0DB2,Hybrid/EV Battery Cell Balancing Circuit B Stuck Off
P0DB3,Hybrid/EV Battery Cell Balancing Circuit B Range/Performance
P0DB4,Hybrid/EV Battery Cell Balancing Circuit C 
P0DB5,Hybrid/EV Battery Cell Balancing Circuit C Stuck On
P0DB6,Hybrid/EV Battery Cell Balancing Circuit C Stuck Off
P0DB7,Hybrid/EV Battery Cell Balancing Circuit C Range/Performance
P0DB8,Hybrid/EV Battery Cell Balancing Circuit D 
P0DB9,Hybrid/EV Battery Cell Balancing Circuit D Stuck On
P0DBA,Hybrid/EV Battery Cell Balancing Circuit D Stuck Off
P0DBB,Hybrid/EV Battery Cell Balancing Circuit D Range/Performance
P0DBC,Hybrid/EV Battery Cell Balancing Circuit E 
P0DBD,Hybrid/EV Battery Cell Balancing Circuit E Stuck On
P0DBE,Hybrid/EV Battery Cell Balancing Circuit E Stuck Off
P0DBF,Hybrid/EV Battery Cell Balancing Circuit E Range/Performance
P0DC0,Hybrid/EV Battery Cell Balancing Circuit F 
P0DC1,Hybrid/EV Battery Cell Balancing Circuit F Stuck On
P0DC2,Hybrid/EV Battery Cell Balancing Circuit F Stuck Off
P0DC3,Hybrid/EV Battery Cell Balancing Circuit F Range/Performance
P0DC4,Hybrid/EV Battery Cell Balancing Circuit G
P0DC5,Hybrid/EV Battery Cell Balancing Circuit G Stuck On
P0DC6,Hybrid/EV Battery Cell Balancing Circuit G Stuck Off
P0DC7,Hybrid/EV Battery Cell Balancing Circuit G Range/Performance
P0DC8,Hybrid/EV Battery Cell Balancing Circuit H
P0DC9,Hybrid/EV Battery Cell Balancing Circuit H Stuck On
P0DCA,Hybrid/EV Battery Cell Balancing Circuit H Stuck Off
P0DCB,Hybrid/EV Battery Cell Balancing Circuit H Range/Performance
P0DCC,Hybrid/EV Battery Cell Balancing Circuit I
P0DCD,Hybrid/EV Battery Cell Balancing Circuit I Stuck On
P0DCE,Hybrid/EV Battery Cell Balancing Circuit I Stuck Off
P0DCF,Hybrid/EV Battery Cell Balancing Circuit I Range/Performance
P0DD0,Hybrid/EV Battery Cell Balancing Circuit J
P0DD1,Hybrid/EV Battery Cell Balancing Circuit J Stuck On
P0DD2,Hybrid/EV Battery Cell Balancing Circuit J Stuck Off
P0DD3,Hybrid/EV Battery Cell Balancing Circuit J Range/Performance
P0DD4,Hybrid/EV Battery Cell Balancing Circuit K
P0DD5,Hybrid/EV Battery Cell Balancing Circuit K Stuck On
P0DD6,Hybrid/EV Battery Cell Balancing Circuit K Stuck Off
P0DD7,Hybrid/EV Battery Cell Balancing Circuit K Range/Performance
P0DD8,Hybrid/EV Battery Cell Balancing Circuit L
P0DD9,Hybrid/EV Battery Cell Balancing Circuit L Stuck On
P0DDA,Hybrid/EV Battery Cell Balancing Circuit L Stuck Off
P0DDB,Hybrid/EV Battery Cell Balancing Circuit L Range/Performance
P0DDC,Hybrid/EV Battery Cell Balancing Circuit M
P0DDD,Hybrid/EV Battery Cell Balancing Circuit M Stuck On
P0DDE,Hybrid/EV Battery Cell Balancing Circuit M Stuck Off
P0DDF,Hybrid/EV Battery Cell Balancing Circuit M Range/Performance
P0DE0,Hybrid/EV Battery Cell Balancing Circuit N
P0DE1,Hybrid/EV Battery Cell Balancing Circuit N Stuck On
P0DE2,Hybrid/EV Battery Cell Balancing Circuit N Stuck Off
P0DE3,Hybrid/EV Battery Cell Balancing Circuit N Range/Performance
P0DE4,Electric Transmission Fluid Pump Motor Over Temperature
P0DE5,Charge Status Indicator B Control Circuit
P0DE6,Hybrid/EV Battery Pack Cell Voltage Low
P0DE7,Hybrid/EV Battery Pack Cell Voltage High
P0DE8,Hybrid/EV Battery Pack Coolant Control Valve C Control Circuit/Open
P0DE9,Hybrid/EV Battery Pack Coolant Control Valve C Performance/Stuck Off
P0DEA,Hybrid/EV Battery Pack Coolant Control Valve C Stuck On
P0DEB,Hybrid/EV Battery Pack Coolant Control Valve C Control Circuit Low
P0DEC,Hybrid/EV Battery Pack Coolant Control Valve C Control Circuit High
P0DED,Pedestrian Alert Control Module Circuit/Open
P0DEE,Pedestrian Alert Control Module Circuit Low
P0DEF,Pedestrian Alert Control Module Circuit High
P0DF0,Generator Inverter Temperature Sensor B Circuit
P0DF1,Generator Inverter Temperature Sensor B Circuit Intermittent/Erratic
P0DF2,Generator Inverter Temperature Sensor C Circuit
P0DF3,Generator Inverter Temperature Sensor C Circuit Intermittent/Erratic
P0DF4,Generator Inverter Temperature Sensor B Circuit Range/Performance
P0DF5,Generator Inverter Temperature Sensor B Circuit Low
P0DF6,Generator Inverter Temperature Sensor B Circuit High
P0DF7,Generator Inverter Temperature Sensor C Circuit Range/Performance
P0DF8,Generator Inverter Temperature Sensor C Circuit Low
P0DF9,Generator Inverter Temperature Sensor C Circuit High
P0DFA,Generator Phase U-V-W Current Sensor Correlation
P0DFB,Generator Position Exceeding Learn Limit
P0DFC,Generator Position Sensor Not Learned
P0DFD,Battery Charger Coolant Control Valve Control Circuit/Open
P0DFE,Battery Charger Coolant Control Valve Control Circuit Low
P0DFF,Battery Charger Coolant Control Valve Control Circuit High
P0E00,Generator Phase U Current Sensor Circuit
P0E01,Generator Phase U Current Sensor Circuit Range/Performance
P0E02,Generator Phase U Current Sensor Circuit Low
P0E03,Generator Phase U Current Sensor Circuit High
P0E04,Generator Phase V Current Sensor Circuit
P0E05,Generator Phase V Current Sensor Circuit Range/Performance
P0E06,Generator Phase V Current Sensor Circuit Low
P0E07,Generator Phase V Current Sensor Circuit High
P0E08,Generator Phase W Current Sensor Circuit
P0E09,Generator Phase W Current Sensor Circuit Range/Performance
P0E0A,Generator Phase W Current Sensor Circuit Low
P0E0B,Generator Phase W Current Sensor Circuit High
P0E0C,Generator Phase U-V-W Circuit/Open
P0E0D,Generator Phase U-V-W Circuit Low
P0E0E,Generator Phase U-V-W Circuit High
P0E0F,Generator Inverter Power Supply Circuit/Open
P0E10,Generator Inverter Power Supply Circuit Low
P0E11,Generator Inverter Power Supply Circuit High
P0E12,Hybrid/EV Battery Pack Coolant Heater A Control Circuit/Open
P0E13,Hybrid/EV Battery Pack Coolant Heater A Control Circuit Low
P0E14,Hybrid/EV Battery Pack Coolant Heater A Control Circuit High
P0E15,Hybrid/EV Battery Pack Coolant Heater A Control Performance
P0E16,Hybrid/EV Battery Pack Coolant Heater B Control Circuit/Open
P0E17,Hybrid/EV Battery Pack Coolant Heater B Control Circuit Low
P0E18,Hybrid/EV Battery Pack Coolant Heater B Control Circuit High
P0E19,Hybrid/EV Battery Pack Coolant Heater B Control Performance
P0E1A,Hybrid/EV Battery Pack Coolant Pump B Control Circuit/Open
P0E1B,Hybrid/EV Battery Pack Coolant Pump B Control Circuit Low
P0E1C,Hybrid/EV Battery Pack Coolant Pump B Control Circuit High
P0E1D,Hybrid/EV Battery Pack Coolant Pump B Control Performance
P0E1E,Hybrid/EV Battery Pack Coolant Pump B Control Circuit Driver Current/Temperature Too High
P0E1F,Hybrid/EV Battery Pack Coolant Pump A Control Circuit Driver Current/Temperature Too High
P0E20,Hybrid/EV Battery Pack Coolant Control Valve A Control Circuit Driver Current/Temperature Too High
P0E21,Hybrid/EV Battery Pack Coolant Control Valve B Control Circuit Driver Current/Temperature Too High
P0E22,Hybrid/EV Battery Pack Coolant Control Valve C Control Circuit Driver Current/Temperature Too High
P0E23,Drive Motor Inverter Temperature Sensor G Circuit
P0E24,Drive Motor Inverter Temperature Sensor G Circuit Range/Performance
P0E25,Drive Motor Inverter Temperature Sensor G Circuit Low
P0E26,Drive Motor Inverter Temperature Sensor G Circuit High
P0E27,Drive Motor Inverter Temperature Sensor G Circuit Intermittent/Erratic
P0E28,Drive Motor Inverter Temperature Sensor H Circuit
P0E29,Drive Motor Inverter Temperature Sensor H Circuit Range/Performance
P0E2A,Drive Motor Inverter Temperature Sensor H Circuit Low
P0E2B,Drive Motor Inverter Temperature Sensor H Circuit High
P0E2C,Drive Motor Inverter Temperature Sensor H Circuit Intermittent/Erratic
P0E2D,Internal Control Module Hybrid/EV Battery Monitor Performance
P0E2E,Battery Charger Fuse
P0E2F,High Voltage Fuse B
P0E30,High Voltage Fuse C
P0F00,Reserved by SAE
P1000,OBD Systems Readiness Test Not Complete
P1001,KOER Not Able to Complete KOER Aborted
P1002,Fuel Shutoff Valve C Control Circuit/Open
P1003,Fuel Shutoff Valve C Control Circuit Low
P1004,Fuel Shutoff Valve C Control Circuit High
P1005,Fuel Shutoff Valve D Control Circuit/Open
P1006,Fuel Shutoff Valve D Control Circuit Low
P1007,Fuel Shutoff Valve D Control Circuit High
P1008,Combustion Engine Producing Insufficient Torque
P1009,EVAP System Self Test Not Able To Complete
P100A,Alternative Fuel Rail Pressure Sensor B Circuit
P100B,Alternative Fuel Rail Pressure Sensor B Performance
P100C,Alternative Fuel Rail Pressure Sensor B Circuit Low
P100D,Alternative Fuel Rail Pressure Sensor B Circuit High
P100E,Alternative Fuel Rail Pressure Sensor B Circuit Intermittent
P100F,Wastegate Control Pressure/BARO Correlation
P1010,Wastegate Control Pressure Sensor Circuit
P1011,Wastegate Control Pressure Sensor Circuit Range/Performance
P1012,Wastegate Control Pressure Sensor Circuit Low
P1013,Wastegate Control Pressure Sensor Circuit High
P1014,Wastegate Control Pressure Sensor Circuit Intermittent/Erratic
P1015,Wastegate Control Pressure Lower Than Expected
P1016,Wastegate Control Pressure Higher Than Expected
P1018,Alternative Fuel Rail/System Pressure - Too Low (Bank 2)
P1019,Alternative Fuel Rail/System Pressure - Too High (Bank 2)
P101A,Alternative Fuel Rail Temperature Sensor B Circuit
P101B,Alternative Fuel Rail Temperature Sensor B Performance
P101C,Alternative Fuel Rail Temperature Sensor B Circuit Low
P101D,Alternative Fuel Rail Temperature Sensor B Circuit High
P101E,Alternative Fuel Rail Temperature Sensor B Circuit Intermittent/Erratic
P101F,Cylinder Head Temperature Sensor 1 Out Of Self Test Range
P1020,Cylinder Head Temperature Sensor 2 Circuit
P1021,Cylinder Head Temperature Sensor 2 Circuit Range/Performance
P1022,Cylinder Head Temperature Sensor 2 Circuit Low
P1023,Cylinder Head Temperature Sensor 2 Circuit High
P1024,Cylinder Head Temperature Sensor 2 Circuit Intermittent/Erratic
P1025,Cylinder Head Temperature Sensor 2 Out Of Self Test Range
P1026,Engine Coolant Temperature 1 / Cylinder Head Temperature 2 Correlation
P1027,Cylinder 9 Alternative Fuel Injector Control Circuit/Open
P1028,Cylinder 9 Alternative Fuel Injector Control Circuit Low
P1029,Cylinder 9 Alternative Fuel Injector Control Circuit High
P102A,Cylinder 9 Alternative Fuel Injector Control Circuit Range/Performance
P102B,Cylinder 10 Alternative Fuel Injector Control Circuit/Open
P102C,Cylinder 10 Alternative Fuel Injector Control Circuit Low
P102D,Cylinder 10 Alternative Fuel Injector Control Circuit High
P102E,Cylinder 10 Alternative Fuel Injector Control Circuit Range/Performance
P1048,Alternative Fuel Delivery Error
P1071,Alternative Fuel System Too Lean (Bank 1)
P1072,Alternative Fuel System Too Rich (Bank 1)
P1074,Alternative Fuel System Too Lean (Bank 2)
P1075,Alternative Fuel System Too Rich (Bank 2)
P1100,Mass Air Flow Sensor Circuit Intermittent
P1101,Mass Air Flow Sensor Out Of Self Test Range
P1102,Mass Air Flow Sensor In Range But Lower Than Expected
P1103,Mass Air Flow Sensor In Range But Higher Than Expected
P1104,Mass Air Flow Sensor Circuit Ground
P1105,Dual Alternator Upper Fault
P1106,Dual Alternator Lower Fault
P1107,Dual Alternator Lower Circuit
P1108,Dual Alternator Battery Lamp Circuit
P1109,Intake Air Temperature 2 Circuit Intermittent 
P1110,Intake Air Temperature Circuit (D/C) Open/Short 
P1111,System Pass
P1112,Intake Air Temperature Circuit Intermittent
P1113,Intake Air Temperature Circuit (L/C) Open/Short
P1114,Intake Air Temperature 2 Circuit Low (Super/Turbocharged engines)
P1115,Intake Air Temperature 2 Circuit High (Super/Turbocharged engines)
P1116,Engine Coolant Temperature Sensor Out Of Self Test Range
P1117,Engine Coolant Temperature Sensor Circuit Intermittent
P1118,Manifold Air Temperature Circuit Low 
P1119,Manifold Air Temperature Circuit High 
P111A,Engine Coolant Over Temperature Condition - Forced Limited Power
P111B,Engine Coolant Warm-up Not Detected
P1120,Throttle Position Sensor A Out Of Range Low (Ratch too low)
P1121,Throttle Position Sensor A Inconsistent With MAF/MAP Sensor (see P0068)
P1122,Pedal Position Sensor A Circuit Low 
P1123,Pedal Position Sensor A Circuit High 
P1124,Throttle Position Sensor A Out Of Self Test Range
P1125,Throttle Position Sensor A Intermittent
P1126,Throttle Position (Narrow Range) Sensor Circuit
P1127,Exhaust Temperature Out of Range O2 Sensor Tests Not Completed
P1128,Upstream HO2S Sensors Swapped (see P0040)
P1129,Downstream HO2S Sensors Swapped (see P0041)
P1130,Lack Of HO2S11 Switches - Fuel Trim At Limit
P1131,Lack Of HO2S11 Switches - Sensor Indicates Lean (see P2195)
P1132,Lack Of HO2S11 Switches - Sensor Indicates Rich (see P2196)
P1133,Bank 1 Fuel Control Shifted Lean (FAOSC) (See P2096)
P1134,Bank 1 Fuel Control Shifted Rich (FAOSC) (See P2097)
P1135,HO2S11 Heater Circuit Low
P1136,Control Box Fan Circuit
P1137,Lack Of HO2S12 Switches - Sensor Indicates Lean (see P2270)
P1138,Lack Of HO2S12 Switches - Sensor Indicates Rich (see P2271)
P1139,Water in Fuel Indicator Circuit
P1140,Water in Fuel Condition
P1141,Fuel Restriction Indicator Circuit
P1142,Fuel Restriction Condition
P1143,Air Assisted Injector Control Valve Range/Performance
P1144,Lack of HO2S Switches HO2S13 Indicates Rich
P1145,Calculated Torque Error
P1146,Alternator Load Low  (same as P1245 added for Jag)
P1147,Manifold Air Temperature / Intake Air Temperature Correlation
P1148,Generator 2 Control Circuit
P1149,Generator 2 Monitor Circuit High
P1150,Lack Of HO2S21 Switches - Fuel Trim At Limit
P1151,Lack Of HO2S21 Switches - Sensor Indicates Lean (see P2197)
P1152,Lack Of HO2S21 Switches - Sensor Indicates Rich (see P2198)
P1153,Bank 2 Fuel Control Shifted Lean (FAOSC) (See P2098)
P1154,Bank 2 Fuel Control Shifted Rich (FAOSC) (See P2099)
P1155,Alternative Fuel Control Module Has Activated the MIL
P1156,Fuel Select Switch Circuit
P1157,Lack Of HO2S22 Switches - Sensor Indicates Lean (see P2272)
P1158,Lack Of HO2S22 Switches - Sensor Indicates Rich (see P2273)
P1159,Fuel Stepper Motor
P115A,Low Fuel Level - Forced Limited Power 
P115B,Low Fuel Level - Forced Engine Shutdown 
P115C,TCM Unable to Process Driver Input - Forced Engine Shutdown
P115D,Mass Air Flow Circuit Offset
P115E,Throttle Actuator Control Throttle Body Air Flow Trim at Max Limit
P115F,Electronic Control Module Cooling Fan Circuit
P1160,Oxygen Sensor Heating Performance B2 S2
P1167,Invalid Test Operator Did Not Actuate Throttle
P1168,Fuel Rail Pressure Sensor In Range But Low
P1169,Fuel Rail Pressure Sensor In Range But High
P116A,Fuel Stepper Motor Control 1 Circuit Open
P116B,Fuel Stepper Motor Control 1 Circuit Short
P116C,Fuel Stepper Motor Control 2 Circuit Open
P116D,Fuel Stepper Motor Control 2 Circuit Short
P116E,Fuel Pressure Relief Valve Activated
P116F,Fuel Volume Regulator Control Exceeded Control Limits
P1170,Engine Shut Off Solenoid
P1171,Rotor Sensor
P1172,Rotor Control
P1173,Rotor Calibration
P1174,Cam Sensor
P1175,Cam Control
P1176,Cam Calibration
P1177,Synchronization
P1178,Boltup Limits
P1179,Long Term Fuel Trim Too Rich - Banks 1 and 2 (AMFR)
P117A,Engine Oil Overtemperature - Forced Limited Power
P117B,Exhaust Gas Temperature Sensor Correlation - Bank 1
P117C,Exhaust Gas Temperature Sensor Correlation - Bank 2
P117D,Fuel Volume Regulator Control Exceeded Maximum Control Limit
P117E,Fuel Volume Regulator Control Exceeded Minimum Control Limit
P117F,Fuel Pressure Regulator Control Exceeded Learning Limits
P1180,Fuel Delivery System - Low
P1181,Fuel Delivery System - High
P1182,Fuel Shut Off Solenoid Circuit
P1183,Engine Oil Temperature Sensor Circuit
P1184,Engine Oil Temperature Sensor Out Of Self Test Range
P1185,Fuel Pump Temperature Sensor High
P1186,Fuel Pump Temperature Sensor Low
P1187,Variant Selection
P1188,Calibration Memory
P1189,Pump Speed Signal
P1190,Calibration Resistor Out Of Range
P1191,Key Line Voltage
P1192,V External
P1193,EGR Driver Over Current
P1194,ECM/PCM A/D Converter
P1195,SCP HBCC Chip Failed to Initialize
P1196,Key Off Voltage High
P1197,Key Off Voltage Low
P1198,Pump Rotor Control Underfueling
P1199,Restraints Event - Fueling Disabled
P1200,Injector Range/Performance
P1201,Cylinder #1 Injector Circuit Open/Shorted
P1202,Cylinder #2 Injector Circuit Open/Shorted
P1203,Cylinder #3 Injector Circuit Open/Shorted
P1204,Cylinder #4 Injector Circuit Open/Shorted
P1205,Cylinder #5 Injector Circuit Open/Shorted
P1206,Cylinder #6 Injector Circuit Open/Shorted
P1207,Cylinder #7 Injector Circuit Open/Shorted
P1208,Cylinder #8 Injector Circuit Open/Shorted
P1209,Injector Control Pressure Peak Delta Test Fault
P120A,Secondary Fuel Injector Insufficient Flow Bank 1
P120B,Secondary Fuel Injector Excessive Flow Bank 1
P120C,Secondary Fuel Injector Insufficient Flow Bank 2
P120D,Secondary Fuel Injector Excessive Flow Bank 2
P120E,Fuel Pressure Sensor Circuit A - Excessive Variation
P120F,Fuel Pressure Regulator Excessive Variation
P1210,Injector Control Pressure Higher Than Desired (engine off)
P1211,Injector Control Pressure Higher/Lower Than Desired (engine running)
P1212,Injector Control Pressure Lower Than Desired (engine crank or run)
P1213,Start Injector Circuit
P1214,Pedal Position Sensor B Circuit Intermittent
P1215,Pedal Position Sensor C Circuit Low 
P1216,Pedal Position Sensor C Circuit High 
P1217,Pedal Position Sensor C Circuit Intermittent
P1218,CID High
P1219,CID Low
P121A,Cylinder Balance - Injector Restricted
P121B,Cylinder Balance - Injector Stuck Closed
P121C,Cylinder Balance - Injector Leaking
P1220,Series Throttle Control System
P1221,Traction Control System
P1222,Pedal Position Sensor B Circuit Low 
P1223,Pedal Position Sensor B Circuit High 
P1224,Throttle Position Sensor B Out Of Self Test Range
P1225,Needle Lift Sensor
P1226,Control Sleeve Sensor Circuit
P1227,Wastegate Failed Closed (Over pressure)
P1228,Wastegate Failed Open (Under pressure)
P1229,Charge Air Cooler Pump Driver
P1230,Fuel Pump Relay
P1231,Fuel Pump Secondary Circuit Low High Speed (VLCM)
P1232,Fuel Pump Speed Primary Circuit (Two speed fuel pump)
P1233,Fuel Pump Driver Module Disabled or Off Line (Fuel Pump Driver Module)
P1234,Fuel Pump Driver Module Disabled or Off Line (Fuel Pump Driver Module)
P1235,Fuel Pump Control out Of Range (Fuel Pump Driver Module/VLCM)
P1236,Fuel Pump Control Out Of Range (Fuel Pump Driver Module)
P1237,Fuel Pump Secondary Circuit (Fuel Pump Driver Module)
P1238,Fuel Pump Secondary Circuit (Fuel Pump Driver Module)
P1239,Speed Fuel Pump Positive Feed
P123A,BARO - Turbocharger/Supercharger Boost Sensor A Correlation
P123B,BARO - Turbocharger/Supercharger Boost Sensor B Correlation
P123C,Cold Start Turbo Protection - Forced Limited Power
P123D,Turbocharger/Supercharger Compressor Coking Protection - Forced Limited Power
P1240,Sensor Power Supply (see P0641)
P1241,Sensor Power Supply Low 
P1242,Sensor Power Supply High 
P1243,Second Fuel Pump Fault or Ground Fault
P1244,Alternator Load High Input (see P0626)
P1245,Alternator Load Low Input (see P0625)
P1246,Alternator Load Input (see P0622)
P1247,Turbocharger Boost Pressure Low
P1248,Turbocharger Boost Pressure Not Detected
P1249,Wastegate Control Valve Performance
P1250,Fuel Pressure Regulator Control Solenoid
P1251,Air Mixture Solenoid Circuit
P1252,Pedal Correlation PDS1 and LPDS High
P1253,Pedal Correlation PDS1 and LPDS Low
P1254,Pedal Correlation PDS2 and LPDS High
P1255,Pedal Correlation PDS2 and LPDS Low
P1256,Pedal Correlation PDS1 and HPDS
P1257,Pedal Correlation PDS2 and HPDS
P1258,Pedal Correlation PDS1 and PDS2
P1259,Immobilizer to PCM Signal Error
P1260,Theft Detected. Vehicle Immobilized
P1261,Cylinder #1 High To Low Side Short
P1262,Cylinder #2 High To Low Side Short
P1263,Cylinder #3 High To Low Side Short
P1264,Cylinder #4 High To Low Side Short
P1265,Cylinder #5 High To Low Side Short
P1266,Cylinder #6 High To Low Side Short
P1267,Cylinder #7 High To Low Side Short
P1268,Cylinder #8 High To Low Side Short
P1269,Immobilizer Code Not Programmed
P126A,Cylinder 1 Injector Input Circuit
P126B,Cylinder 2 Injector Input Circuit
P126C,Cylinder 3 Injector Input Circuit
P126D,Cylinder 4 Injector Input Circuit
P126E,Cylinder 5 Injector Input Circuit
P126F,Cylinder 6 Injector Input Circuit
P1270,Engine RPM or Vehicle Speed Limiter Reached
P1271,Cylinder #1 High To Low Side Open
P1272,Cylinder #2 High To Low Side Open
P1273,Cylinder #3 High To Low Side Open
P1274,Cylinder #4 High To Low Side Open
P1275,Cylinder #5 High To Low Side Open
P1276,Cylinder #6 High To Low Side Open
P1277,Cylinder #7 High To Low Side Open
P1278,Cylinder #8 High To Low Side Open
P1279,Control Sleeve Sensor Circuit Range/Performance
P127A,Aborted KOER - Fuel Pressure Failure
P127B,Aborted Camshaft Position Timing KOER - Engine Oil Temperature Out of Range
P127C,Manifold Absolute Pressure Sensor Out Of Self Test Range
P127D,Cylinder 7 Injector Input Circuit
P127E,Cylinder 8 Injector Input Circuit
P127F,Cylinder 9 Injector Input Circuit
P1280,Injector Control Pressure Sensor Circuit Low
P1281,Injector Control Pressure Sensor Circuit High
P1282,Injector Control Pressure Higher Than Desired (engine running)
P1283,Injector Pressure Regulator Control Circuit (see P2623)
P1284,Aborted KOER - Injector Control Pressure Failure
P1285,Cylinder Head Overtemperature Condition
P1286,Fuel Pulsewidth In Range But Lower Than Expected
P1287,Fuel Pulsewidth In Range But Higher Than Expected
P1288,Cylinder Head Temperature Sensor Out Of Self Test Range
P1289,Cylinder Head Temperature Sensor Circuit High 
P128A,Cylinder Head Temperature Sensor Circuit Intermittent/Erratic
P128B,Cylinder 10 Injector Input Circuit
P1290,Cylinder Head Temperature Sensor Circuit Low 
P1291,Injector High Side Short To GND Or VBATT - Bank 1
P1292,Injector High Side Short To GND Or VBATT - Bank 2
P1293,Injector High Side Open - Bank 1
P1294,Injector High Side Open - Bank 2
P1295,Injector Multiple Faults - Bank 1
P1296,Injector Multiple Faults - Bank 2
P1297,Injector High Side Switches Shorted Together
P1298,Injector Driver Module Failure
P1299,Cylinder Head Overtemperature Protection Active
P1300,Boost Calibration Fault
P1301,Boost Calibration High
P1302,Boost Calibration Low
P1303,Exhaust Gas Recirculation Calibration Fault
P1304,Exhaust Gas Recirculation Calibration High
P1305,Exhaust Gas Recirculation Calibration Low
P1306,Kickdown Relay Pull-in Circuit
P1307,Kickdown Relay Hold Circuit
P1308,A/C Clutch Circuit
P1309,Misfire Monitor Hardware - CMP Misaligned CKP/CMP Noise PCM AICE Chip
P130A,Knock Sensor 3 Circuit
P130B,Knock Sensor 4 Circuit
P130C,Engine Knock/Combustion Performance
P130D,Engine Knock/Combustion Performance - Forced Limited Power
P130F,Cylinder to Crankshaft Reference Synchronization
P1310,Ionization Misfire Detection Module Fault
P1311,Ionization Misfire Detection Module Communication Fault
P1312,Injection Pump Timing Actuator Circuit
P1313,Misfire Rate Catalyst Damage Fault - Bank 1
P1314,Misfire Rate Catalyst Damage Fault - Bank 2
P1315,Persistent Misfire
P1316,Misfire Rate Exceeds Emissions
P1317,Injector Circuit/Injector Driver Module Codes Not Retrieved
P1318,Injection Timing Piston Position Sensor Circuit
P1319,Injection Timing Piston Position Sensor Circuit Range/Performance
P1320,Distributor Signal Interrupt
P1321,Cylinder #9 High To Low Side Short
P1322,Cylinder #10 High To Low Side Short
P1323,Cylinder #11 High To Low Side Short
P1324,Cylinder #12 High To Low Side Short
P1325,Cylinder #9 High To Low Side Open
P1326,Cylinder #10 High To Low Side Open
P1327,Cylinder #11 High To Low Side Open
P1328,Cylinder #12 High To Low Side Open
P1329,Injector Control Pressure Higher Than Desired (engine running)
P132A,Turbocharger/Supercharger Boost Control A Electrical 
P132B,Turbocharger/Supercharger Boost Control A Performance
P132C,Turbocharger/Supercharger Boost Control A Voltage
P132D,Turbocharger/Supercharger Boost Control B Electrical 
P132E,Turbocharger/Supercharger Boost Control B Performance
P132F,Turbocharger/Supercharger Boost Control B Voltage
P1330,Injector Control Pressure Lower Than Desired (engine running)
P1331,Turbocharger/Supercharger Boost High Side Control Circuit / Open
P1332,Turbocharger/Supercharger Boost High Side Control Circuit Low
P1333,Turbocharger/Supercharger Boost High Side Control Circuit High
P1334,EGR Throttle Position Sensor Minimum/Maximum Stop Performance
P1335,EGR Position Sensor Minimum/Maximum Stop Performance
P1336,Crankshaft/Camshaft Sensor Range/Performance
P1337,Throttle Position Output Circuit
P1338,Fuel Pump Driver Module Communication Circuit (Fuel Pump Driver Module)
P1339,Fuel Pump Driver Module Communication Circuit (Fuel Pump Driver Module)
P1340,Camshaft Position Sensor B Circuit
P1341,Camshaft Position Sensor B Circuit Range/Performance
P1342,Pedal Demand Sensor A Circuit Range/Performance (see P2121)
P1343,Pedal Demand Sensor B Circuit Range/Performance (see P2126)
P1344,Pedal Demand Sensor C Circuit Range/Performance (see P2131)
P1345,Cylinder Discrimination Signal (from CMP sensor)
P1346,Fuel Level Sensor B Circuit
P1347,Fuel Level Sensor B Circuit Range/Performance
P1348,Fuel Level Sensor B Circuit Low 
P1349,Fuel Level Sensor B Circuit High 
P1350,Fuel Level Sensor B Circuit Intermittent
P1351,Ignition Diagnostic Monitor Input Circuit 
P1352,Ignition Coil A Primary Circuit
P1353,Ignition Coil B Primary Circuit
P1354,Ignition Coil C Primary Circuit
P1355,Ignition Coil D Primary Circuit
P1356,Ignition Diagnostic Monitor Indicates Engine Not Turning
P1357,Ignition Diagnostic Monitor Pulsewidth Not Defined
P1358,Ignition Diagnostic Monitor Signal Out Of Self Test Range (no CPU OK)
P1359,Spark Output Circuit
P1360,Ignition Coil A Secondary Circuit
P1361,Ignition Coil B Secondary Circuit
P1362,Ignition Coil C Secondary Circuit
P1363,Ignition Coil D Secondary Circuit
P1364,Ignition Coil Primary Circuit
P1365,Ignition Coil Secondary Circuit
P1366,Ignition Spare
P1367,Ignition Spare
P1368,Ignition Spare
P1369,Engine Temperature Light Circuit
P1370,Insufficient RPM Increase During Spark Test
P1371,Cylinder 1 Ignition Coil - Early Activation Fault
P1372,Cylinder 2 Ignition Coil - Early Activation Fault
P1373,Cylinder 3 Ignition Coil - Early Activation Fault
P1374,Cylinder 4 Ignition Coil - Early Activation Fault
P1375,Cylinder 5 Ignition Coil - Early Activation Fault
P1376,Cylinder 6 Ignition Coil - Early Activation Fault
P1377,Injector Overvoltage Shut-down
P1378,Fuel Injector Control Module System Voltage Low
P1379,Fuel Injector Control Module System Voltage High
P1380,Camshaft Position Actuator Circuit (Bank 1) (see P0010)
P1381,Camshaft Position Timing Over Advanced (Bank 1) (see P0011)
P1382,Camshaft Position Timing Solenoid #1 Circuit
P1383,Camshaft Position Timing Over Retarded (Bank 1) (see P0012)
P1384,Variable Valve Timing Solenoid A Circuit
P1385,Camshaft Position Actuator Circuit (Bank 2) (see P0020)
P1386,Camshaft Position Timing Over Advanced (Bank 2) (see P0021)
P1387,Camshaft Position Timing Solenoid #2 Circuit
P1388,Camshaft Position Timing Over Retarded (Bank 2) (see P0022)
P1389,Glow Plug Circuit High Side. Low Input
P138A,Glow Plug Control Module Control Circuit Range/Performance
P138B,Glow Plug Control Module System Voltage 
P138C,Charge Air Cooler Bypass Position Sensor Minimum/Maximum Stop Performance
P138D,Turbocharger/Supercharger Boost Control A Temperature Too High
P138E,Turbocharger Boost Control Position Sensor A Minimum/Maximum Stop Performance 
P138F,Turbocharger Boost Control Position Sensor B Minimum/Maximum Stop Performance 
P1390,Octane Adjust Service Pin In Use/Circuit Open
P1391,Glow Plug Circuit Low (Bank 1)
P1392,Glow Plug Circuit High (Bank 1)
P1393,Glow Plug Circuit Low (Bank 2)
P1394,Glow Plug Circuit High (Bank 2)
P1395,Glow Plug Monitor Fault (Bank 1)
P1396,Glow Plug Monitor Fault (Bank 2)
P1397,System Voltage Out Of Self Test Range
P1398,Variable Valve Timing Solenoid B Circuit High 
P1399,Glow Plug Circuit High Side. High Input
P1400,Differential Pressure Feedback EGR Circuit Low  (see P0405)
P1401,Differential Pressure Feedback EGR Circuit High  (see P0406)
P1402,Exhaust Gas Recirculation Metering Orifice Restricted
P1403,Differential Pressure Feedback Sensor Hoses Reversed
P1404,EGR Temperature Sensor Circuit
P1405,Differential Pressure Feedback Sensor Upstream Hose Off Or Plugged
P1406,Differential Pressure Feedback Sensor Downstream Hose Off Or Plugged
P1407,Exhaust Gas Recirculation No Flow Detected
P1408,Exhaust Gas Recirculation Flow Out Of Self Test Range
P1409,EGR Vacuum Regulator Solenoid Circuit (se P0403)
P140A,Exhaust Gas Recirculation Sensor C Circuit Low
P140B,Exhaust Gas Recirculation Sensor C Circuit High
P140C,Exhaust Gas Recirculation Control Circuit B
P140D,Exhaust Gas Recirculation Control Circuit B Range/Performance
P140E,EGR Position Sensor C Minimum/Maximum Stop Performance
P140F,EGR Throttle Stuck
P1410,Air Cleaner Inlet Control Circuit
P1411,Secondary Air Injection Incorrect Downstream Flow Detected
P1412,Exhaust Gas Recirculation Valve Frozen
P1413,Secondary Air Injection Monitor Circuit Low  (See P2257)
P1414,Secondary Air Injection Monitor Circuit High  (See P2258)
P1415,Air Pump Circuit
P1416,Port Air Circuit
P1417,Port Air Relief Circuit
P1418,Split Air #1 Circuit
P1419,Split Air #2 Circuit
P141A,Exhaust Gas Recirculation Sensor A Circuit Intermittent/Erratic
P141B,Exhaust Gas Recirculation Sensor B Circuit Intermittent/Erratic
P141C,Exhaust Gas Recirculation Sensor C Circuit Intermittent/Erratic
P141D,EGR Position Sensor B Minimum/Maximum Stop Performance
P141E,Catalyst Temperature Sensor 1/2 Correlation. Bank 1
P141F,Catalyst Temperature Sensor 1/2 Correlation. Bank 2
P1420,Catalyst Temperature Sensor (see P0425)
P1421,Catalyst Damage
P1422,Exhaust Gas Ignition Temperature Sensor
P1423,Exhaust Gas Ignition Functional Test
P1424,Exhaust Gas Ignition Plug Primary
P1425,Exhaust Gas Ignition Plug Secondary
P1426,Exhaust Gas Ignition mini-MAF Sensor Out of Range
P1427,Exhaust Gas Ignition mini-MAF Sensor Circuit Shorted
P1428,Exhaust Gas Ignition mini-MAF Sensor Circuit Open
P1429,Electric Air Pump Primary (see P0418)
P142A,Conditions Incorrect for Secondary Air Self Test
P142B,Exhaust Gas Recirculation Sensor D Circuit
P142C,Exhaust Gas Recirculation Sensor D Range/Performance
P142D,Exhaust Gas Recirculation Sensor D Circuit Low
P142E,Exhaust Gas Recirculation Sensor D Circuit High
P142F,Exhaust Gas Recirculation Sensor D Circuit Intermittent/Erratic
P1430,Electric Air Pump Secondary
P1431,Misfire Monitor Disabled, unable to learn wheel profile (to be deleted, see P0315)
P1432,Thermostat Heater Control Circuit (see P0597)
P1433,A/C Refrigerant Temperature Circuit Low
P1434,A/C Refrigerant Temperature Circuit High
P1435,A/C Refrigerant Temperature Circuit Range/Performance
P1436,A/C Evaporator Air Temperature Circuit Low (see P0537)
P1437,A/C Evaporator Air Temperature Circuit High (see P0538)
P1438,A/C Evaporator Air Temperature Circuit Range/Performance
P1439,Floor Temp Switch Circuit
P143A,Battery State of Charge Low - A/C Clutch Disabled
P143B,Battery State of Charge Low - Forced Limited Power
P143D,A/C Clutch Relay Control B Circuit
P143E,A/C Clutch Relay Control B Circuit Low
P143F,A/C Clutch Relay Control B Circuit High
P1440,Purge Valve Stuck Open
P1441,ELC System 1
P1442,Evaporative Emission System Control Leak Detected
P1443,Evaporative Emission System Control Valve (low/no flow)
P1444,Evaporative Emission System Purge Flow Sensor Circuit Low 
P1445,Evaporative Emission System Purge Flow Sensor Circuit High 
P1446,Evaporative Vacuum Solenoid Circuit
P1447,ELC System Closure Valve Flow
P1448,ELC System 2
P1449,Evaporative Check Solenoid Circuit
P144A,Evaporative Emission System Purge Vapor Line Restricted/Blocked
P144B,Evaporative Emission System Secondary Purge Vapor Line Restricted/Blocked
P144C,EVAP System Purge Flow Performance During Boost
P1450,Unable to Bleed Up Fuel Tank Vacuum
P1451,Evaporative Emission System Vent Control Circuit
P1452,Unable to Bleed Up Fuel Tank Vacuum
P1453,Fuel Tank Pressure Relief Valve Malfunction
P1454,Evaporative Emission System Vacuum Test
P1455,Fuel Tank Level Sensor Circuit
P1456,Fuel Tank Temperature Sensor Circuit
P1457,Unable To Pull Fuel Tank Vacuum
P1458,Ignition Timing Control Solenoid
P1459,A/C Recirculation Switch Out of Self Test Range
P145A,A/C Pressure Insufficient - A/C Clutch Disabled
P145B,A/C Demand Not Activated During Self Test
P145C,Fan System Component Error A
P145D,Fan System Component Error B
P145E,PCV Heater Control B Circuit
P145F,Driven Door Switch Out of Self-Test Range
P1460,Wide Open Throttle A/C Cutout Circuit (see P0645)
P1461,A/C Pressure Sensor Circuit High  (see P0533)
P1462,A/C Pressure Sensor Circuit Low  (see P0532)
P1463,A/C Pressure Sensor Insufficient Pressure Change
P1464,A/C Demand Out Of Self Test Range
P1465,A/C Relay Circuit
P1466,A/C Refrigerant Temperature Sensor Circuit
P1467,A/C Compressor Temperature Sensor
P1468,SSPOD Open Circuit or Closed Circuit
P1469,Rapid A/C Cycling (see P0534)
P1470,A/C Cycling Period Too Short
P1471,Electrodrive Fan 1 Operational Failure (Driver side)
P1472,Electrodrive Fan 2 Operational Failure (Passenger side)
P1473,Fan Circuit Open (VLCM)
P1474,Fan Control Primary Circuit (see P0480)
P1475,Fan Relay (Low) Circuit
P1476,Fan Relay (High) Circuit
P1477,Additional Fan Relay Circuit (see P0482)
P1478,Cooling Fan Driver
P1479,High Fan Control Primary Circuit (see P0481)
P1480,Fan Secondary Low With Low Fan On
P1481,Fan Secondary Low With High Fan On
P1482,SCP
P1483,Fan Circuit Shorted To Ground (VLCM)
P1484,Fan Driver Circuit Open To Power Ground (VLCM)
P1485,EGRV Circuit
P1486,EGRA Circuit
P1487,Exhaust Gas Recirculation Check Solenoid Circuit
P1488,Exhaust (muffler) Bypass Control Circuit
P1489,PCV Heater Control Circuit
P1490,Secondary Air Relief Solenoid Circuit
P1491,Secondary Switch Solenoid Circuit
P1492,APLSOL Solenoid Circuit
P1493,RCNT Solenoid Circuit
P1494,SPCUT Solenoid Circuit
P1495,TCSPL Solenoid Circuit
P1496,EGR Stepper Motor 1 Control Circuit Low/High
P1497,EGR Stepper Motor 2 Control Circuit Low/High
P1498,EGR Stepper Motor 3 Control Circuit Low/High
P1499,EGR Stepper Motor 4 Control Circuit Low/High
P1500,Vehicle Speed Sensor
P1501,Vehicle Speed Sensor Out Of Self Test Range
P1502,Vehicle Speed Sensor Intermittent
P1503,Auxiliary Speed Sensor
P1504,Idle Air Control Circuit (see P0511)
P1505,Idle Air Control System At Adaptive Clip
P1506,Idle Air Control Overspeed Error (see P0507)
P1507,Idle Air Control Underspeed Error (see P0506)
P1508,Idle Up Solenoid 1 Circuit
P1509,Idle Up Solenoid 2 Circuit
P150A,Cylinder 1 Injector Circuit Range/Performance
P150B,Cylinder 2 Injector Circuit Range/Performance
P150C,Cylinder 3 Injector Circuit Range/Performance
P150D,Cylinder 4 Injector Circuit Range/Performance
P150E,Electronic Control Module Cooling Fan Circuit
P150F,Electronic Control Module Cooling Fan Performance
P1510,Idle Signal Circuit
P1511,Idle Switch (Electric Control Throttle) Circuit
P1512,Intake Manifold Runner Control Stuck Closed (Bank 1) (see P2006)
P1513,Intake Manifold Runner Control Stuck Closed (Bank 2) (see P2007)
P1514,High Load Neutral/Drive Fault
P1515,Electric Current Circuit
P1516,Intake Manifold Runner Control Input Error (Bank 1) (see P2014)
P1517,Intake Manifold Runner Control Input Error (Bank 2) (see P2019)
P1518,Intake Manifold Runner Control Stuck Open (Bank 1) (see P2004)
P1519,Intake Manifold Runner Control Stuck Closed (Bank 1) (see P2006)
P151A,Intake Manifold Runner Controller Performance
P151B,Idle Speed Control - RPM Lower Than Expected
P151C,Idle Speed Control - RPM Higher Than Expected
P1520,Intake Manifold Runner Control Circuit (see P2008)
P1521,Variable Resonance Induction System Solenoid #1 Circuit
P1522,Variable Resonance Induction System Solenoid #2 Circuit
P1523,IVC Solenoid Circuit
P1524,Variable Intake Solenoid Circuit
P1525,Air Bypass Valve 
P1526,Air Bypass System
P1527,Bypass Air Solenoid (Accelerate Warm-up) Circuit
P1528,Subsidiary Throttle Valve Solenoid Circuit
P1529,SCAIR Solenoid Circuit
P152A,Ignition Start Lamp A Control Circuit Low
P152B,Ignition Start Lamp A Control Circuit High
P152C,Ignition Start Lamp B Control Circuit Low
P152D,Ignition Start Lamp B Control Circuit High
P152E,Fuel Cutoff Switch Activated
P1530,A/C Clutch Circuit Open (VLCM)
P1531,Invalid Test - Accelerator Pedal Movement
P1532,Intake Manifold Communication Control Circuit (Bank 2) (see P0663)
P1533,Air Assisted Injector Circuit
P1534,Restraint Deployment Indicator Circuit
P1535,Blower Fan Speed Circuit Range/Performance
P1536,Parking Brake Switch Circuit
P1537,Intake Manifold Runner Control Stuck Open (Bank 1) (see P2004)
P1538,Intake Manifold Runner Control Stuck Open (Bank 2) (see P2005)
P1539,A/C Clutch Circuit Overcurrent/Short (VLCM)
P1540,Air Bypass Valve Circuit
P1541,Intake Manifold Runner Control Circuit Range/Performance (see P2015)
P1542,Primary PCM ID Circuit (dual PCM application)
P1543,Engine Coolant Heater A Control Circuit
P1544,Engine Coolant Heater B Control Circuit
P1545,Exhaust Gas Recirculation High Side Control Circuit / Open
P1546,Exhaust Gas Recirculation High Side Control Circuit Low
P1547,Exhaust Gas Recirculation High Side Control Circuit High
P1548,Engine Air Filter Restriction
P1549,Intake Manifold Communication Control Circuit (Bank 1) (see P0660)
P1550,Power Steering Pressure Sensor Out Of Self Test Range
P1551,Cylinder 1 Injector Circuit Range/Performance
P1552,Cylinder 2 Injector Circuit Range/Performance
P1553,Cylinder 3 Injector Circuit Range/Performance
P1554,Cylinder 4 Injector Circuit Range/Performance
P1555,Cylinder 5 Injector Circuit Range/Performance
P1556,Cylinder 6 Injector Circuit Range/Performance
P1557,Cylinder 7 Injector Circuit Range/Performance
P1558,Cylinder 8 Injector Circuit Range/Performance
P1561,Brake Line Pressure Sensor Circuit
P1562,PCM B+ Voltage Low (KAM power)
P1563,Injection Pump Control Module Requesting Engine Stop
P1564,Injection Pump Control Module Requesting Reduced Fueling
P1565,Speed Control Command Switch Out Of Range High
P1566,Speed Control Command Switch Out Of Range Low
P1567,Speed Control Output Circuit
P1568,Speed Control Unable to Hold Speed
P1569,Intake Manifold Runner Control Circuit Low (see P0661)
P1570,Intake Manifold Runner Control Circuit High (see P0662)
P1571,Brake Switch
P1572,Brake Pedal Switch Circuit
P1573,Throttle Position Not Available
P1574,Throttle Position Sensor Outputs Disagree
P1575,Pedal Position Out Of Self Test Range
P1576,Pedal Position Not Available
P1577,Pedal Position Sensor Outputs Disagree
P1578,ETC Power Less Than Demand
P1579,ETC In Power Limiting Mode
P1580,Electronic Throttle Monitor PCM Override
P1581,Electronic Throttle Monitor Malfunction
P1582,Electronic Throttle Monitor Data Available
P1583,Electronic Throttle Monitor Cruise Disablement
P1584,Throttle Control Detected ETB Malfunction
P1585,Throttle Control Malfunction
P1586,Electronic Throttle to PCM Communication Error
P1587,Throttle Control Modulated Command Malfunction
P1588,Throttle Control Detected Loss Of Return Spring
P1589,Throttle Control Unable To Control To Desired Throttle Angle
P1590,Cruise Control INCREASE DISTANCE Signal
P1591,Cruise Control DECREASE DISTANCE Signal
P1592,Vehicle Data Recorder Data Available
P1593,Cruise Control Monitor Fault
P1594,Forced Engine Shutdown - Remote Start System Fault, No Unattended Vehicle Timeout
P1595,Forced Engine Shutdown - Remote Start System Fault, Transmission Range Not In Park Position
P1600,Loss Of KAM Power, Circuit Open
P1601,ECM/TCM Serial Communication Error
P1602,Immobilizer/ECM Communication Error
P1603,EEPROM Malfunction
P1604,Code Word Unregistered
P1605,Keep Alive Memory Test Failure
P1606,ECM Control Relay Output Circuit
P1607,MIL Output Circuit
P1608,PCM Internal Circuit
P1609,Diagnostic Lamp Driver
P160A,Control Module Vehicle Options Reconfiguration Error
P160B,Generator Mismatch with Vehicle Configuration
P160C,Control Module Software Performance
P160E,PCM/ECM/TCM Non-Volatile Random Access Memory (NVRAM) Error
P160F,PCM/ECM/TCM Non-Volatile Random Access Memory (NVRAM) Performance
P1610,Interactive Reprogramming Code - replace module (used with P1615/17/19/20)
P1611,Interactive Reprogramming Code - diagnose further (used with P1616/18)
P1612,Interactive Reprogramming Code - repeat test - engine is cranking
P1613,Interactive Reprogramming Code - TBD
P1614,Interactive Reprogramming Code - TBD
P1615,Interactive Reprogramming Code - erase error
P1616,Interactive Reprogramming Code - erase error, low voltage
P1617,Interactive Reprogramming Code - block program error
P1618,Interactive Reprogramming Code - block program error, low voltage
P1619,Interactive Reprogramming Code - total checksum error
P161A,Incorrect Response from Immobilizer Control Module
P161B,Incorrect Response from Secondary Immobilizer Module
P1620,Interactive Reprogramming Code - overlay checksum error
P1621,Immobilizer Code Words Do Not Match
P1622,Immobilizer ID Does Not Match
P1623,Immobilizer Code Word/ID Number Write Failure
P1624,Anti-theft System
P1625,Fan Driver Circuit Open to Power B+ (VLCM)
P1626,A/C Circuit Open to Power B+ (VLCM)
P1627,Module Supply Voltage Out Of Range
P1628,Module Ignition Supply Input
P1629,Internal Voltage Regulator
P162A,Sensor Reference Voltage D Circuit/Open
P162B,Sensor Reference Voltage D Circuit Low
P162C,Sensor Reference Voltage D Circuit High
P162D,Internal Control Module Cruise Control Performance
P162E,Internal Control Module PTO Control Performance
P162F,Starter Motor Disabled - Engine Crank Time Too Long
P1630,Internal Vref 
P1631,Main Relay (power hold) (see P0685)
P1632,Smart Alternator Faults Sensor / Circuit
P1633,Keep Alive Power Voltage Too Low
P1634,Data Output Link Circuit
P1635,Tire/Axle Out of Acceptable Range
P1636,Inductive Signature Chip Communication Error
P1637,CAN Link ECM/ABS Control Module Circuit/Network
P1638,CAN Link ECM/INSTM Circuit/Network
P1639,Vehicle ID Block Corrupted, Not Programmed
P163A,Generator B Control Circuit
P163B,Generator B Field Terminal Circuit
P163C,Generator B Field Terminal Circuit Low
P163D,Generator B Field Terminal Circuit High
P163E,Transmission Control Module Programming Error
P163F,Transmission ID Block Corrupted, Not Programmed
P1640,Powertrain DTCs Available In Another Control Module (Ref. PID 0946)
P1641,Fuel Pump Primary Circuit
P1642,CAN Link Circuit
P1643,CAN Link Engine Control Module/Transmission Control Module Circuit/Network
P1644,Fuel Pump Speed Control Circuit
P1645,Fuel Pump Resistor Switch Circuit
P1646,Linear O2 Sensor Control Chip (Bank 1)
P1647,Linear O2 Sensor Control Chip (Bank 2)
P1648,Knock Sensor Input Chip
P1649,Fuel Injection Pump Module
P164A,O2 Sensor Positive Current Trim Circuit Performance (Bank 1 Sensor 1)
P164B,O2 Sensor Positive Current Trim Circuit Performance (Bank 2 Sensor 1)
P164C,Internal Control Module Start-Stop Performance
P164D,All Wheel Drive ID Block Corrupted, Not Programmed
P164E,Internal Control Module Transmission Range Select Performance
P1650,Power Steering Pressure Switch Out Of Self Test Range
P1651,Power Steering Pressure Switch Input
P1652,Idle Air Control Monitor Disabled By PSPS Failed On
P1653,Power Steering Output Circuit
P1654,Recirculation Override Circuit
P1655,Starter Disable Circuit
P1656,CAN Link PCM/PCM Circuit/Network
P1657,CAN Link Chip Malfunction
P1658,Injection Pump Control Module System Voltage
P1659,Injection Pump Control Module Power Circuit
P165A,Grille Shutter A Position Sensor Circuit
P165B,Grille Shutter A Performance/Stuck
P165C,Grille Shutter A Minimum/Maximum Stop Performance
P165D,Grille Shutter A Control Circuit
P165E,Grille Shutter Control Module A Supply Voltage Circuit Low
P165F,PCM/ECM/TCM Vehicle Options Error
P1660,Output Circuit Check Circuit High 
P1661,Output Circuit Check Circuit Low 
P1662,EDU_EN Output Circuit
P1663,Fuel Demand Command Signal Output Circuit
P1664,Injection Pump Control Module Malfunction
P1665,Injection Pump Control Module Communications
P1666,Injection Pump Control Module/ECM Crank Reference Synchronization
P1667,Cylinder ID Circuit
P1668,PCM/IDM Communications Error
P1669,Injection Pump Control Module Monitoring ECM Fault
P166A,Restraints Deployment Communication Circuit
P166B,Drivers Door Status Correlation
P1670,Electronic Feedback Signal Not Detected
P1671,Secondary Fuel Pump Relay
P1672,CAN Link ECM / Suspension Control Module Circuit/Network
P1673,ABS Lamp Control Circuit
P1674,Control Module Software Corrupted
P1675,Injector Data Not Programmed
P1676,Injector Data Incompatible
P1677,Alternative Fuel Control Module Communication Circuit
P1678,Low Oil Pressure Lamp Control Circuit
P1679,Engine Oil Pressure Output Circuit
P167A,Alternative Fuel Control Module Communication Circuit Low
P167B,Fuel Injector Learning Not Done
P167C,CAN Link PCM/PCM Circuit/Network
P167D,Brake Switch A/B Signal Performance
P167E,Non-OEM Calibration Detected - Torque Above Max Limit
P167F,Non-OEM Calibration Detected
P1680,Metering Oil Pump Failure
P1681,Metering Oil Pump Failure
P1682,Metering Oil Pump Failure
P1683,Metering Oil Pump Temperature Sensor Circuit
P1684,Metering Oil Pump Position Sensor Circuit
P1685,Metering Oil Pump Stepping Motor Cont. Circuit
P1686,Metering Oil Pump Stepping Motor Cont. Circuit
P1687,Metering Oil Pump Stepping Motor Cont. Circuit
P1688,Metering Oil Pump Stepping Motor Cont. Circuit
P1689,Oil Pressure Control Solenoid Circuit
P168F,Cold Start Injection System Performance
P1690,Wastegate Solenoid Circuit
P1691,Turbocharger Pressure Control Solenoid Circuit
P1692,Turbocharger Control Solenoid Circuit
P1693,Turbocharger Charge Control Circuit
P1694,Turbocharger Charge Relief Circuit
P1695,CAN Link Injection Pump Control Module/Engine Control Module
P1696,CAN Link Engine Control Module/Cruise Control Module Circuit/Network
P1697,Cruise Control Distance-Control Input Circuit
P1698,Cold Start Fuel Pump Primary Circuit     (Brazil ethanol vehicles only)
P1699,CAN Link ECM / Climate Control Module
P169A,Cold Start Fuel Pump Primary Circuit Low
P169B,Cold Start Fuel Pump Primary Circuit High
P169C,Cold Start Fuel Pump Secondary Circuit Open
P169D,Cold Start Fuel Pump Secondary Circuit Low
P169E,Cold Start Fuel Pump Secondary Circuit High
P169F,Control Module - Unused Fault Code
P1700,Transmission Indeterminate Failure (Failed to Neutral)
P1701,Reverse Engagement Error
P1702,Transmission Range Sensor Circuit Intermittent
P1703,Brake Switch Out Of Self Test Range
P1704,Transmission Range Circuit Not Indicating Park/Neutral During Self Test
P1705,Transmission Range Circuit Not Indicating Park/Neutral During Self Test
P1706,High Vehicle Speed Observed in Park
P1707,Transfer Case Neutral or Park/Neutral Indication Circuit
P1708,Clutch Switch Circuit
P1709,Park Neutral Position Switch Out Of Self Test Range
P170A,Clutch Switch Out Of Self Test Range
P170B,Clutch Adaptive Learning Not Done - Incorrect Engine Conditions
P170C,Clutch A Engagement Time Performance
P170D,Clutch B Engagement Time Performance
P170E,Clutch Delivered Torque Performance
P170F,Clutch Pressure Release Valve Failed
P1710,Transmission Control Module Solenoid/Internal Ground Circuit
P1711,Transmission Fluid Temperature Sensor Out Of Self Test Range
P1712,Transmission Torque Reduction Request Signal
P1713,Transmission Fluid Temperature Sensor In Range Failure (< 50 deg F)
P1714,Shift Solenoid A Inductive Signature
P1715,Shift Solenoid B Inductive Signature
P1716,Shift Solenoid C Inductive Signature
P1717,Shift Solenoid D Inductive Signature
P1718,Transmission Fluid Temperature Sensor In Range Failure (> 250 deg F)
P1719,Engine Torque Signal
P171A,Shift Fork A Stuck, Movement on Shift Fork B
P171B,Shift Fork A Stuck, Movement on Shift Fork C
P171C,Shift Fork B Stuck, Movement on Shift Fork A
P171D,Shift Fork B Stuck, Movement on Shift Fork D
P171E,Shift Fork C Stuck, Movement on Shift Fork A
P171F,Shift Fork C Stuck, Movement on Shift Fork D
P1720,Vehicle Speed (Meter) Circuit
P1721,Gear 1 Incorrect Ratio
P1722,Gear 2 Incorrect Ratio
P1723,Gear 3 Incorrect Ratio
P1724,Gear 4 Incorrect Ratio
P1725,Insufficient Engine Speed Increase During Self Test
P1726,Insufficient Engine Speed Decrease During Self Test
P1727,Coast Clutch Solenoid Inductive Signature
P1728,Transmission Slip
P1729,4x4L Switch
P172A,Shift Fork D Stuck, Movement on Shift Fork B
P172B,Shift Fork D Stuck, Movement on Shift Fork C
P172C,Shift Fork A/B Direction Control Valve Stuck On
P172D,Shift Fork A/B Direction Control Valve Stuck Off
P172E,Shift Fork C/D Direction Control Valve Stuck On
P172F,Shift Fork C/D Direction Control Valve Stuck Off
P1730,Gear Control Malfunction 2;3;5
P1731,1-2 Shift Malfunction
P1732,2-3 Shift Malfunction
P1733,3-4 Shift Malfunction
P1734,4-5 Shift Malfunction
P1735,First Gear Switch Circuit Failure
P1736,Second Gear Switch Circuit Failure
P1737,Lockup Solenoid
P1738,Shift Time Error
P1739,Slip Solenoid
P173A,Clutch Actuator Position Sensor Circuit Range/Performance
P173B,Clutch Actuator Position Sensor Circuit Low
P173C,Clutch Actuator Position Sensor Circuit High
P173D,Ignition Key Lock Solenoid Circuit / Open
P173E,Ignition Key Lock Solenoid Circuit Low
P173F,Ignition Key Lock Solenoid Circuit High
P1740,Torque Converter Clutch Solenoid Inductive Signature
P1741,Torque Converter Clutch Solenoid Control Error
P1742,Torque Converter Clutch Solenoid Circuit Failed On
P1743,Torque Converter Clutch Solenoid Circuit Failed On
P1744,Torque Converter Clutch Solenoid Circuit Performance
P1745,Line Pressure Solenoid
P1746,Pressure Control Solenoid A Open Circuit (see P0960)
P1747,Pressure Control Solenoid A Short Circuit (see P0962)
P1748,Pressure Control Solenoid A
P1749,Pressure Control Solenoid A Failed Low
P174A,Gear Lever X Position Sensor Circuit Low
P174B,Gear Lever X Position Sensor Circuit High
P174C,Gear Lever Y Position Sensor Circuit Low
P174D,Gear Lever Y Position Sensor Circuit High
P174E,Output Shaft Speed / ABS Wheel Speed Correlation
P174F,Traction Control Enable/Disable Switch Lamp Circuit
P1750,Clutch Adaptive Learning Not Done
P1751,Shift Solenoid A Performance
P1752,Shift Solenoid A Circuit Short
P1753,Gear Shift Position Sensor Alignment
P1754,Coast Clutch Solenoid Circuit
P1755,CAN ECM/Park Brake Control Module Circuit Malfunction
P1756,Shift Solenoid B Performance
P1757,Shift Solenoid B Circuit Short
P1758,Pressure Solenoid Control System Incorrect Current
P1759,2-4 Brake Failsafe Valve Malfunction
P175A,Transmission Fluid Over Temperature Condition - Electric Transmission Fluid Pump Disabled
P175B,Transmission Range Control Module Shift Cable Disconnected/Misadjusted
P1760,Pressure Control Solenoid A Short Circuit Intermittent (see P0963)
P1761,Shift Solenoid C Performance
P1762,Overdrive Band Failed Off
P1763,Low and Reverse Brake Pressure Switch Circuit
P1764,Low and Reverse Brake Failsafe Valve Malfunction
P1765,Timing Solenoid Circuit
P1766,Shift Solenoid D Performance
P1767,Torque Converter Clutch Circuit
P1768,Performance/Normal/Winter Mode Input
P1769,AG4 Transmission Torque Modulation Fault (VW trans)
P176A,Transmission Range Selector Up and Down Position Circuit
P176B,Transmission Range Selector Up and Down Position Control Error
P176C,Transmission Range Selector Lock Control Error
P176D,Transmission Range Selector Incorrect Position At Key On
P176E,Clutch Pedal A / Clutch Position Sensor Correlation
P176F,Clutch Pedal B / Clutch Position Sensor Correlation
P1770,Clutch Solenoid Circuit
P1771,Throttle Position Sensor Circuit High 
P1772,Throttle Position Sensor Circuit Low 
P1773,CAN Link PCM/Fuel Fired Heater Malfunction
P1774,CAN Link Gear Shift Module / TCM 
P1775,Torque Down Signal #1 Circuit
P1776,Torque Down Signal #2 Circuit
P1777,Torque Down Response Signal Circuit
P1778,Transmission Reverse I/P Circuit
P1779,Transmission Control Indicator Light Circuit
P177A,Transmission Range Select Motor
P177B,Transmission Range Select Motor Current Too High
P177C,Default Position Motor
P177D,Default Position Motor Current Too High
P177E,Default Position Sensor Range/Performance
P1780,Transmission Control Switch (O/D Cancel) Circuit Out Of Self Test Range
P1781,4X4L Circuit Out Of Self Test Range
P1782,Performance/Economy Switch Circuit Out Of Self Test Range
P1783,Transmission Overtemperature Condition
P1784,Transmission Mechanical Failure - First And Reverse
P1785,Transmission Mechanical Failure - First And Second
P1786,3-2 Downshift Error
P1787,2-1 Downshift Error
P1788,Pressure Control Solenoid B Open Circuit (see P0964)
P1789,Pressure Control Solenoid B Short Circuit (see P0966)
P1790,TP (Mechanical) Circuit
P1791,TP (Electric) Circuit
P1792,Barometer Pressure Circuit
P1793,Intake Air Volume Circuit
P1794,Battery Voltage Circuit
P1795,Inconsistent CAN Level
P1796,CAN Controller Circuit (Bus off)
P1797,Clutch Pedal Position Switch/Neutral Switch Circuit
P1798,Coolant Temperature Circuit
P1799,Hold Switch Circuit
P179A,CAN ECM/Turbocharger Boost Control A Actuator Circuit Malfunction
P179B,CAN ECM/Turbocharger Boost Control A Actuator - Invalid Data Received
P1800,Transmission Clutch Interlock Safety Switch Circuit Failure
P1801,Transmission Clutch Interlock Safety Switch Open Circuit
P1802,Transmission Clutch Interlock Safety Switch Short Circuit To Battery
P1803,Transmission Clutch Interlock Safety Switch Short Circuit To Ground
P1804,4-Wheel Drive High Indicator Circuit Failure
P1805,4-Wheel Drive High Indicator Open Circuit
P1806,4-Wheel Drive High Indicator Short Circuit To Battery
P1807,4-Wheel Drive High Indicator Short Circuit To Ground
P1808,4-Wheel Drive Low Indicator Circuit Failure
P1809,4-Wheel Drive Low Indicator Open Circuit
P1810,4-Wheel Drive Low Indicator Short Circuit To Battery
P1811,4-Wheel Drive Low Indicator Short Circuit To Ground
P1812,4-Wheel Drive Mode Select Circuit Failure
P1813,4-Wheel Drive Mode Select Open Circuit
P1814,4-Wheel Drive Mode Select Short Circuit To Battery
P1815,4-Wheel Drive Mode Select Short Circuit To Ground
P1816,Transmission Neutral Safety Switch Circuit Failure
P1817,Transmission Neutral Safety Switch Open Circuit
P1818,Transmission Neutral Safety Switch Short Circuit To Battery
P1819,Transmission Neutral Safety Switch Short Circuit To Ground
P181A,Clutch Actuator Changeover Solenoid / Open
P181B,Clutch Actuator Changeover Solenoid Low
P181C,Clutch Actuator Changeover Solenoid High
P181D,Clutch Actuator Changeover Solenoid Range/Performance
P181E,Clutch Actuator Range/Performance
P181F,Clutch Control System Performance
P1820,Transfer Case Clockwise Shift Relay Coil Circuit Failure
P1821,Transfer Case Clockwise Shift Relay Coil Open Circuit
P1822,Transfer Case Clockwise Shift Relay Coil Short Circuit To Battery
P1823,Transfer Case Clockwise Shift Relay Coil Short Circuit To Ground
P1824,4-Wheel Drive Clutch Relay Circuit Failure
P1825,4-Wheel Drive Clutch Relay Open Circuit
P1826,4-Wheel Drive Low Clutch Relay Circuit To Battery
P1827,4-Wheel Drive Low Clutch Relay Circuit To Ground
P1828,Transfer Case Counter Clockwise Shift Relay Coil Circuit Failure
P1829,Transfer Case Counter Clockwise Shift Relay Coil Open Circuit
P182A,Transfer Case Fluid Temperature Sensor Circuit
P182B,Transfer Case Fluid Temperature Sensor Circuit Range/Performance
P182C,Transfer Case Fluid Temperature Sensor Circuit Low
P182D,Transfer Case Fluid Temperature Sensor Circuit High
P182E,Transfer Case Fluid Temperature Sensor Circuit Intermittent
P182F,All Wheel Drive Clutch Capacity Exceeded - AWD Disabled
P1830,Transfer Case Counter Clockwise Shift Relay Coil Short Circuit To Battery
P1831,Transfer Case Counter Clockwise Shift Relay Coil Short Circuit To Ground
P1832,Transfer Case Differential Lock-Up Solenoid Circuit Failure
P1833,Transfer Case Differential Lock-Up Solenoid Open Circuit
P1834,Transfer Case Differential Lock-Up Solenoid Short Circuit To Battery
P1835,Transfer Case Differential Lock-Up Solenoid Short Circuit To Ground
P1836,Transfer Case Front Shaft Speed Sensor Circuit Failure
P1837,Transfer Case Rear Shaft Speed Sensor Circuit Failure
P1838,Transfer Case Shift Motor Circuit Failure
P1839,Transfer Case Shift Motor Open Circuit
P183A,Range Change Mechanism Failure
P183B,4-Wheel Drive Clutch Coil Return Circuit Open
P183C,Transfer Case Cooling Fan Control Circuit
P183D,Transfer Case Fluid Over Temperature
P1840,Transfer Case Shift Motor Short Circuit To Battery
P1841,Transfer Case Shift Motor Short Circuit To Ground
P1842,Transfer Case Differential Lock-Up Feedback Switch Circuit Failure
P1843,Transfer Case Differential Lock-Up Feedback Switch Open Circuit
P1844,Transfer Case Differential Lock-Up Feedback Switch Short Circuit To Battery
P1845,Transfer Case Differential Lock-Up Feedback Switch Short Circuit To Ground
P1846,Transfer Case Contact Plate 'A' Circuit Failure
P1847,Transfer Case Contact Plate 'A' Open Circuit
P1848,Transfer Case Contact Plate 'A' Short Circuit To Battery
P1849,Transfer Case Contact Plate 'A' Short Circuit To Ground
P184A,Transfer Case Unable To Transition Between 4x2 and 4x4 Mode
P184B,Transfer Case Unable To Transition Between 4x4 High and 4x4 Low Range
P184C,Transfer Case Transition Time Range/Performance
P184D,Transfer Case Unable To Transition Between 4x4 High and 4x4 Low Range - Improper Clutch Operation
P1850,Transfer Case Contact Plate 'B' Circuit Failure
P1851,Transfer Case Contact Plate 'B' Open Circuit
P1852,Transfer Case Contact Plate 'B' Short Circuit To Battery
P1853,Transfer Case Contact Plate 'B' Short Circuit To Ground
P1854,Transfer Case Contact Plate 'C' Circuit Failure
P1855,Transfer Case Contact Plate 'C' Open Circuit
P1856,Transfer Case Contact Plate 'C' Short Circuit To Battery
P1857,Transfer Case Contact Plate 'C' Short Circuit To Ground
P1858,Transfer Case Contact Plate 'D' Circuit Failure
P1859,Transfer Case Contact Plate 'D' Open Circuit
P185A,Differential Lock-Up Input Switch Circuit High
P185B,Differential Lock-Up Indicator Circuit Low
P185C,Differential Lock-Up Indicator Circuit High
P185D,Differential Lock-Up Control Circuit Performance
P1860,Transfer Case Contact Plate 'D' Short Circuit To Battery
P1861,Transfer Case Contact Plate 'D' Short Circuit To Ground
P1862,Transfer Case Contact Plate Power Circuit Failure
P1863,Transfer Case Contact Plate Power Open Circuit
P1864,Transfer Case Contact Plate Power Short To Battery
P1865,Transfer Case Contact Plate Power Short To Ground
P1866,Transfer Case System Concern - Servicing Required
P1867,Transfer Case Contact Plate General Circuit Failure
P1868,4-Wheel Drive Indicator (Lamp) Circuit Failure
P1869,4-Wheel Drive Indicator (Lamp) Circuit Short To Battery
P186A,Differential Lock-up Actuator Brake Control Circuit / Open
P186B,Differential Lock-up Actuator Brake Control Circuit Low
P186C,Differential Lock-up Actuator Brake Control Circuit High
P186D,Clutch Actuator Stuck
P186E,Differential Oil Filter Leakage
P186F,Differential Control Module - Software Incompatibility
P1870,Mechanical Transfer Case 4x4 Switch Circuit Failure
P1871,Mechanical Transfer Case 4x4 Switch Circuit Short To Battery
P1872,Mechanical 4-Wheel Drive Axle Lock Lamp Circuit Failure
P1873,Mechanical 4-Wheel Drive Axle Lock Lamp Circuit Short To Battery
P1874,Transfer Case Hall Effect Sensor Power Circuit Failure
P1875,Transfer Case Hall Effect Sensor Power Circuit Short To Battery
P1876,Transfer Case 2-Wheel Drive Solenoid Circuit Failure
P1877,Transfer Case 2-Wheel Drive Solenoid Circuit Short To Battery
P1878,Transfer Case Disengaged Solenoid Circuit Failure
P1879,Transfer Case Disengaged Solenoid Open Circuit
P187A,Transfer Case Control Module System Voltage Low - Rear Locking Differential Disabled
P187B,Tire Size Out of Acceptable Range - AWD Disabled / Limited Function
P187C,Differential Lock-Up Control Circuit/Open
P187D,Differential Lock-Up Control Circuit Low
P187E,Differential Lock-Up Control Circuit High
P187F,Differential Lock-Up Input Switch Circuit Low
P1880,Transfer Case Disengaged Solenoid Short to Battery
P1881,Engine Coolant Level Switch Circuit
P1882,Engine Coolant Level Switch Circuit Short To Ground
P1883,Engine Coolant Level Switch Circuit
P1884,Engine Coolant Level Lamp Circuit Short To Ground
P1885,Transfer Case Disengaged Solenoid Short to Ground
P1886,4X4 Initialization Failure
P1887,4-Wheel Drive Control Solenoid Circuit Failure
P1888,Differential Oil Temperature Sensor Circuit Failure
P1889,Oil Pressure Pump Performance
P188A,Differential Oil Temperature Too High/Too Low
P188B,All Wheel Drive Clutch Control Circuit
P188C,All Wheel Drive Relay Module Communication Circuit
P188D,All Wheel Drive Relay Module Feedback Circuit
P188E,Oil Pressure Pump Control Circuit
P188F,Transfer Case Contact Plate Ground Return Short to Battery
P1890,4-Wheel Drive Mode Select Return Input Circuit Failure
P1891,Transfer Case Contact Plate Ground Return Open Circuit
P1892,Axle Disconnect Engagement Solenoid Circuit High
P1893,Axle Disconnect Engagement Solenoid Circuit Low
P1894,Axle Disconnect Disengagement Solenoid Circuit High
P1895,Axle Disconnect Disengagement Solenoid Circuit Low
P1896,Axle Disconnect Engagement Position Sensor Circuit High
P1897,Axle Disconnect Engagement Position Sensor Circuit Low
P1898,Axle Disconnect Indicator Circuit High
P1899,Axle Disconnect Indicator Circuit Low
P189A,Axle Disconnect Input Switch Circuit Low
P189B,Axle Disconnect Input Switch Circuit High
P1900,Output Shaft Speed Sensor Circuit Intermittent
P1901,Turbine Shaft Speed Sensor Circuit Intermittent
P1902,Kickdown Solenoid Relay Control Circuit
P1903,Kickdown Solenoid Circuit Low Voltage
P1904,Kickdown Solenoid Circuit High Voltage
P1905,Control Module Configured for End-of-Line Test Mode
P1906,Kickdown Pull Relay Open Or Short Circuit To Ground (A4LD)
P1907,Kickdown Hold Relay Open Or Short Circuit To Ground (A4LD)
P1908,Transmission Pressure Control Solenoid Open Or Short (A4LD)
P1909,Transmission Fluid Temperature Sensor Circuit Open Or Short (A4LD)
P1910,Reverse Lamp Control Circuit / Open
P1911,Reverse Lamp Control Circuit Low
P1912,Reverse Lamp Control Circuit High
P1913,Sensor Ground Reference A Circuit/Open
P1914,Sensor Ground Reference A Circuit Low
P1915,Sensor Ground Reference A Circuit High
P1916,Sensor Ground Reference B Circuit/Open
P1917,Sensor Ground Reference B Circuit Low
P1918,Sensor Ground Reference B Circuit High
P1919,Engine Coolant Temperature Signal
P1920,Engine Speed Signal
P1921,Transmission Range Signal
P1922,Fuel Additive Level Circuit
P1923,Fuel Additive Level Circuit Range/Performance
P1924,Fuel Additive Level Circuit Low
P1925,Fuel Additive Level Circuit High
P1926,Fuel Additive Level Circuit Intermittent/Erratic
P1927,Fuel Additive Level Too Low/Empty
P1928,Fuel Additive Pump Control Circuit / Open
P1929,Fuel Additive Pump Control Circuit Performance
P1930,Fuel Additive Pump Control Circuit Low
P1931,Fuel Additive Pump Control Circuit High
P1932,Fuel Additive Level Low
P1933,Fuel Level Signal
P1934,Vehicle Speed Signal
P1935,Brake Switch/Sensor Signal
P1936,Clutch Switch/Sensor Signal
P1937,Fuel Fired Heater Control Circuit / Open
P1938,Fuel Fired Heater Control Circuit Low
P1939,Fuel Fired Heater Control Circuit High
P193A,Invalid Scan Tool Communication/Request
P193B,Throttle/Pedal Signal
P193C,Steering Wheel Angle Signal
P193D,Cruise Control Multi-Function Input Signal
P193E,A/C Clutch Request Signal
P193F,Vehicle Speed Signal Intermittent
P1A01,Generator Brake Performance
P1A02,Transmission One Way Clutch Performance
P1A03,Drive Motor A Shutdown Circuit
P1A04,Generator Shutdown Circuit
P1A05,Desired Engine Speed Signal
P1A06,Vehicle Mode Signal
P1A07,Inverter High Voltage Performance
P1A08,Generator Mode Signal
P1A09,Hybrid Battery Power Off Signal
P1A0A,Immediate Shutdown Signal A
P1A0B,Hybrid Battery Power Limit Exceeded
P1A0C,Hybrid Powertrain Control Module - Engine Disabled
P1A0D,Hybrid Powertrain Control Module - Generator Disabled
P1A0E,Hybrid Powertrain Control Module - Motor Disabled
P1A0F,Hybrid Powertrain Control Module - Vehicle Disabled
P1A10,Hybrid Powertrain Control Module - Battery Disabled
P1A11,Hybrid Powertrain Control Module - One Way Clutch Disabled
P1A12,Hybrid Powertrain Control Module - Generator Brake Disabled
P1A13,Hybrid Powertrain Control Module - Regenerative Braking Disabled
P1A14,Hybrid Powertrain Control Module - Transmission Disabled
P1A15,Immediate Shutdown Signal B
P1A16,Variable Voltage Controller Voltage Control Circuit
P1A17,Variable Voltage Controller Processor
P1A18,Variable Voltage Controller Inductor Temperature Sensor Circuit
P1A19,Variable Voltage Controller Driver Temperature Sensor Circuit
P1A1A,Variable Voltage Controller Over Temperature
P1A1B,Brake System Control Module - Forced Engine Running
P1A1C,Hybrid Battery A Power Switching Relay Performance
P1A1D,Hybrid Battery B Power Switching Relay Performance
P1A1E,Hybrid/EV Battery Contactor Control Signal
P1A1F,Hybrid/EV Battery Interpack Contactor A Control Circuit/Open
P1A20,Hybrid/EV Battery Interpack Contactor A Control Circuit Low
P1A21,Hybrid/EV Battery Interpack Contactor A Control Circuit High
P1A22,Hybrid/EV Battery Interpack Contactor A Stuck Closed
P1A23,Hybrid/EV Battery Interpack Contactor A Stuck Open
P1A24,Hybrid/EV Battery Interpack Contactor B Control Circuit/Open
P1A25,Hybrid/EV Battery Interpack Contactor B Control Circuit Low
P1A26,Hybrid/EV Battery Interpack Contactor B Control Circuit High
P1A27,Hybrid/EV Battery Interpack Contactor B Stuck Closed
P1A28,Hybrid/EV Battery Interpack Contactor B Stuck Open
P1A29,High Voltage Service Disconnect B Open
P1A2A,Hybrid/EV Battery Charging Disabled - Loss of Vehicle Communications
P1A2B,A/C Refrigerant Distribution Valve B Control Circuit/Open
P1A2C,A/C Refrigerant Distribution Valve B Control Circuit Low
P1A2D,A/C Refrigerant Distribution Valve B Control Circuit High
P2000,NOx Trap Efficiency Below Threshold (Bank 1)
P2001,NOx Trap Efficiency Below Threshold (Bank 2)
P2002,Diesel Particulate Filter Efficiency Below Threshold (Bank 1)
P2003,Diesel Particulate Filter Efficiency Below Threshold (Bank 2)
P2004,Intake Manifold Runner Control Stuck Open (Bank 1)
P2005,Intake Manifold Runner Control Stuck Open (Bank 2)
P2006,Intake Manifold Runner Control Stuck Closed (Bank 1)
P2007,Intake Manifold Runner Control Stuck Closed (Bank 2)
P2008,Intake Manifold Runner Control Circuit / Open (Bank 1)
P2009,Intake Manifold Runner Control Circuit Low (Bank 1)
P200A,Intake Manifold Runner Performance - Bank 1
P200B,Intake Manifold Runner Performance - Bank 2
P200C,Diesel Particulate Filter Over Temperature (Bank 1)
P200D,Diesel Particulate Filter Over Temperature (Bank 2)
P200E,Catalyst System Over Temperature
P200F,Catalyst System Over Temperature (Bank 2)
P2010,Intake Manifold Runner Control Circuit High (Bank 1)
P2011,Intake Manifold Runner Control Circuit / Open (Bank 2)
P2012,Intake Manifold Runner Control Circuit Low (Bank 2)
P2013,Intake Manifold Runner Control Circuit High (Bank 2)
P2014,Intake Manifold Runner Position Sensor/Switch Circuit (Bank 1)
P2015,Intake Manifold Runner Position Sensor/Switch Circuit Range/Perf. (Bank 1)
P2016,Intake Manifold Runner Position Sensor/Switch Circuit Low (Bank 1)
P2017,Intake Manifold Runner Position Sensor/Switch Circuit High (Bank 1)
P2018,Intake Manifold Runner Position Sensor/Switch Circuit Intermittent (Bank 1)
P2019,Intake Manifold Runner Position Sensor/Switch Circuit (Bank 2)
P201A,Reductant Injection Valve Circuit Range/Performance (Bank 2 Unit 1)
P201B,Intake Manifold Runner Control Actuator Supply Voltage Low (Bank 1)
P201C,Intake Manifold Runner Control Actuator Supply Voltage Low (Bank 2)
P201D,Intake Manifold Runner Control Actuator Internal Performance (Bank 1)
P201E,Intake Manifold Runner Control Actuator Internal Performance (Bank 2)
P201F,Reductant Pump A Stuck On
P2020,Intake Manifold Runner Position Sensor/Switch Circuit Range/Perf. (Bank 2)
P2021,Intake Manifold Runner Position Sensor/Switch Circuit Low (Bank 2)
P2022,Intake Manifold Runner Position Sensor/Switch Circuit High (Bank 2)
P2023,Intake Manifold Runner Position Sensor/Switch Circuit Intermittent (Bank 2)
P2024,Evaporative Emissions Fuel Vapor Temperature Sensor Circuit
P2025,Evaporative Emissions Fuel Vapor Temperature Sensor Circuit Performance
P2026,Evaporative Emissions Fuel Vapor Temperature Sensor Circuit Low Voltage
P2027,Evaporative Emissions Fuel Vapor Temperature Sensor Circuit High Voltage
P2028,Evaporative Emissions Fuel Vapor Temperature Sensor Circuit Intermittent
P2029,Fuel Fired Heater Disabled
P202A,Reductant Tank Heater Control Circuit / Open
P202B,Reductant Tank Heater Control Circuit Low
P202C,Reductant Tank Heater Control Circuit High
P202D,Reductant Leakage
P202E,Reductant Injector Circuit Range/Performance
P202F,Reductant Supply Control Circuit Range/Performance
P2030,Fuel Fired Heater Performance
P2031,Exhaust Gas Temperature Sensor Circuit Bank 1 Sensor 2
P2032,Exhaust Gas Temperature Sensor Circuit Low Bank 1 Sensor 2
P2033,Exhaust Gas Temperature Sensor Circuit High Bank 1 Sensor 2
P2034,Exhaust Gas Temperature Sensor Circuit Bank 2 Sensor 2
P2035,Exhaust Gas Temperature Sensor Circuit Low Bank 2 Sensor 2
P2036,Exhaust Gas Temperature Sensor Circuit High Bank 2 Sensor 2
P2037,Reductant Injection Air Pressure Sensor Circuit
P2038,Reductant Injection Air Pressure Sensor Circuit Range/Performance
P2039,Reductant Injection Air Pressure Sensor Circuit Low
P203A,Reductant Level Sensor Circuit
P203B,Reductant Level Sensor Circuit Range/Performance
P203C,Reductant Level Sensor Circuit Low
P203D,Reductant Level Sensor Circuit High
P203E,Reductant Level Sensor Circuit Intermittent/Erratic
P203F,Reductant Level Low
P2040,Reductant Injection Air Pressure Sensor Circuit High
P2041,Reductant Injection Air Pressure Sensor Circuit Intermittent
P2042,Reductant Temperature Sensor Circuit
P2043,Reductant Temperature Sensor Circuit Range/Performance
P2044,Reductant Temperature Sensor Circuit Low
P2045,Reductant Temperature Sensor Circuit High
P2046,Reductant Temperature Sensor Circuit Intermittent
P2047,Reductant Injector Circuit / Open Bank 1 Unit 1
P2048,Reductant Injector Circuit Low Bank 1 Unit 1
P2049,Reductant Injector Circuit High Bank 1 Unit 1
P204A,Reductant Pressure Sensor Circuit
P204B,Reductant Pressure Sensor Circuit Range/Performance
P204C,Reductant Pressure Sensor Circuit Low
P204D,Reductant Pressure Sensor Circuit High
P204E,Reductant Pressure Sensor Circuit Intermittent/Erratic
P204F,Reductant System Performance Bank 1
P2050,Reductant Injector Circuit / Open Bank 2 Unit 1
P2051,Reductant Injector Circuit Low Bank 2 Unit 1
P2052,Reductant Injector Circuit High Bank 2 Unit 1
P2053,Reductant Injector Circuit / Open Bank 1 Unit 2
P2054,Reductant Injector Circuit Low Bank 1 Unit 2
P2055,Reductant Injector Circuit High Bank 1 Unit 2
P2056,Reductant Injector Circuit / Open Bank 2 Unit 2
P2057,Reductant Injector Circuit Low Bank 2 Unit 2
P2058,Reductant Injector Circuit High Bank 2 Unit 2
P2059,Reductant Injection Air Pump Control Circuit / Open
P205A,Reductant Tank Temperature Sensor Circuit
P205B,Reductant Tank Temperature Sensor Circuit Range/Performance
P205C,Reductant Tank Temperature Sensor Circuit Low
P205D,Reductant Tank Temperature Sensor Circuit High
P205E,Reductant Tank Temperature Sensor Circuit Intermittent/Erratic
P205F,Reductant System Performance Bank 2
P2060,Reductant Injection Air Pump Control Circuit Low
P2061,Reductant Injection Air Pump Control Circuit High
P2062,Reductant/Regeneration Supply Control Circuit / Open
P2063,Reductant Supply Control Circuit Low
P2064,Reductant Supply Control Circuit High
P2065,Fuel Level Sensor B Circuit
P2066,Fuel Level Sensor B Circuit Range/Performance
P2067,Fuel Level Sensor B Circuit Low
P2068,Fuel Level Sensor B Circuit High
P2069,Fuel Level Sensor B Circuit Intermittent
P206A,Reductant Quality Sensor
P206B,Reductant Quality Sensor Range/Performance
P206C,Reductant Quality Sensor Low
P206D,Reductant Quality Sensor High
P206E,Intake Manifold Tuning Valve Stuck Open Bank 2
P206F,Intake Manifold Tuning Valve Stuck Closed Bank 2
P2070,Intake Manifold Tuning Valve Stuck Open Bank 1
P2071,Intake Manifold Tuning Valve Stuck Closed Bank 1
P2072,Throttle Actuator Control System - Ice Blockage
P2073,Manifold Absolute Pressure/Mass Air Flow - Throttle Position Correlation at Idle
P2074,Manifold Absolute Pressure/Mass Air Flow - Throttle Position Correlation at Higher Load
P2075,Intake Manifold Tuning Valve Position Sensor/Switch Circuit Bank 1
P2076,Intake Manifold Tuning Valve Position Sensor/Switch Circuit Range/Performance Bank 1
P2077,Intake Manifold Tuning Valve Position Sensor/Switch Circuit Low Bank 1
P2078,Intake Manifold Tuning Valve Position Sensor/Switch Circuit High Bank 1
P2079,Intake Manifold Tuning Valve Position Sensor/Switch Circuit Intermittent Bank 1
P207A,Intake Manifold Tuning Valve Position Sensor/Switch Circuit Bank 2
P207B,Intake Manifold Tuning Valve Position Sensor/Switch Circuit Range/Performance Bank 2
P207C,Intake Manifold Tuning Valve Position Sensor/Switch Circuit Low Bank 2
P207D,Intake Manifold Tuning Valve Position Sensor/Switch Circuit High Bank 2
P207E,Intake Manifold Tuning Valve Position Sensor/Switch Circuit Intermittent Bank 2
P207F,Reductant Quality Performance
P2080,Exhaust Gas Temperature Sensor Circuit Range/Performance Bank 1 Sensor 1
P2081,Exhaust Gas Temperature Sensor Circuit Intermittent Bank 1 Sensor 1
P2082,Exhaust Gas Temperature Sensor Circuit Range/Performance Bank 2 Sensor 1
P2083,Exhaust Gas Temperature Sensor Circuit Intermittent Bank 2 Sensor 1
P2084,Exhaust Gas Temperature Sensor Circuit Range/Performance Bank 1 Sensor 2
P2085,Exhaust Gas Temperature Sensor Circuit Intermittent Bank 1 Sensor 2
P2086,Exhaust Gas Temperature Sensor Circuit Range/Performance Bank 2 Sensor 2
P2087,Exhaust Gas Temperature Sensor Circuit Intermittent Bank 2 Sensor 2
P2088,A Camshaft Position Actuator Control Circuit Low Bank 1
P2089,A Camshaft Position Actuator Control Circuit High Bank 1
P208A,Reductant Pump Control Circuit / Open
P208B,Reductant Pump Control Range/Performance
P208C,Reductant Pump Control Circuit Low
P208D,Reductant Pump Control Circuit High
P208E,Reductant Injector Stuck Closed Bank 1 Unit 1
P208F,Reductant Injector Stuck Closed Bank 2 Unit 1
P2090,B Camshaft Position Actuator Control Circuit Low Bank 1
P2091,B Camshaft Position Actuator Control Circuit High Bank 1
P2092,A Camshaft Position Actuator Control Circuit Low Bank 2
P2093,A Camshaft Position Actuator Control Circuit High Bank 2
P2094,B Camshaft Position Actuator Control Circuit Low Bank 2
P2095,B Camshaft Position Actuator Control Circuit High Bank 2
P2096,Post Catalyst Fuel Trim System Too Lean Bank 1
P2097,Post Catalyst Fuel Trim System Too Rich Bank 1
P2098,Post Catalyst Fuel Trim System Too Lean Bank 2
P2099,Post Catalyst Fuel Trim System Too Rich Bank 2
P209A,Reductant Injection Air Pressure Sensor B Circuit
P209B,Reductant Injection Air Pressure Sensor B Circuit Range/Performance
P209C,Reductant Injection Air Pressure Sensor B Circuit Low
P209D,Reductant Injection Air Pressure Sensor B Circuit High
P209E,Reductant Injection Air Pressure Sensor A/B Correlation
P209F,Reductant Tank Heater Control Performance
P20A0,Reductant Purge Control Valve Circuit / Open
P20A1,Reductant Purge Control Valve Performance
P20A2,Reductant Purge Control Valve Circuit Low
P20A3,Reductant Purge Control Valve Circuit High
P20A4,Reductant Purge Control Valve Stuck Open
P20A5,Reductant Purge Control Valve Stuck Closed
P20A6,Reductant Injection Air Pressure Control Valve Circuit / Open
P20A7,Reductant Injection Air Pressure Control Valve Performance
P20A8,Reductant Injection Air Pressure Control Valve Circuit Low
P20A9,Reductant Injection Air Pressure Control Valve Circuit High
P20AA,Reductant Injection Air Pressure Control Valve Stuck Open
P20AB,Reductant Injection Air Pressure Control Valve Stuck Closed
P20AC,Reductant Metering Unit Temperature Sensor Circuit
P20AD,Reductant Metering Unit Temperature Sensor Circuit Range/Performance
P20AE,Reductant Metering Unit Temperature Sensor Circuit Low
P20AF,Reductant Metering Unit Temperature Sensor Circuit High
P20B0,Reductant Metering Unit Temperature Sensor Circuit Intermittent/Erratic
P20B1,Reductant Heater Coolant Control Valve Circuit / Open
P20B2,Reductant Heater Coolant Control Valve Performance
P20B3,Reductant Heater Coolant Control Valve Circuit Low
P20B4,Reductant Heater Coolant Control Valve Circuit High
P20B5,Reductant Metering Unit Heater Control Circuit / Open
P20B6,Reductant Metering Unit Heater Control Performance
P20B7,Reductant Metering Unit Heater Control Circuit Low
P20B8,Reductant Metering Unit Heater Control Circuit High
P20B9,Reductant Heater A Control Circuit / Open
P20BA,Reductant Heater A Control Performance
P20BB,Reductant Heater A Control Circuit Low
P20BC,Reductant Heater A Control Circuit High
P20BD,Reductant Heater B Control Circuit / Open
P20BE,Reductant Heater B Control Performance
P20BF,Reductant Heater B Control Circuit Low
P20C0,Reductant Heater B Control Circuit High
P20C1,Reductant Heater C Control Circuit / Open
P20C2,Reductant Heater C Control Performance
P20C3,Reductant Heater C Control Circuit Low
P20C4,Reductant Heater C Control Circuit High
P20C5,Reductant Heater D Control Circuit / Open
P20C6,Reductant Heater D Control Performance
P20C7,Reductant Heater D Control Circuit Low
P20C8,Reductant Heater D Control Circuit High
P20C9,Reductant Control Module Requested MIL Illumination
P20CA,Reductant Injection Air Pressure Leakage
P20CB,Exhaust Aftertreatment Fuel Injector A Control Circuit / Open
P20CC,Exhaust Aftertreatment Fuel Injector A Performance
P20CD,Exhaust Aftertreatment Fuel Injector A Control Circuit Low
P20CE,Exhaust Aftertreatment Fuel Injector A Control Circuit High
P20CF,Exhaust Aftertreatment Fuel Injector A Stuck Open
P20D0,Exhaust Aftertreatment Fuel Injector A Stuck Closed
P20D1,Exhaust Aftertreatment Fuel Injector B Control Circuit / Open
P20D2,Exhaust Aftertreatment Fuel Injector B Performance
P20D3,Exhaust Aftertreatment Fuel Injector B Control Circuit Low
P20D4,Exhaust Aftertreatment Fuel Injector B Control Circuit High
P20D5,Exhaust Aftertreatment Fuel Injector B Stuck Open
P20D6,Exhaust Aftertreatment Fuel Injector B Stuck Closed
P20D7,Exhaust Aftertreatment Fuel Supply Control Circuit / Open
P20D8,Exhaust Aftertreatment Fuel Supply Control Performance
P20D9,Exhaust Aftertreatment Fuel Supply Control Circuit Low
P20DA,Exhaust Aftertreatment Fuel Supply Control Circuit High
P20DB,Exhaust Aftertreatment Fuel Supply Control Stuck Open
P20DC,Exhaust Aftertreatment Fuel Supply Control Stuck Closed
P20DD,Exhaust Aftertreatment Fuel Pressure Sensor Circuit
P20DE,Exhaust Aftertreatment Fuel Pressure Sensor Circuit Range/Performance
P20DF,Exhaust Aftertreatment Fuel Pressure Sensor Circuit Low
P20E0,Exhaust Aftertreatment Fuel Pressure Sensor Circuit High
P20E1,Exhaust Aftertreatment Fuel Pressure Sensor Circuit Intermittent/Erratic
P20E2,EGT Sensor 1 Failure
P20E3,EGT Sensor 2 Failure
P20E4,EGT Sensor 3 Failure
P20E5,Exhaust Gas Temperature Sensor 1/2 Correlation (Bank 2)
P20E6,Reductant Injection Air Pressure Too Low
P20E7,Reductant Injection Air Pressure Too High
P20E8,Reductant Pressure Too Low
P20E9,Reductant Pressure Too High
P20EA,Reductant Control Module Power Relay De-Energized Performance - Too Early
P20EB,Reductant Control Module Power Relay De-Energized Performance - Too Late
P20EC,SCR NOx Catalyst - Over Temperature (Bank 1)
P20ED,SCR NOx Pre-Catalyst - Over Temperature (Bank 1)
P20EE,SCR NOx Catalyst Efficiency Below Threshold (Bank 1)
P20EF,SCR NOx Pre-Catalyst Efficiency Below Threshold (Bank 1)
P20F0,SCR NOx Catalyst - Over Temperature (Bank 2)
P20F1,SCR NOx Pre-Catalyst - Over Temperature (Bank 2)
P20F2,SCR NOx Catalyst Efficiency Below Threshold (Bank 2)
P20F3,SCR NOx Pre-Catalyst Efficiency Below Threshold (Bank 2)
P20F4,Reductant Consumption Too Low
P20F5,Reductant Consumption Too High
P20F6,Reductant Injection Valve Stuck Open (Bank 1 Unit 1)
P20F7,Reductant Injection Valve Stuck Open (Bank 2 Unit 1)
P20F8,Intake Manifold Runner Control Circuit Performance (Bank 1)
P20F9,Intake Manifold Runner Control Circuit Performance (Bank 2)
P20FA,Reductant Pump B Control Circuit / Open
P20FB,Reductant Pump B Control Range/Performance
P20FC,Reductant Pump B Control Circuit Low
P20FD,Reductant Pump B Control Circuit High
P20FE,Reductant Metering Unit Performance
P20FF,Reductant Control Module Performance
P2100,Throttle Actuator Control Motor Circuit /Open
P2101,Throttle Actuator Control Motor Circuit Range/Performance
P2102,Throttle Actuator Control Motor Circuit Low
P2103,Throttle Actuator Control Motor Circuit High
P2104,Throttle Actuator Control System - Forced Idle
P2105,Throttle Actuator Control System - Forced Engine Shutdown
P2106,Throttle Actuator Control System - Forced Limited Power
P2107,Throttle Actuator Control Module Processor
P2108,Throttle Actuator Control Module Performance
P2109,Throttle / Pedal Position Sensor A Minimum Stop Performance
P210A,Throttle Actuator B Control Motor Circuit / Open
P210B,Throttle Actuator B Control Motor Circuit Range/Performance
P210C,Throttle Actuator B Control Motor Circuit Low
P210D,Throttle Actuator B Control Motor Circuit High
P210E,Throttle/Pedal Position Sensor/Switch C / F Voltage Correlation
P210F,Throttle Actuator B Control System - Forced Limited RPM
P2110,Throttle Actuator Control System - Forced Limited RPM
P2111,Throttle Actuator Control System - Stuck Open
P2112,Throttle Actuator Control System - Stuck Closed
P2113,Throttle / Pedal Position Sensor B Minimum Stop Performance
P2114,Throttle / Pedal Position Sensor C Minimum Stop Performance
P2115,Throttle / Pedal Position Sensor D Minimum Stop Performance
P2116,Throttle / Pedal Position Sensor E Minimum Stop Performance
P2117,Throttle / Pedal Position Sensor F Minimum Stop Performance
P2118,Throttle Actuator Control Motor Current Range/Performance
P2119,Throttle Actuator Control Throttle Body Range/Performance
P211A,Throttle Actuator B Control System - Stuck Open
P211B,Throttle Actuator B Control System - Stuck Closed
P211C,Throttle Actuator B Control Motor Current Range/Performance
P211D,Throttle Actuator B Control Throttle Body Range/Performance
P211E,Throttle Actuator B Control Module Processor
P211F,Throttle Actuator B Control Module Performance
P2120,Throttle/Pedal Position Sensor/Switch D Circuit
P2121,Throttle/Pedal Position Sensor/Switch D Circuit Range/Performance
P2122,Throttle/Pedal Position Sensor/Switch D Circuit Low
P2123,Throttle/Pedal Position Sensor/Switch D Circuit High
P2124,Throttle/Pedal Position Sensor/Switch D Circuit Intermittent
P2125,Throttle/Pedal Position Sensor/Switch E Circuit
P2126,Throttle/Pedal Position Sensor/Switch E Circuit Range/Performance
P2127,Throttle/Pedal Position Sensor/Switch E Circuit Low
P2128,Throttle/Pedal Position Sensor/Switch E Circuit High
P2129,Throttle/Pedal Position Sensor/Switch E Circuit Intermittent
P212A,Throttle/Pedal Position Sensor/Switch G Circuit
P212B,Throttle/Pedal Position Sensor/Switch G Circuit Range/Performance
P212C,Throttle/Pedal Position Sensor/Switch G Circuit Low
P212D,Throttle/Pedal Position Sensor/Switch G Circuit High
P212E,Throttle/Pedal Position Sensor/Switch G Circuit Intermittent
P212F,Throttle Position Sensor/Switch F / G Voltage Correlation
P2130,Throttle/Pedal Position Sensor/Switch F Circuit
P2131,Throttle/Pedal Position Sensor/Switch F Circuit Range/Performance
P2132,Throttle/Pedal Position Sensor/Switch F Circuit Low
P2133,Throttle/Pedal Position Sensor/Switch F Circuit High
P2134,Throttle/Pedal Position Sensor/Switch F Circuit Intermittent
P2135,Throttle/Pedal Position Sensor/Switch A / B Voltage Correlation
P2136,Throttle/Pedal Position Sensor/Switch A / C Voltage Correlation
P2137,Throttle/Pedal Position Sensor/Switch B / C Voltage Correlation
P2138,Throttle/Pedal Position Sensor/Switch D / E Voltage Correlation
P2139,Throttle/Pedal Position Sensor/Switch D / F Voltage Correlation
P213A,Exhaust Gas Recirculation Throttle Control Circuit B / Open
P213B,Exhaust Gas Recirculation Throttle Control Circuit B Range/Performance
P213C,Exhaust Gas Recirculation Throttle Control Circuit B Low
P213D,Exhaust Gas Recirculation Throttle Control Circuit B High
P213E,Fuel Injection System Fault - Forced Engine Shutdown
P213F,Fuel Pump System Fault - Forced Engine Shutdown
P2140,Throttle/Pedal Position Sensor/Switch E / F Voltage Correlation
P2141,Exhaust Gas Recirculation Throttle Control Circuit A Low
P2142,Exhaust Gas Recirculation Throttle Control Circuit A High
P2143,Exhaust Gas Recirculation Vent Control Circuit / Open
P2144,Exhaust Gas Recirculation Vent Control Circuit Low
P2145,Exhaust Gas Recirculation Vent Control Circuit High
P2146,Fuel Injector Group A Supply Voltage Circuit / Open 
P2147,Fuel Injector Group A Supply Voltage Circuit Low
P2148,Fuel Injector Group A Supply Voltage Circuit High
P2149,Fuel Injector Group B Supply Voltage Circuit / Open 
P214A,SCR NOx Catalyst Inlet Temperature Too High
P214B,SCR NOx Catalyst Inlet Temperature Too High During Particulate Filter Regeneration
P214C,SCR NOx Catalyst Outlet Temperature Too High
P214D,SCR NOx Catalyst Outlet Temperature Too High During Particulate Filter Regeneration
P214E,Reductant Pump A Current Too High
P214F,Reductant Heater A Current Too High
P2150,Fuel Injector Group B Supply Voltage Circuit Low
P2151,Fuel Injector Group B Supply Voltage Circuit High
P2152,Fuel Injector Group C Supply Voltage Circuit / Open 
P2153,Fuel Injector Group C Supply Voltage Circuit Low
P2154,Fuel Injector Group C Supply Voltage Circuit High
P2155,Fuel Injector Group D Supply Voltage Circuit / Open 
P2156,Fuel Injector Group D Supply Voltage Circuit Low
P2157,Fuel Injector Group D Supply Voltage Circuit High
P2158,Vehicle Speed Sensor B
P2159,Vehicle Speed Sensor B Range/Performance
P215A,Vehicle Speed / Wheel Speed Correlation
P215B,Vehicle Speed / Output Shaft Speed Correlation
P215C,Output Shaft Speed / Wheel Speed Correlation
P215D,Reductant Pump B Performance/Stuck On
P215E,Reductant Heater D Current Too Low
P215F,Reductant Heater D Current Too High
P2160,Vehicle Speed Sensor B Circuit Low 
P2161,Vehicle Speed Sensor A Intermittent/Erratic
P2162,Vehicle Speed Sensor A / B Correlation
P2163,Throttle/Pedal Position Sensor A Maximum Stop Performance
P2164,Throttle/Pedal Position Sensor B Maximum Stop Performance
P2165,Throttle/Pedal Position Sensor C Maximum Stop Performance
P2166,Throttle/Pedal Position Sensor D Maximum Stop Performance
P2167,Throttle/Pedal Position Sensor E Maximum Stop Performance
P2168,Throttle/Pedal Position Sensor F Maximum Stop Performance
P2169,Exhaust Pressure Regulator Vent Solenoid Control Circuit / Open
P216A,Fuel Injector Group E Supply Voltage Circuit / Open 
P216B,Fuel Injector Group E Supply Voltage Circuit Low
P216C,Fuel Injector Group E Supply Voltage Circuit High
P216D,Fuel Injector Group F Supply Voltage Circuit / Open 
P216E,Fuel Injector Group F Supply Voltage Circuit Low
P216F,Fuel Injector Group F Supply Voltage Circuit High
P2170,Exhaust Pressure Regulator Vent Solenoid Control Circuit Low
P2171,Exhaust Pressure Regulator Vent Solenoid Control Circuit high
P2172,Throttle Actuator Control System - Sudden High Airflow Detected
P2173,Throttle Actuator Control System - High Airflow Detected
P2174,Throttle Actuator Control System - Sudden Low Airflow Detected
P2175,Throttle Actuator Control System - Low Airflow Detected
P2176,Throttle Actuator Control System - Idle Position Not Learned
P2177,System Too Lean Off Idle - Bank 1
P2178,System Too Rich Off Idle - Bank 1
P2179,System Too Lean Off Idle - Bank 2
P217A,Fuel Injector Group G Supply Voltage Circuit / Open
P217B,Fuel Injector Group G Supply Voltage Circuit Low
P217C,Fuel Injector Group G Supply Voltage Circuit High
P217D,Fuel Injector Group H Supply Voltage Circuit / Open
P217E,Fuel Injector Group H Supply Voltage Circuit Low
P217F,Fuel Injector Group H Supply Voltage Circuit High
P2180,System Too Rich Off Idle - Bank 2
P2181,Cooling System Performance
P2182,Engine Coolant Temperature Sensor 2 Circuit
P2183,Engine Coolant Temperature Sensor 2 Circuit Range/Performance
P2184,Engine Coolant Temperature Sensor 2 Circuit Low
P2185,Engine Coolant Temperature Sensor 2 Circuit High
P2186,Engine Coolant Temperature Sensor 2 Circuit Intermittent/Erratic
P2187,System Too Lean at Idle - Bank 1
P2188,System Too Rich at Idle - Bank 1
P2189,System Too Lean at Idle - Bank 2
P218A,Throttle Actuator B Control System - Idle Position Not Learned
P218B,Throttle/Fuel Inhibit B Circuit
P218C,Throttle/Fuel Inhibit B Circuit Range/Performance
P218D,Throttle/Fuel Inhibit B Circuit Low
P218E,Throttle/Fuel Inhibit B Circuit High
P218F,Reductant No Flow Detected
P2190,System Too Rich at Idle - Bank 2
P2191,System Too Lean at Higher Load - Bank 1
P2192,System Too Rich at Higher Load - Bank 1
P2193,System Too Lean at Higher Load - Bank 2
P2194,System Too Rich at Higher Load - Bank 2
P2195,O2 Sensor Signal Biased/Stuck Lean - Bank 1 Sensor 1
P2196,O2 Sensor Signal Biased/Stuck Rich - Bank 1 Sensor 1
P2197,O2 Sensor Signal Biased/Stuck Lean - Bank 2 Sensor 1
P2198,O2 Sensor Signal Biased/Stuck Rich - Bank 2 Sensor 1
P2199,Intake Air Temperature 1/2 Correlation
P219A,Bank 1 Air-Fuel Ratio Imbalance
P219B,Bank 2 Air-Fuel Ratio Imbalance
P219C,Cylinder 1 Air-Fuel Ratio Imbalance
P219D,Cylinder 2 Air-Fuel Ratio Imbalance
P219E,Cylinder 3 Air-Fuel Ratio Imbalance
P219F,Cylinder 4 Air-Fuel Ratio Imbalance
P21A0,Cylinder 5 Air-Fuel Ratio Imbalance
P21A1,Cylinder 6 Air-Fuel Ratio Imbalance
P21A2,Cylinder 7 Air-Fuel Ratio Imbalance
P21A3,Cylinder 8 Air-Fuel Ratio Imbalance
P21A4,Cylinder 9 Air-Fuel Ratio Imbalance
P21A5,Cylinder 10 Air-Fuel Ratio Imbalance
P21A6,Cylinder 11 Air-Fuel Ratio Imbalance
P21A7,Cylinder 12 Air-Fuel Ratio Imbalance
P21A8,Reductant Level Sensor B Circuit
P21A9,Reductant Level Sensor B Circuit Range/Performance
P21AA,Reductant Level Sensor B Circuit Low
P21AB,Reductant Level Sensor B Circuit High
P21AC,Reductant Level Sensor B Circuit Intermittent/Erratic
P21AD,Reductant Level Sensor C Circuit
P21AE,Reductant Level Sensor C Circuit Range/Performance
P21AF,Reductant Level Sensor C Circuit Low
P21B0,Reductant Level Sensor C Circuit High
P21B1,Reductant Level Sensor C Circuit Intermittent/Erratic
P21B2,Excessive Time To Enter Closed Loop NOx Adsorber Control
P21B3,Closed Loop NOx Adsorber Control At Limit - Too High
P21B4,NOx Adsorber - Over Temperature (Bank 1)
P21B5,NOx Adsorber - Over Temperature (Bank 2)
P21B6,Cold Start Cylinder 1 Injection Timing
P21B7,Cold Start Cylinder 2 Injection Timing
P21B8,Cold Start Cylinder 3 Injection Timing
P21B9,Cold Start Cylinder 4 Injection Timing
P21BA,Cold Start Cylinder 5 Injection Timing
P21BB,Cold Start Cylinder 6 Injection Timing
P21BC,Cold Start Cylinder 7 Injection Timing
P21BD,Cold Start Cylinder 8 Injection Timing
P21BE,Cold Start Cylinder 9 Injection Timing
P21BF,Cold Start Cylinder 10 Injection Timing
P21C0,Cold Start Cylinder 11 Injection Timing
P21C1,Cold Start Cylinder 12 Injection Timing
P21C2,Reductant Heater Relay Control Circuit/Open
P21C3,Reductant Heater Relay Control Circuit Low
P21C4,Reductant Heater Relay Control Circuit High
P21C5,Reductant Level Sensor A Stuck
P21C6,Reductant Level Sensor B Stuck
P21C7,Reductant Control Module Power Relay/Relays Control Circuit/Open
P21C8,Reductant Control Module Power Relay/Relays Control Circuit Low
P21C9,Reductant Control Module Power Relay/Relays Control Circuit High
P21CA,Reductant Control Module Supply Voltage Circuit
P21CB,Reductant Control Module Supply Voltage Low
P21CC,Reductant Control Module Supply Voltage High
P21CD,Reductant Quality Module Supply Voltage Low
P21CE,Reductant Quality Module Performance
P21CF,Cylinder 1 Injector B Circuit/Open
P21D0,Cylinder 2 Injector B Circuit/Open
P21D1,Cylinder 3 Injector B Circuit/Open
P21D2,Cylinder 4 Injector B Circuit/Open
P21D3,Cylinder 5 Injector B Circuit/Open
P21D4,Cylinder 6 Injector B Circuit/Open
P21D5,Cylinder 7 Injector B Circuit/Open
P21D6,Cylinder 8 Injector B Circuit/Open
P21D7,Cylinder 9 Injector B Circuit/Open
P21D8,Cylinder 10 Injector B Circuit/Open
P21D9,Cylinder 11 Injector B Circuit/Open
P21DA,Cylinder 12 Injector B Circuit/Open
P21DB,Cylinder 1 Injector B Circuit Low
P21DC,Cylinder 1 Injector B Circuit High
P21DD,Reductant Heater A Current Too Low
P21DE,Cylinder 2 Injector B Circuit Low
P21DF,Cylinder 2 Injector B Circuit High
P21E0,Cylinder 3 Injector B Circuit Low
P21E1,Cylinder 3 Injector B Circuit High
P21E2,Cylinder 4 Injector B Circuit Low
P21E3,Cylinder 4 Injector B Circuit High
P21E4,Cylinder 5 Injector B Circuit Low
P21E5,Cylinder 5 Injector B Circuit High
P21E6,Cylinder 6 Injector B Circuit Low
P21E7,Cylinder 6 Injector B Circuit High
P21E8,Cylinder 7 Injector B Circuit Low
P21E9,Cylinder 7 Injector B Circuit High
P21EA,Cylinder 8 Injector B Circuit Low
P21EB,Cylinder 8 Injector B Circuit High
P21EC,Cylinder 9 Injector B Circuit Low
P21ED,Cylinder 9 Injector B Circuit High
P21EE,Cylinder 10 Injector B Circuit Low
P21EF,Cylinder 10 Injector B Circuit High
P21F0,Cylinder 11 Injector B Circuit Low
P21F1,Cylinder 11 Injector B Circuit High
P21F2,Cylinder 12 Injector B Circuit Low
P21F3,Cylinder 12 Injector B Circuit High
P21F4,Fuel Control System B Too Lean Off Idle (Bank 1)
P21F5,Fuel Control System B Too Rich Off Idle (Bank 1)
P21F6,Fuel Control System B Too Lean Off Idle (Bank 2)
P21F7,Fuel Control System B Too Rich Off Idle (Bank 2)
P21F8,Fuel Control System B Too Lean at Idle (Bank 1)
P21F9,Fuel Control System B Too Rich at Idle (Bank 1)
P21FA,Fuel Control System B Too Lean at Idle (Bank 2)
P21FB,Fuel Control System B Too Rich at Idle (Bank 2)
P21FC,Fuel Control System B Too Lean at Higher Load (Bank 1)
P21FD,Fuel Control System B Too Rich at Higher Load (Bank 1)
P21FE,Fuel Control System B Too Lean at Higher Load (Bank 2)
P21FF,Fuel Control System B Too Rich at Higher Load (Bank 2)
P2200,NOx Sensor Circuit Bank 1
P2201,NOx Sensor Circuit Range/Performance Bank 1
P2202,NOx Sensor Circuit Low Bank 1
P2203,NOx Sensor Circuit High Bank 1
P2204,NOx Sensor Circuit Intermittent Bank 1
P2205,NOx Sensor Heater Control Circuit / Open Bank 1
P2206,NOx Sensor Heater Control Circuit Low Bank 1
P2207,NOx Sensor Heater Control Circuit High Bank 1
P2208,NOx Sensor Heater Sense Circuit Bank 1
P2209,NOx Sensor Heater Sense Circuit Range/Performance Bank 1
P220A,NOx Sensor Supply Voltage Circuit (Bank 1 Sensor 1)
P220B,NOx Sensor Supply Voltage Circuit (Bank 1 Sensor 2)
P220C,NOx Sensor Supply Voltage Circuit (Bank 2 Sensor 1)
P220D,NOx Sensor Supply Voltage Circuit (Bank 2 Sensor 2)
P220E,NOx Sensor Heater Control Circuit Range/Performance (Bank 1 Sensor 1) 
P220F,NOx Sensor Heater Control Circuit Range/Performance (Bank 1 Sensor 2) 
P2210,NOx Sensor Heater Sense Circuit Low Bank 1
P2211,NOx Sensor Heater Sense Circuit High Bank 1
P2212,NOx Sensor Heater Sense Circuit Intermittent Bank 1
P2213,NOx Sensor Circuit Bank 2
P2214,NOx Sensor Circuit Range/Performance Bank 2
P2215,NOx Sensor Circuit Low Bank 2
P2216,NOx Sensor Circuit High Bank 2
P2217,NOx Sensor Circuit Intermittent Bank 2
P2218,NOx Sensor Heater Control Circuit / Open Bank 2
P2219,NOx Sensor Heater Control Circuit Low Bank 2
P221A,NOx Sensor 1/2 Correlation (Bank 1)
P221B,NOx Sensor 1/2 Correlation (Bank 2)
P221C,Reductant Heater B Current Too Low
P221D,Reductant Heater B Current Too High
P221E,Reductant Heater C Current Too Low
P221F,Reductant Heater C Current Too High
P2220,NOx Sensor Heater Control Circuit High Bank 2
P2221,NOx Sensor Heater Sense Circuit Bank 2
P2222,NOx Sensor Heater Sense Circuit Range/Performance Bank 2
P2223,NOx Sensor Heater Sense Circuit Low Bank 2
P2224,NOx Sensor Heater Sense Circuit High Bank 2
P2225,NOx Sensor Heater Sense Circuit Intermittent Bank 2
P2226,Barometric Pressure Circuit
P2227,Barometric Pressure Circuit Range/Performance
P2228,Barometric Pressure Circuit Low
P2229,Barometric Pressure Circuit High
P222A,Barometric Pressure Sensor B Circuit
P222B,Barometric Pressure Sensor B Circuit Range/Performance
P222C,Barometric Pressure Sensor B Circuit Low
P222D,Barometric Pressure Sensor B Circuit High
P222E,Barometric Pressure Sensor B Circuit Intermittent/Erratic
P222F,Barometric Pressure Sensor A/B Correlation
P2230,Barometric Pressure Circuit Intermittent
P2231,O2 Sensor Signal Circuit Shorted to Heater Circuit - Bank 1 Sensor 1
P2232,O2 Sensor Signal Circuit Shorted to Heater Circuit - Bank 1 Sensor 2
P2233,O2 Sensor Signal Circuit Shorted to Heater Circuit - Bank 1 Sensor 3
P2234,O2 Sensor Signal Circuit Shorted to Heater Circuit - Bank 2 Sensor 1
P2235,O2 Sensor Signal Circuit Shorted to Heater Circuit - Bank 2 Sensor 2
P2236,O2 Sensor Signal Circuit Shorted to Heater Circuit - Bank 2 Sensor 3
P2237,O2 Sensor Positive Current Control Circuit / Open - Bank 1 Sensor 1
P2238,O2 Sensor Positive Current Control Circuit Low - Bank 1 Sensor 1
P2239,O2 Sensor Positive Current Control Circuit High - Bank 1 Sensor 1
P2240,O2 Sensor Positive Current Control Circuit / Open - Bank 2 Sensor 1
P2241,O2 Sensor Positive Current Control Circuit Low - Bank 2 Sensor 1
P2242,O2 Sensor Positive Current Control Circuit High - Bank 2 Sensor 1
P2243,O2 Sensor Reference Voltage Circuit / Open - Bank 1 Sensor 1
P2244,O2 Sensor Reference Voltage Performance - Bank 1 Sensor 1
P2245,O2 Sensor Reference Voltage Circuit Low - Bank 1 Sensor 1
P2246,O2 Sensor Reference Voltage Circuit High - Bank 1 Sensor 1
P2247,O2 Sensor Reference Voltage Circuit / Open - Bank 2 Sensor 1
P2248,O2 Sensor Reference Voltage Performance - Bank 2 Sensor 1
P2249,O2 Sensor Reference Voltage Circuit Low - Bank 2 Sensor 1
P224A,NOx Sensor Heater Resistance (Bank 1 Sensor 1)
P224B,NOx Sensor Heater Resistance (Bank 1 Sensor 2)
P224C,Alternative Fuel Tank Shutoff Valve Control Circuit/Open
P224D,Alternative Fuel Tank Shutoff Valve Control Circuit Range/Performance
P224E,Alternative Fuel Tank Shutoff Valve Control Circuit Low
P224F,Alternative Fuel Tank Shutoff Valve Control Circuit High
P2250,O2 Sensor Reference Voltage Circuit High - Bank 2 Sensor 1
P2251,O2 Sensor Negative Current Control Circuit / Open - Bank 1 Sensor 1
P2252,O2 Sensor Negative Current Control Circuit Low - Bank 1 Sensor 1
P2253,O2 Sensor Negative Current Control Circuit High - Bank 1 Sensor 1
P2254,O2 Sensor Negative Current Control Circuit / Open - Bank 2 Sensor 1
P2255,O2 Sensor Negative Current Control Circuit Low - Bank 2 Sensor 1
P2256,O2 Sensor Negative Current Control Circuit High - Bank 2 Sensor 1
P2257,Secondary Air Injection System Control A Circuit Low
P2258,Secondary Air Injection System Control A Circuit High
P2259,Secondary Air Injection System Control B Circuit Low
P225A,NOx Sensor Calibration Memory (Bank 1 Sensor 1)
P225B,NOx Sensor Calibration Memory (Bank 1 Sensor 2)
P225C,NOx Sensor Performance - Signal Stuck High Bank 1 Sensor 1
P225D,NOx Sensor Performance - Signal Stuck Low Bank 1 Sensor 1
P225E,NOx Sensor Performance - Signal Stuck High Bank 1 Sensor 2
P225F,NOx Sensor Performance - Signal Stuck Low Bank 1 Sensor 2
P2260,Secondary Air Injection System Control B Circuit High
P2261,Turbocharger/Supercharger Bypass Valve - Mechanical
P2262,Turbocharger/Supercharger Boost Pressure Not Detected - Mechanical
P2263,Turbocharger/Supercharger Boost System Performance
P2264,Water in Fuel Sensor Circuit
P2265,Water in Fuel Sensor Circuit Range/Performance
P2266,Water in Fuel Sensor Circuit Low
P2267,Water in Fuel Sensor Circuit High
P2268,Water in Fuel Sensor Circuit Intermittent
P2269,Water in Fuel Condition
P226A,Water In Fuel Lamp Control Circuit
P226B,Turbocharger/Supercharger Boost Pressure Too High - Mechanical
P226C,Turbocharger Boost Control A Slow Response
P226D,Particulate Filter Deteriorated/Missing Substrate Bank 1
P226E,Particulate Filter Deteriorated/Missing Substrate Bank 2
P226F,Turbocharger Boost Control B Slow Response
P2270,O2 Sensor Signal Stuck Lean - Bank 1 Sensor 2
P2271,O2 Sensor Signal Stuck Rich - Bank 1 Sensor 2
P2272,O2 Sensor Signal Stuck Lean - Bank 2 Sensor 2
P2273,O2 Sensor Signal Stuck Rich - Bank 2 Sensor 2
P2274,O2 Sensor Signal Stuck Lean - Bank 1 Sensor 3
P2275,O2 Sensor Signal Stuck Rich - Bank 1 Sensor 3
P2276,O2 Sensor Signal Stuck Lean - Bank 2 Sensor 3
P2277,O2 Sensor Signal Stuck Rich - Bank 2 Sensor 3
P2278,Oxygen Sensor Signals Swapped Bank 1 Sensor 3 / Bank 2 Sensor 3
P2279,Intake Air System Leak 
P227A,Barometric Pressure Sensor C Circuit
P227B,Barometric Pressure Sensor C Circuit Range/Performance
P227C,Barometric Pressure Sensor C Circuit Low
P227D,Barometric Pressure Sensor C Circuit High
P227E,Barometric Pressure Sensor C Circuit Intermittent/Erratic
P227F,Air Flow Restriction/Air Leak Between Air Filter and MAF Bank 2
P2280,Air Flow Restriction / Air Leak Between Air Cleaner and MAF
P2281,Air Leak Between MAF and Throttle Body
P2282,Air Leak Between Throttle Body and Intake Valve
P2283,Injector Control Pressure Sensor Circuit
P2284,Injector Control Pressure Sensor Circuit Range/Performance
P2285,Injector Control Pressure Sensor Circuit Low
P2286,Injector Control Pressure Sensor Circuit High
P2287,Injector Control Pressure Sensor Circuit Intermittent
P2288,Injector Control Pressure Too High
P2289,Injector Control Pressure Too High - Engine Off
P228A,Fuel Pressure Regulator 1 - Forced Engine Shutdown
P228B,Fuel Pressure Regulator 2 - Forced Engine Shutdown
P228C,Fuel Pressure Regulator 1 Exceeded Control Limits - Pressure Too Low
P228D,Fuel Pressure Regulator 1 Exceeded Control Limits - Pressure Too High
P228E,Fuel Pressure Regulator 1 Exceeded Learning Limits - Too Low
P228F,Fuel Pressure Regulator 1 Exceeded Learning Limits - Too High
P2290,Injector Control Pressure Too Low
P2291,Injector Control Pressure Too Low - Engine Cranking
P2292,Injector Control Pressure Erratic
P2293,Fuel Pressure Regulator 2 Performance
P2294,Fuel Pressure Regulator 2 Control Circuit
P2295,Fuel Pressure Regulator 2 Control Circuit Low
P2296,Fuel Pressure Regulator 2 Control Circuit High
P2297,O2 Sensor Out of Range During Deceleration Bank 1 Sensor 1
P2298,O2 Sensor Out of Range During Deceleration Bank 2 Sensor 1
P2299,Brake Pedal Position/Accelerator Pedal Position Incompatible
P229A,Fuel Pressure Regulator 2 Exceeded Control Limits - Pressure Too Low
P229B,Fuel Pressure Regulator 2 Exceeded Control Limits - Pressure Too High
P229C,Fuel Pressure Regulator 2 Exceeded Learning Limits - Too Low
P229D,Fuel Pressure Regulator 2 Exceeded Learning Limits - Too Low
P229E,NOx Sensor Circuit (Bank 1 Sensor 2) 
P229F,NOx Sensor Circuit Range/Performance (Bank 1 Sensor 2) 
P22A0,NOx Sensor Circuit Low (Bank 1 Sensor 2) 
P22A1,NOx Sensor Circuit High (Bank 1 Sensor 2) 
P22A2,NOx Sensor Circuit Intermittent (Bank 1 Sensor 2) 
P22A3,NOx Sensor Heater Control Circuit/Open (Bank 1 Sensor 2) 
P22A4,NOx Sensor Heater Control Circuit Low (Bank 1 Sensor 2) 
P22A5,NOx Sensor Heater Control Circuit High (Bank 1 Sensor 2) 
P22A6,NOx Sensor Heater Sense Circuit (Bank 1 Sensor 2) 
P22A7,NOx Sensor Heater Sense Circuit Range/Performance (Bank 1 Sensor 2) 
P22A8,NOx Sensor Heater Sense Circuit Low (Bank 1 Sensor 2) 
P22A9,NOx Sensor Heater Sense Circuit High (Bank 1 Sensor 2)
P22AA,NOx Sensor Heater Sense Circuit Intermittent (Bank 1 Sensor 2)
P22AB,O2 Sensor Positive Current Control Circuit / Open (Bank 1 Sensor 2)
P22AC,O2 Sensor Positive Current Control Circuit Low (Bank 1 Sensor 2)
P22AD,O2 Sensor Positive Current Control Circuit High (Bank 1 Sensor 2)
P22AE,O2 Sensor Reference Voltage Circuit / Open (Bank 1 Sensor 2)
P22AF,O2 Sensor Reference Voltage Performance (Bank 1 Sensor 2)
P22B0,O2 Sensor Reference Voltage Circuit Low (Bank 1 Sensor 2)
P22B1,O2 Sensor Reference Voltage Circuit High (Bank 1 Sensor 2)
P22B2,O2 Sensor Negative Current Control Circuit / Open (Bank 1 Sensor 2)
P22B3,O2 Sensor Negative Current Control Circuit Low (Bank 1 Sensor 2)
P22B4,O2 Sensor Negative Current Control Circuit High (Bank 1 Sensor 2)
P22B5,O2 Sensor Pumping Current Trim Circuit / Open (Bank 1 Sensor 2)
P22B6,O2 Sensor Pumping Current Trim Circuit Low (Bank 1 Sensor 2)
P22B7,O2 Sensor Pumping Current Trim Circuit High (Bank 1 Sensor 2)
P22B8,O2 Sensor Positive Current Control Circuit / Open (Bank 2 Sensor 2)
P22B9,O2 Sensor Positive Current Control Circuit Low (Bank 2 Sensor 2)
P22BA,O2 Sensor Positive Current Control Circuit High (Bank 2 Sensor 2)
P22BB,O2 Sensor Reference Voltage Circuit / Open (Bank 2 Sensor 2)
P22BC,O2 Sensor Reference Voltage Performance (Bank 2 Sensor 2)
P22BD,O2 Sensor Reference Voltage Circuit Low (Bank 2 Sensor 2)
P22BE,O2 Sensor Reference Voltage Circuit High (Bank 2 Sensor 2)
P22BF,O2 Sensor Negative Current Control Circuit / Open (Bank 2 Sensor 2)
P22C0,O2 Sensor Negative Current Control Circuit Low (Bank 2 Sensor 2)
P22C1,O2 Sensor Negative Current Control Circuit High (Bank 2 Sensor 2)
P22C2,O2 Sensor Pumping Current Trim Circuit / Open (Bank 2 Sensor 2)
P22C3,O2 Sensor Pumping Current Trim Circuit Low (Bank 2 Sensor 2)
P22C4,O2 Sensor Pumping Current Trim Circuit High (Bank 2 Sensor 2)
P22C5,Turbocharger Compressor Outlet Valve Control Circuit / Open
P22C6,Turbocharger Compressor Outlet Valve Control Circuit Low
P22C7,Turbocharger Compressor Outlet Valve Control Circuit High
P22C8,Turbocharger Compressor Outlet Valve Stuck Open
P22C9,Turbocharger Compressor Outlet Valve Stuck Closed
P22CA,Turbocharger Compressor Outlet Switching Valve Control Circuit / Open
P22CB,Turbocharger Compressor Outlet Switching Valve Control Circuit Low
P22CC,Turbocharger Compressor Outlet Switching Valve Control Circuit High
P22CD,Turbocharger Compressor Outlet Switching Valve Stuck Open
P22CE,Turbocharger Compressor Outlet Switching Valve Stuck Closed
P22CF,Turbocharger Turbine Inlet Valve Control Circuit / Open
P22D0,Turbocharger Turbine Inlet Valve Control Circuit Low
P22D1,Turbocharger Turbine Inlet Valve Control Circuit High
P22D2,Turbocharger Turbine Inlet Valve Stuck Open
P22D3,Turbocharger Turbine Inlet Valve Stuck Closed
P22D4,Turbocharger Turbine Inlet Valve Position Sensor Circuit
P22D5,Turbocharger Turbine Inlet Valve Position Sensor Circuit Range/Performance
P22D6,Turbocharger Turbine Inlet Valve Position Sensor Circuit Low
P22D7,Turbocharger Turbine Inlet Valve Position Sensor Circuit High
P22D8,Turbocharger Turbine Inlet Valve Position Sensor Circuit Intermittent/Erratic
P22D9,Cylinder 1 Alternative Fuel Injector Control Circuit/Open
P22DA,Cylinder 1 Alternative Fuel Injector Control Circuit Low
P22DB,Cylinder 1 Alternative Fuel Injector Control Circuit High
P22DC,Cylinder 1 Alternative Fuel Injector Control Circuit Range/Performance
P22DD,Cylinder 2 Alternative Fuel Injector Control Circuit/Open
P22DE,Cylinder 2 Alternative Fuel Injector Control Circuit Low
P22DF,Cylinder 2 Alternative Fuel Injector Control Circuit High
P22E0,Cylinder 2 Alternative Fuel Injector Control Circuit Range/Performance
P22E1,Cylinder 3 Alternative Fuel Injector Control Circuit/Open
P22E2,Cylinder 3 Alternative Fuel Injector Control Circuit Low
P22E3,Cylinder 3 Alternative Fuel Injector Control Circuit High
P22E4,Cylinder 3 Alternative Fuel Injector Control Circuit Range/Performance
P22E5,Cylinder 4 Alternative Fuel Injector Control Circuit/Open
P22E6,Cylinder 4 Alternative Fuel Injector Control Circuit Low
P22E7,Cylinder 4 Alternative Fuel Injector Control Circuit High
P22E8,Cylinder 4 Alternative Fuel Injector Control Circuit Range/Performance
P22E9,Cylinder 5 Alternative Fuel Injector Control Circuit/Open
P22EA,Cylinder 5 Alternative Fuel Injector Control Circuit Low
P22EB,Cylinder 5 Alternative Fuel Injector Control Circuit High
P22EC,Cylinder 5 Alternative Fuel Injector Control Circuit Range/Performance
P22ED,Cylinder 6 Alternative Fuel Injector Control Circuit/Open
P22EE,Cylinder 6 Alternative Fuel Injector Control Circuit Low
P22EF,Cylinder 6 Alternative Fuel Injector Control Circuit High
P22F0,Cylinder 6 Alternative Fuel Injector Control Circuit Range/Performance
P22F1,Cylinder 7 Alternative Fuel Injector Control Circuit/Open
P22F2,Cylinder 7 Alternative Fuel Injector Control Circuit Low
P22F3,Cylinder 7 Alternative Fuel Injector Control Circuit High
P22F4,Cylinder 7 Alternative Fuel Injector Control Circuit Range/Performance
P22F5,Cylinder 8 Alternative Fuel Injector Control Circuit/Open
P22F6,Cylinder 8 Alternative Fuel Injector Control Circuit Low
P22F7,Cylinder 8 Alternative Fuel Injector Control Circuit High
P22F8,Cylinder 8 Alternative Fuel Injector Control Circuit Range/Performance
P22F9,NOx Sensor Performance - Slow Response Low to High (Bank 1 Sensor 1)
P22FA,NOx Sensor Performance - Slow Response High to Low (Bank 1 Sensor 1)
P22FB,NOx Sensor Performance - Sensing Element (Bank 1 Sensor 1)
P22FC,NOx Sensor Performance - Slow Response Low to High (Bank 1 Sensor 2)
P22FD,NOx Sensor Performance - Slow Response High to Low (Bank 1 Sensor 2)
P22FE,NOx Sensor Performance - Sensing Element (Bank 1 Sensor 2)
P2300,Ignition Coil A Primary Control Circuit Low
P2301,Ignition Coil A Primary Control Circuit High
P2302,Ignition Coil A Secondary Circuit
P2303,Ignition Coil B Primary Control Circuit Low
P2304,Ignition Coil B Primary Control Circuit High
P2305,Ignition Coil B Secondary Circuit
P2306,Ignition Coil C Primary Control Circuit Low
P2307,Ignition Coil C Primary Control Circuit High
P2308,Ignition Coil C Secondary Circuit
P2309,Ignition Coil D Primary Control Circuit Low
P2310,Ignition Coil D Primary Control Circuit High
P2311,Ignition Coil D Secondary Circuit
P2312,Ignition Coil E Primary Control Circuit Low
P2313,Ignition Coil E Primary Control Circuit High
P2314,Ignition Coil E Secondary Circuit
P2315,Ignition Coil F Primary Control Circuit Low
P2316,Ignition Coil F Primary Control Circuit High
P2317,Ignition Coil F Secondary Circuit
P2318,Ignition Coil G Primary Control Circuit Low
P2319,Ignition Coil G Primary Control Circuit High
P2320,Ignition Coil G Secondary Circuit
P2321,Ignition Coil H Primary Control Circuit Low
P2322,Ignition Coil H Primary Control Circuit High
P2323,Ignition Coil H Secondary Circuit
P2324,Ignition Coil I Primary Control Circuit Low
P2325,Ignition Coil I Primary Control Circuit High
P2326,Ignition Coil I Secondary Circuit
P2327,Ignition Coil J Primary Control Circuit Low
P2328,Ignition Coil J Primary Control Circuit High
P2329,Ignition Coil J Secondary Circuit
P2330,Ignition Coil K Primary Control Circuit Low
P2331,Ignition Coil K Primary Control Circuit High
P2332,Ignition Coil K Secondary Circuit
P2333,Ignition Coil L Primary Control Circuit Low
P2334,Ignition Coil L Primary Control Circuit High
P2335,Ignition Coil L Secondary Circuit
P2336,Cylinder #1 Above Knock Threshold
P2337,Cylinder #2 Above Knock Threshold
P2338,Cylinder #3 Above Knock Threshold
P2339,Cylinder #4 Above Knock Threshold
P2340,Cylinder #5 Above Knock Threshold
P2341,Cylinder #6 Above Knock Threshold
P2342,Cylinder #7 Above Knock Threshold
P2343,Cylinder #8 Above Knock Threshold
P2344,Cylinder #9 Above Knock Threshold
P2345,Cylinder #10 Above Knock Threshold
P2346,Cylinder #11 Above Knock Threshold
P2347,Cylinder #12 Above Knock Threshold
P2348,Cylinder 9 Pressure Sensor Circuit
P2349,Cylinder 9 Pressure Sensor Circuit Range/Performance
P234A,Cylinder 9 Pressure Sensor Circuit Low
P234B,Cylinder 9 Pressure Sensor Circuit High
P234C,Cylinder 9 Pressure Sensor Circuit Intermittent/Erratic
P234D,Cylinder 9 Pressure Too Low
P234E,Cylinder 9 Pressure Too High
P234F,Cylinder 9 Pressure Variation Low
P2350,Cylinder 9 Pressure Variation High
P2351,Cylinder 9 Combustion Performance
P2352,Cylinder 10 Pressure Sensor Circuit
P2353,Cylinder 10 Pressure Sensor Circuit Range/Performance
P2354,Cylinder 10 Pressure Sensor Circuit Low
P2355,Cylinder 10 Pressure Sensor Circuit High
P2356,Cylinder 10 Pressure Sensor Circuit Intermittent/Erratic
P2357,Cylinder 10 Pressure Too Low
P2358,Cylinder 10 Pressure Too High
P2359,Cylinder 10 Pressure Variation Low
P235A,Cylinder 10 Pressure Variation High
P235B,Cylinder 10 Combustion Performance
P235C,Cylinder 11 Pressure Sensor Circuit
P235D,Cylinder 11 Pressure Sensor Circuit Range/Performance
P235E,Cylinder 11 Pressure Sensor Circuit Low
P235F,Cylinder 11 Pressure Sensor Circuit High
P2360,Cylinder 11 Pressure Sensor Circuit Intermittent/Erratic
P2361,Cylinder 11 Pressure Too Low
P2362,Cylinder 11 Pressure Too High
P2363,Cylinder 11 Pressure Variation Low
P2364,Cylinder 11 Pressure Variation High
P2365,Cylinder 11 Combustion Performance
P2366,Cylinder 12 Pressure Sensor Circuit
P2367,Cylinder 12 Pressure Sensor Circuit Range/Performance
P2368,Cylinder 12 Pressure Sensor Circuit Low
P2369,Cylinder 12 Pressure Sensor Circuit High
P236A,Cylinder 12 Pressure Sensor Circuit Intermittent/Erratic
P236B,Cylinder 12 Pressure Too Low
P236C,Cylinder 12 Pressure Too High
P236D,Cylinder 12 Pressure Variation Low
P236E,Cylinder 12 Pressure Variation High
P236F,Cylinder 12 Combustion Performance
P2400,Evaporative Emission System Leak Detection Pump Control Circuit / Open
P2401,Evaporative Emission System Leak Detection Pump Control Circuit Low
P2402,Evaporative Emission System Leak Detection Pump Control Circuit High
P2403,Evaporative Emission System Leak Detection Pump Sense Circuit / Open
P2404,Evaporative Emission System Leak Detection Pump Sense Circuit Range/Performance
P2405,Evaporative Emission System Leak Detection Pump Sense Circuit Low
P2406,Evaporative Emission System Leak Detection Pump Sense Circuit High
P2407,Evaporative Emission System Leak Detection Pump Sense Circuit Intermittent/Erratic
P2408,Fuel Cap Sensor/Switch Circuit
P2409,Fuel Cap Sensor/Switch Circuit Range/Performance
P240A,Evaporative Emission System Leak Detection Pump Heater Circuit / Open
P240B,Evaporative Emission System Leak Detection Pump Heater Circuit Low
P240C,Evaporative Emission System Leak Detection Pump Heater Circuit High
P240F,EGR Slow Response
P2410,Fuel Cap Sensor/Switch Circuit Low
P2411,Fuel Cap Sensor/Switch Circuit High
P2412,Fuel Cap Sensor/Switch Circuit Intermittent/Erratic
P2413,Exhaust Gas Recirculation System Performance
P2414,O2 Sensor Exhaust Sample Error Bank 1 Sensor 1
P2415,O2 Sensor Exhaust Sample Error Bank 2 Sensor 1
P2416,Oxygen Sensor Signals Swapped Bank 1 Sensor 2 / Bank 1 Sensor 3
P2417,Oxygen Sensor Signals Swapped Bank 2 Sensor 2 / Bank 2 Sensor 3
P2418,Evaporative Emission Control System Switching Valve Control Circuit / Open
P2419,Evaporative Emission Control System Switching Valve Control Circuit Low
P241A,Oxygen Sensor Signals Swapped Bank 1 Sensor 1 / Bank 1 Sensor 2
P241B,Oxygen Sensor Signals Swapped Bank 2 Sensor 1 / Bank 2 Sensor 2
P241F,EGR Cooler B Efficiency Below Threshold
P2420,Evaporative Emission Control System Switching Valve Control Circuit High
P2421,Evaporative Emission Control System Vent Valve Stuck Open
P2422,Evaporative Emission Control System Vent Valve Stuck Closed
P2423,HC Adsorbtion Catalyst Efficiency Below Threshold Bank 1
P2424,HC Adsorbtion Catalyst Efficiency Below Threshold Bank 2
P2425,Exhaust Gas Recirculation Cooling Valve Control Circuit / Open
P2426,Exhaust Gas Recirculation Cooling Valve Control Circuit Low
P2427,Exhaust Gas Recirculation Cooling Valve Control Circuit High
P2428,Exhaust Gas Temperature Too High Bank 1
P2429,Exhaust Gas Temperature Too High Bank 2
P242A,Exhaust Gas Temperature Sensor Circuit Bank 1 Sensor 3
P242B,Exhaust Gas Temperature Sensor Circuit Range/Performance Bank 1 Sensor 3
P242C,Exhaust Gas Temperature Sensor Circuit Low Bank 1 Sensor 3
P242D,Exhaust Gas Temperature Sensor Circuit High Bank 1 Sensor 3
P242E,Exhaust Gas Temperature Sensor Circuit Intermittent/Erratic Bank 1 Sensor 3
P242F,Diesel Particulate Filter Restriction - Ash Accumulation
P2430,Secondary Air Injection System Air Flow/Pressure Sensor Circuit Bank 1
P2431,Secondary Air Injection System Air Flow/Pressure Sensor Circuit Range/Performance Bank 1
P2432,Secondary Air Injection System Air Flow/Pressure Sensor Circuit Low Bank 1
P2433,Secondary Air Injection System Air Flow/Pressure Sensor Circuit High Bank 1
P2434,Secondary Air Injection System Air Flow/Pressure Sensor Circuit Intermittent High Input Bank 1
P2435,Secondary Air Injection System Air Flow/Pressure Sensor Circuit Bank 2
P2436,Secondary Air Injection System Air Flow/Pressure Sensor Circuit Range/Performance Bank 2
P2437,Secondary Air Injection System Air Flow/Pressure Sensor Circuit Low Bank 2
P2438,Secondary Air Injection System Air Flow/Pressure Sensor Circuit High Bank 2
P2439,Secondary Air Injection System Air Flow/Pressure Sensor Circuit Intermittent High Input Bank 2
P243A,Particulate Filter Restriction - Ash Accumulation (Bank 2)
P243B,Particulate Filter Restriction - Forced Limited Power (Bank 2)
P243C,Particulate Filter Regeneration Frequency (Bank 2)
P243D,Particulate Filter Regeneration Duration (Bank 2)
P243E,Particulate Filter Regeneration Incomplete (Bank 2)
P243F,Particulate Filter Restriction - Soot Accumulation Too High (Bank 2)
P2440,Secondary Air Injection System Switching Valve Stuck Open Bank 1
P2441,Secondary Air Injection System Switching Valve Stuck Closed Bank 1
P2442,Secondary Air Injection System Switching Valve Stuck Open Bank 2
P2443,Secondary Air Injection System Switching Valve Stuck Closed Bank 2
P2444,Secondary Air Injection System Pump Stuck On Bank 1
P2445,Secondary Air Injection System Pump Stuck Off Bank 1
P2446,Secondary Air Injection System Pump Stuck On Bank 2
P2447,Secondary Air Injection System Pump Stuck Off Bank 2
P2448,Secondary Air Injection System High Air Flow Bank 1
P2449,Secondary Air Injection System High Air Flow Bank 2
P244A,Diesel Particulate Filter Differential Pressure Too Low
P244B,Diesel Particulate Filter Differential Pressure Too High
P244C,Exhaust Temperature Too Low For Particulate Filter Regeneration Bank 1
P244D,Exhaust Temperature Too High For Particulate Filter Regeneration Bank 1
P244E,Exhaust Temperature Too Low For Particulate Filter Regeneration Bank 2
P244F,Exhaust Temperature Too High For Particulate Filter Regeneration Bank 2
P2450,Evaporative Emission Control System Switching Valve Performance/Stuck Open
P2451,Evaporative Emission Control System Switching Valve Stuck Closed
P2452,Diesel Particulate Filter Pressure Sensor A Circuit
P2453,Diesel Particulate Filter Pressure Sensor A Circuit Range/Performance
P2454,Diesel Particulate Filter Pressure Sensor A Circuit Low
P2455,Diesel Particulate Filter Pressure Sensor A Circuit High
P2456,Diesel Particulate Filter Pressure Sensor A Circuit Intermittent/Erratic
P2457,Exhaust Gas Recirculation Cooler System Performance
P2458,Diesel Particulate Filter Regeneration Duration
P2459,Diesel Particulate Filter Regeneration Frequency
P245A,Exhaust Gas Recirculation Cooler Bypass Control Circuit
P245B,Exhaust Gas Recirculation Cooler Bypass Control Circuit Range/Performance
P245C,Exhaust Gas Recirculation Cooler Bypass Control Circuit Low
P245D,Exhaust Gas Recirculation Cooler Bypass Control Circuit High
P245E,Diesel Particulate Filter Pressure Sensor B Circuit
P245F,Diesel Particulate Filter Pressure Sensor B Circuit Range/Performance
P2460,Diesel Particulate Filter Pressure Sensor B Circuit Low
P2461,Diesel Particulate Filter Pressure Sensor B Circuit High
P2462,Diesel Particulate Filter Pressure Sensor B Circuit Intermittent/Erratic
P2463,DPF Restriction - Soot Accumulation
P2464,Diesel Particulate Filter Differential Pressure Too Low (Bank 2)
P2465,Diesel Particulate Filter Differential Pressure Too High (Bank 2)
P2466,Exhaust Gas Temperature Sensor Circuit (Bank 2 Sensor 3)
P2467,Exhaust Gas Temperature Sensor Circuit Range / Performance (Bank 2 Sensor 3)
P2468,Exhaust Gas Temperature Sensor Circuit Low (Bank 2 Sensor 3)
P2469,Exhaust Gas Temperature Sensor Circuit High (Bank 2 Sensor 3)
P246A,Exhaust Gas Temperature Sensor Circuit Intermittent / Erratic (Bank 2 Sensor 3)
P246B,Vehicle Conditions Incorrect for Diesel Particulate Filter Regeneration
P246C,DPF Restriction - Forced Limited Power
P246D,Diesel Particulate Filter Pressure Sensor A/B Correlation
P246E,Exhaust Gas Temperature Sensor Circuit (Bank 1 Sensor 4)
P246F,Exhaust Gas Temperature Sensor Circuit Range/Performance (Bank 1 Sensor 4)
P2470,Exhaust Gas Temperature Sensor Circuit Low (Bank 1 Sensor 4)
P2471,Exhaust Gas Temperature Sensor Circuit High (Bank 1 Sensor 4)
P2472,Exhaust Gas Temperature Sensor Circuit Intermittent/Erratic (Bank 1 Sensor 4)
P2473,Exhaust Gas Temperature Sensor Circuit (Bank 2 Sensor 4)
P2474,Exhaust Gas Temperature Sensor Circuit Range/Performance (Bank 2 Sensor 4)
P2475,Exhaust Gas Temperature Sensor Circuit Low (Bank 2 Sensor 4)
P2476,Exhaust Gas Temperature Sensor Circuit High (Bank 2 Sensor 4)
P2477,Exhaust Gas Temperature Sensor Circuit Intermittent/Erratic (Bank 2 Sensor 4)
P2478,Exhaust Gas Temperature Out of Range (Bank 1 Sensor 1)
P2479,Exhaust Gas Temperature Out of Range (Bank 1 Sensor 2)
P247A,Exhaust Gas Temperature Out of Range (Bank 1 Sensor 3)
P247B,Exhaust Gas Temperature Out of Range (Bank 1 Sensor 4)
P247C,Exhaust Gas Temperature Out of Range (Bank 2 Sensor 1)
P247D,Exhaust Gas Temperature Out of Range (Bank 2 Sensor 2)
P247E,Exhaust Gas Temperature Out of Range (Bank 2 Sensor 3)
P247F,Exhaust Gas Temperature Out of Range (Bank 2 Sensor 4)
P2480,Exhaust Gas Temperature Sensor Circuit (Bank 1 Sensor 5)
P2481,Exhaust Gas Temperature Sensor Circuit Range/Performance (Bank 1 Sensor 5)
P2482,Exhaust Gas Temperature Sensor Circuit Low (Bank 1 Sensor 5)
P2483,Exhaust Gas Temperature Sensor Circuit High (Bank 1 Sensor 5)
P2484,Exhaust Gas Temperature Sensor Circuit Intermittent/Erratic (Bank 1 Sensor 5)
P2485,Exhaust Gas Temperature Sensor Circuit (Bank 2 Sensor 5)
P2486,Exhaust Gas Temperature Sensor Circuit Range/Performance (Bank 2 Sensor 5)
P2487,Exhaust Gas Temperature Sensor Circuit Low (Bank 2 Sensor 5)
P2488,Exhaust Gas Temperature Sensor Circuit High (Bank 2 Sensor 5)
P2489,Exhaust Gas Temperature Sensor Circuit Intermittent/Erratic (Bank 2 Sensor 5)
P248A,Reductant Heater A Sense Circuit Low
P248B,Reductant Heater A Sense Circuit High
P248C,Reductant Heater B Sense Circuit Low
P248D,Reductant Heater B Sense Circuit High
P248E,EGR Cooler Bypass Control Circuit/Open (Bank 2)
P248F,EGR Cooler Bypass Control Circuit Range/Performance (Bank 2)
P2490,EGR Cooler Bypass Control Circuit Low (Bank 2)
P2491,EGR Cooler Bypass Control Circuit High (Bank 2)
P2492,EGR Cooler Bypass Position Sensor Circuit (Bank 1)
P2493,EGR Cooler Bypass Position Sensor Range/Performance (Bank 1)
P2494,EGR Cooler Bypass Position Sensor Circuit Low (Bank 1)
P2495,EGR Cooler Bypass Position Sensor Circuit High (bank 1)
P2496,EGR Cooler Bypass Position Sensor Circuit Intermittent/Erratic (bank 1)
P2497,EGR Cooler Bypass Position Sensor Circuit (Bank 2)
P2498,EGR Cooler Bypass Position Sensor Range/Performance (Bank2 )
P2499,EGR Cooler Bypass Position Sensor Circuit Low (Bank2 )
P249A,EGR Cooler Bypass Position Sensor Circuit High (Bank 2)
P249B,EGR Cooler Bypass Position Sensor Circuit Intermittent/Erratic (Bank 2)
P249C,Excessive Time To Enter Closed Loop Reductant Injection Control
P249D,Closed Loop Reductant Injection Control At Limit -  Flow Too Low
P249E,Closed Loop Reductant Injection Control At Limit -  Flow Too High
P249F,Excessive Time To Enter Closed Loop Particulate Filter Regeneration Control
P24A0,Closed Loop Particulate Filter Regeneration Control At Limit - Temperature Too Low
P24A1,Closed Loop Particulate Filter Regeneration Control At Limit - Temperature Too High
P24A2,Particulate Filter Regeneration Incomplete (Bank 1)
P24A3,Particulate Filter Restriction - Soot Accumulation (Bank 2)
P24A4,Particulate Filter Restriction - Soot Accumulation Too High (Bank 1)
P24A5,EGR Cooler Bypass Control Stuck (Bank 1)
P24A6,EGR Cooler Bypass Control Stuck (Bank 2)
P24A7,EGR Cooler Coolant Pump Control Circuit/Open
P24A8,EGR Cooler Coolant Pump Performance/Stuck Off
P24A9,EGR Cooler Coolant Pump Control Circuit Low
P24AA,EGR Cooler Coolant Pump Control Circuit High
P24AB,EGR Cooler Coolant Pump Stuck On
P24AC,EGR Cooler Coolant Pump Feedback Circuit Low
P24AD,EGR Cooler Coolant Pump Feedback Circuit High
P24AE,Particulate Matter Sensor Circuit
P24AF,Particulate Matter Sensor Circuit Range/Performance
P24B0,Particulate Matter Sensor Circuit Low
P24B1,Particulate Matter Sensor Circuit High
P24B2,Particulate Matter Sensor Circuit Intermittent
P24B3,Particulate Matter Sensor Heater Control Circuit/Open
P24B4,Particulate Matter Sensor Heater Control Circuit Range/Performance
P24B5,Particulate Matter Sensor Heater Control Circuit Low
P24B6,Particulate Matter Sensor Heater Control Circuit High
P24B7,Particulate Matter Sensor Heater Resistance
P24B8,EVAP System Leak Detection Pump Pressure Sensor Circuit
P24B9,EVAP System Leak Detection Pump Pressure Sensor Circuit Range/Performance
P24BA,EVAP System Leak Detection Pump Pressure Sensor Circuit Low
P24BB,EVAP System Leak Detection Pump Pressure Sensor Circuit High
P24BC,EVAP System Leak Detection Pump Pressure Sensor Circuit Intermittent
P24BD,EVAP System Leak Detection Pump Vacuum Switching Valve Control Circuit/Open
P24BE,EVAP System Leak Detection Pump Vacuum Switching Valve Control Circuit Low
P24BF,EVAP System Leak Detection Pump Vacuum Switching Valve Control Circuit High
P24C0,EVAP System Leak Detection Pump Vacuum Switching Valve Stuck On
P24C1,EVAP System Leak Detection Pump Vacuum Switching Valve Performance/Stuck Off
P24C2,Exhaust Gas Temperature Measurement System - Multiple Sensor Correlation Bank 1
P24C3,Exhaust Gas Temperature Measurement System - Multiple Sensor Correlation Bank 2
P24C4,EGR Cooler Bypass Position Sensor Exceeded Learning Limit Bank 1
P24C5,EGR Cooler Bypass Position Sensor Exceeded Learning Limit Bank 2
P24C6,Particulate Matter Sensor Temperature Circuit
P24C7,Particulate Matter Sensor Temperature Circuit Range/performance
P24C8,Particulate Matter Sensor Temperature Circuit Low
P24C9,Particulate Matter Sensor Temperature Circuit High
P24CA,Particulate Matter Sensor Temperature Circuit Intermittent
P24CB,Reductant Tank Cap Switch Circuit
P24CC,Reductant Tank Cap Switch Circuit Range/Performance
P24CD,Reductant Tank Cap Switch Circuit Low
P24CE,Reductant Tank Cap Switch Circuit High
P24CF,Reductant Tank Cap Switch Circuit Intermittent/Erratic
P24D0,Particulate Matter Sensor Supply Voltage Circuit Low
P24D1,Particulate Matter Sensor Regeneration Incomplete
P24D2,Reductant Heater A Sense Circuit
P24D3,Reductant Heater B Sense Circuit
P24D4,EGR Cooler Coolant Pump Feedback Circuit
P24D5,EVAP System Pressure Sensor/Switch B Circuit
P24D6,EVAP System Pressure Sensor/Switch B Circuit Range/Performance
P24D7,EVAP System Pressure Sensor/Switch B Circuit Low
P24D8,EVAP System Pressure Sensor/Switch B Circuit High
P24D9,EVAP System Pressure Sensor/Switch B Circuit Intermittent
P24DA,Particulate Matter Sensor Exhaust Sample Error Bank 1
P2500,Generator Lamp Terminal Circuit Low
P2501,Generator Lamp Terminal Circuit High
P2502,Charging System Voltage
P2503,Charging System Voltage Low
P2504,Charging System Voltage High
P2505,ECM / PCM Power Input Signal
P2506,ECM / PCM Power Input Signal Range/Performance
P2507,ECM / PCM Power Input Signal Low
P2508,ECM / PCM Power Input Signal High
P2509,ECM / PCM Power Input Signal Intermittent
P250A,Engine Oil Level Sensor Circuit
P250B,Engine Oil Level Sensor Circuit Range/Performance
P250C,Engine Oil Level Sensor Circuit Low
P250D,Engine Oil Level Sensor Circuit High
P250E,Engine Oil Level Sensor Circuit Intermittent/Erratic
P250F,Engine Oil Level Too Low
P2510,ECM / PCM Power Relay Sense Circuit Range/Performance
P2511,ECM / PCM Power Relay Sense Circuit Intermittent
P2512,Event Data Recorder Request Circuit / Open
P2513,Event Data Recorder Request Circuit Low
P2514,Event Data Recorder Request Circuit High
P2515,A/C Refrigerant Pressure Sensor B Circuit
P2516,A/C Refrigerant Pressure Sensor B Circuit Range/Performance
P2517,A/C Refrigerant Pressure Sensor B Circuit Low 
P2518,A/C Refrigerant Pressure Sensor B Circuit High 
P2519,A/C Request A Circuit 
P251A,PTO Enable Switch Circuit / Open
P251B,PTO Enable Switch Circuit Low
P251C,PTO Enable Switch Circuit High
P251D,PTO Engine Shutdown Circuit / Open
P251E,PTO Engine Shutdown Circuit Low
P251F,PTO Engine Shutdown Circuit High
P2520,A/C Request A Circuit Low
P2521,A/C Request A Circuit High
P2522,A/C Request B Circuit 
P2523,A/C Request B Circuit Low
P2524,A/C Request B Circuit High
P2525,Vacuum Reservoir Pressure Sensor Circuit
P2526,Vacuum Reservoir Pressure Sensor Circuit Range/Performance
P2527,Vacuum Reservoir Pressure Sensor Circuit Low
P2528,Vacuum Reservoir Pressure Sensor Circuit High
P2529,Vacuum Reservoir Pressure Sensor Circuit Intermittent
P252A,Engine Oil Quality Sensor Circuit
P252B,Engine Oil Quality Sensor Circuit Range/Performance
P252C,Engine Oil Quality Sensor Circuit Low
P252D,Engine Oil Quality Sensor Circuit High
P252E,Engine Oil Quality Circuit Intermittent/Erratic
P252F,Engine Oil Level Too High
P2530,Ignition Switch Run Position Circuit
P2531,Ignition Switch Run Position Circuit Low
P2532,Ignition Switch Run Position Circuit High
P2533,Ignition Switch Run/Start Position Circuit
P2534,Ignition Switch Run/Start Position Circuit Low
P2535,Ignition Switch Run/Start Position Circuit High
P2536,Ignition Switch Accessory Position Circuit
P2537,Ignition Switch Accessory Position Circuit Low
P2538,Ignition Switch Accessory Position Circuit High
P2539,Low Pressure Fuel System Sensor Circuit
P253A,PTO Sense Circuit / Open
P253B,PTO Sense Circuit Range/Performance
P253C,PTO Sense Circuit Low
P253D,PTO Sense Circuit High
P253E,PTO Sense Circuit Intermittent/Erratic
P253F,Engine Oil Deteriorated
P2540,Low Pressure Fuel System Sensor Circuit Range / Performance
P2541,Low Pressure Fuel System Sensor Circuit Low 
P2542,Low Pressure Fuel System Sensor Circuit High 
P2543,Low Pressure Fuel System Sensor Circuit Intermittent
P2544,Torque Management Request Input Signal A
P2545,Torque Management Request Input Signal A Range / Performance
P2546,Torque Management Request Input Signal A Low
P2547,Torque Management Request Input Signal A High
P2548,Torque Management Request Input Signal B
P2549,Torque Management Request Input Signal B Range / Performance
P254A,PTO Speed Selector Sensor/Switch 1 Circuit / Open
P254B,PTO Speed Selector Sensor/Switch 1 Circuit Range/Performance
P254C,PTO Speed Selector Sensor/Switch 1 Circuit Low
P254D,PTO Speed Selector Sensor/Switch 1 Circuit High
P254E,PTO Speed Selector Sensor/Switch 1 Circuit Intermittent/Erratic
P254F,Engine Hood Switch Circuit / Open
P2550,Torque Management Request Input Signal B Low
P2551,Torque Management Request Input Signal B High
P2552,Throttle/Fuel Inhibit Circuit / Open
P2553,Throttle/Fuel Inhibit Circuit Range / Performance
P2554,Throttle/Fuel Inhibit Circuit Low
P2555,Throttle/Fuel Inhibit Circuit High
P2556,Engine Coolant Level Sensor/Switch Circuit
P2557,Engine Coolant Level Sensor/Switch Circuit Range / Performance
P2558,Engine Coolant Level Sensor/Switch Circuit Low
P2559,Engine Coolant Level Sensor/Switch Circuit High
P255A,PTO Speed Selector Sensor/Switch 2 Circuit / Open
P255B,PTO Speed Selector Sensor/Switch 2 Circuit Range/Performance
P255C,PTO Speed Selector Sensor/Switch 2 Circuit Low
P255D,PTO Speed Selector Sensor/Switch 2 Circuit High
P255E,PTO Speed Selector Sensor/Switch 2 Circuit Intermittent/Erratic
P255F,A/C Request A Circuit Range/Performance
P2560,Engine Coolant Level Low
P2561,A/C Control Module Requested MIL Illumination
P2562,Turbocharger Boost Control Position Sensor A Circuit
P2563,Turbocharger Boost Control Position Sensor A Circuit Range/Performance
P2564,Turbocharger Boost Control Position Sensor A Circuit Low
P2565,Turbocharger Boost Control Position Sensor A Circuit High
P2566,Turbocharger Boost Control Position Sensor A Circuit Intermittent
P2567,Direct Ozone Reduction Catalyst Temperature Sensor Circuit
P2568,Direct Ozone Reduction Catalyst Temperature Sensor Circuit Range/Performance
P2569,Direct Ozone Reduction Catalyst Temperature Sensor Circuit Low
P256A,Engine Idle Speed Selector Sensor/Switch Circuit / Open
P256B,Engine Idle Speed Selector Sensor/Switch Circuit Range/Performance
P256C,Engine Idle Speed Selector Sensor/Switch Circuit Low
P256D,Engine Idle Speed Selector Sensor/Switch Circuit High
P256E,Engine Idle Speed Selector Sensor/Switch Circuit Intermittent/Erratic
P256F,A/C Request B Circuit Range/Performance
P2570,Direct Ozone Reduction Catalyst Temperature Sensor Circuit High
P2571,Direct Ozone Reduction Catalyst Temperature Sensor Circuit Intermittent/Erratic
P2572,Direct Ozone Reduction Catalyst Deterioration Sensor Circuit
P2573,Direct Ozone Reduction Catalyst Deterioration Sensor Circuit Range/Performance
P2574,Direct Ozone Reduction Catalyst Deterioration Sensor Circuit Low
P2575,Direct Ozone Reduction Catalyst Deterioration Sensor Circuit High
P2576,Direct Ozone Reduction Catalyst Deterioration Sensor Circuit Intermittent/Erratic
P2577,Direct Ozone Reduction Catalyst Efficiency Below Threshold
P2578,Turbocharger Speed Sensor Circuit
P2579,Turbocharger Speed Sensor Circuit Range/Performance
P257A,Vacuum Reservoir Control Circuit / Open
P257B,Vacuum Reservoir Control Circuit Low
P257C,Vacuum Reservoir Control Circuit High
P257D,Engine Hood Switch Circuit Range/Performance
P257E,Engine Hood Switch Circuit Low
P257F,Engine Hood Switch Circuit High
P2580,Turbocharger Speed Sensor Circuit Low
P2581,Turbocharger Speed Sensor Circuit High
P2582,Turbocharger Speed Sensor Intermittent
P2583,Cruise Control Front Distance Range Sensor
P2584,Fuel Additive Control Module Requested MIL Illumination
P2585,Fuel Additive Control Module Warning Lamp Request
P2586,Turbocharger Boost Control Position Sensor B Circuit
P2587,Turbocharger Boost Control Position Sensor B Circuit Range/Performance
P2588,Turbocharger Boost Control Position Sensor B Circuit Low
P2589,Turbocharger Boost Control Position Sensor B Circuit High
P258A,Vacuum Pump Control Circuit / Open
P258B,Vacuum Pump Control Range/Performance
P258C,Vacuum Pump Control Circuit Low
P258D,Vacuum Pump Control Circuit High
P258E,PTO Enable Switch Performance
P258F,Torque Management Request Output Signal
P2590,Turbocharger Boost Control Position Sensor B Circuit Intermittent
P2591,Cruise Control Front Distance Range Sensor - Left
P2592,Cruise Control Front Distance Range Sensor - Right
P2593,Turbocharger Speed Sensor B Circuit
P2594,Turbocharger Speed Sensor B Circuit Range/Performance
P2595,Turbocharger Speed Sensor B Circuit Low
P2596,Turbocharger Speed Sensor B Circuit High
P2597,Turbocharger Speed Sensor B Circuit Intermittent
P2598,Turbocharger Boost Control Position Sensor A Performance - Stuck Low
P2599,Turbocharger Boost Control Position Sensor A Performance - Stuck High
P259A,Turbocharger Boost Control Position Sensor B Performance - Stuck Low
P259B,Turbocharger Boost Control Position Sensor B Performance - Stuck High
P259C,Excessive Time To Enter Closed Loop Turbocharger A Boost Control
P259D,Excessive Time To Enter Closed Loop Turbocharger B Boost Control
P259E,Turbocharger A Boost Control Position At Low Limit
P259F,Turbocharger A Boost Control Position At High Limit
P25A0,Turbocharger B Boost Control Position At Low Limit
P25A1,Turbocharger B Boost Control Position At High Limit
P25A2,Brake System Control Module Requested MIL Illumination
P25A3,Engine Hood Open
P25A4,Fuel Mode Select Switch Circuit
P25A5,Fuel Mode Select Switch Performance
P25A6,Fuel Mode Select Switch Circuit Low
P25A7,Fuel Mode Select Switch Circuit High
P25A8,Fuel Mode Select Switch Circuit Intermittent/Erratic
P25A9,Piston Cooling Oil Control Circuit/Open
P25AA,Piston Cooling Oil Control Circuit Low
P25AB,Piston Cooling Oil Control Circuit High
P25AC,Piston Cooling Oil Control Circuit Performance/Stuck Off
P25AD,Piston Cooling Oil Control Circuit Stuck On
P25AE,Piston Cooling Oil Control Pressure Too Low
P25AF,Coolant Temperature Control Module Requested MIL Illumination
P25B0,Fuel Level Sensor A Stuck
P25B1,Fuel Level Sensor B Stuck
P25B2,Fuel Level Sensor A or B Stuck
P25B3,Turbocharger/Supercharger Wastegate A Stuck Open
P25B4,Turbocharger/Supercharger Wastegate A Stuck Closed
P25B5,Turbocharger/Supercharger Wastegate B Stuck Open
P25B6,Turbocharger/Supercharger Wastegate B Stuck Closed
P2600,Coolant Pump Control Circuit / Open
P2601,Coolant Pump Control Circuit Range/Performance
P2602,Coolant Pump Control Circuit Low
P2603,Coolant Pump Control Circuit High
P2604,Intake Air Heater A Circuit Range/Performance
P2605,Intake Air Heater B Circuit / Open
P2606,Intake Air Heater B Circuit Range/Performance
P2607,Intake Air Heater B Circuit Low
P2608,Intake Air Heater B Circuit High
P2609,Intake Air Heater System Performance
P260A,PTO Control Circuit / Open
P260B,PTO Control Circuit Low
P260C,PTO Control Circuit High
P260D,PTO Engaged Lamp Control Circuit
P260E,Diesel Particulate Filter Regeneration Lamp Control Circuit
P260F,Evaporative System Monitoring Processor Performance
P2610,ECM/PCM Internal Engine Off Timer Performance
P2611,A/C Refrigerant Distribution Valve Control Circuit / Open
P2612,A/C Refrigerant Distribution Valve Control Circuit Low
P2613,A/C Refrigerant Distribution Valve Control Circuit High
P2614,Camshaft Position Output Circuit / Open
P2615,Camshaft Position Output Circuit Low
P2616,Camshaft Position Output Circuit high
P2617,Crankshaft Position Output Circuit / Open
P2618,Crankshaft Position Output Circuit Low
P2619,Crankshaft Position Output Circuit high
P261A,Coolant Pump B Control Circuit/Open
P261B,Coolant Pump B Control Circuit Range / Performance
P261C,Coolant Pump B Control Circuit Low
P261D,Coolant Pump B Control Circuit High
P261E,Coolant Pump B Control Circuit Stuck On
P261F,Coolant Pump A Control Circuit Stuck On
P2620,Throttle Position Output Circuit / Open
P2621,Throttle Position Output Circuit Low
P2622,Throttle Position Output Circuit high
P2623,Injector Control Pressure Regulator / Open
P2624,Injector Control Pressure Regulator Low
P2625,Injector Control Pressure Regulator High
P2626,O2 Sensor Positive Current Trim Circuit / Open Bank 1 Sensor 1
P2627,O2 Sensor Positive Current Trim Circuit Low Bank 1 Sensor 1
P2628,O2 Sensor Positive Current Trim Circuit High Bank 1 Sensor 1
P2629,O2 Sensor Positive Current Trim Circuit / Open Bank 2 Sensor 1
P262A,Fuel Injector - Pilot Injection Not Learned
P262B,Control Module Power Off Timer Performance
P262C,Sensor Reference Voltage G Circuit/Open
P262D,Sensor Reference Voltage G Circuit Low
P262E,Sensor Reference Voltage G Circuit High
P262F,Sensor Reference Voltage G Circuit Range/Performance
P2630,O2 Sensor Positive Current Trim Circuit Low Bank 2 Sensor 1
P2631,O2 Sensor Positive Current Trim Circuit High Bank 2 Sensor 1
P2632,Fuel Pump B Control Circuit / Open
P2633,Fuel Pump B Control Circuit Low
P2634,Fuel Pump B Control Circuit High
P2635,Fuel Pump A Low Flow / Performance
P2636,Fuel Pump B Low Flow / Performance
P2637,Torque Management Feedback Signal A
P2638,Torque Management Feedback Signal A Range / Performance
P2639,Torque Management Feedback Signal A Low
P263A,MIL Control Circuit Low
P263B,MIL Control Circuit High
P263C,Glow Plug Driver Performance
P263D,Reductant Heater Driver Performance
P263E,Glow Plug Control Module 1 Over Temperature
P263F,Glow Plug Control Module 2 Over Temperature
P2640,Torque Management Feedback Signal A High
P2641,Torque Management Feedback Signal B
P2642,Torque Management Feedback Signal B Range / Performance
P2643,Torque Management Feedback Signal B Low
P2644,Torque Management Feedback Signal B High
P2645,A Rocker Arm Actuator Control Circuit / Open Bank 1
P2646,A Rocker Arm Actuator Control System Performance/Stuck Off Bank 1
P2647,A Rocker Arm Actuator Control System Stuck On Bank 1
P2648,A Rocker Arm Actuator Control Circuit Low Bank 1
P2649,A Rocker Arm Actuator Control Circuit High Bank 1
P264A,A Rocker Arm Actuator Position Sensor Circuit Bank 1
P264B,A Rocker Arm Actuator Position Sensor Circuit Range/Performance Bank 1
P264C,A Rocker Arm Actuator Position Sensor Circuit Low Bank 1
P264D,A Rocker Arm Actuator Position Sensor Circuit High Bank 1
P264E,A Rocker Arm Actuator Position Sensor Circuit Intermittent/Erratic Bank 1
P264F,Engine Serial Number Not Programmed or Incompatible
P2650,B Rocker Arm Actuator Control Circuit / Open Bank 1
P2651,B Rocker Arm Actuator Control System Performance/Stuck Off Bank 1
P2652,B Rocker Arm Actuator Control System Stuck On Bank 1
P2653,B Rocker Arm Actuator Control Circuit Low Bank 1
P2654,B Rocker Arm Actuator Control Circuit High Bank 1
P2655,A Rocker Arm Actuator Control Circuit / Open Bank 2
P2656,A Rocker Arm Actuator Control System Performance/Stuck Off Bank 2
P2657,A Rocker Arm Actuator Control System Stuck On Bank 2
P2658,A Rocker Arm Actuator Control Circuit Low Bank 2
P2659,A Rocker Arm Actuator Control Circuit High Bank 2
P265A,B Rocker Arm Actuator Position Sensor Circuit Bank 1
P265B,B Rocker Arm Actuator Position Sensor Circuit Range/Performance Bank 1
P265C,B Rocker Arm Actuator Position Sensor Circuit Low Bank 1
P265D,B Rocker Arm Actuator Position Sensor Circuit High Bank 1
P265E,B Rocker Arm Actuator Position Sensor Circuit Intermittent/Erratic Bank 1
P265F,Variable A/C Compressor Control Circuit Range/Performance
P2660,B Rocker Arm Actuator Control Circuit / Open Bank 2
P2661,B Rocker Arm Actuator Control System Performance/Stuck Off Bank 2
P2662,B Rocker Arm Actuator Control System Stuck On Bank 2
P2663,B Rocker Arm Actuator Control Circuit Low Bank 2
P2664,B Rocker Arm Actuator Control Circuit High Bank 2
P2665,Fuel Shutoff Valve B Control Circuit / Open
P2666,Fuel Shutoff Valve B Control Circuit Low
P2667,Fuel Shutoff Valve B Control Circuit High
P2668,Fuel Indicator Lamp Control Circuit
P2669,Actuator Supply Voltage B Circuit / Open
P266A,A Rocker Arm Actuator Position Sensor Circuit Bank 2
P266B,A Rocker Arm Actuator Position Sensor Circuit Range/Performance Bank 2
P266C,A Rocker Arm Actuator Position Sensor Circuit Low Bank 2
P266D,A Rocker Arm Actuator Position Sensor Circuit High Bank 2
P266E,A Rocker Arm Actuator Position Sensor Circuit Intermittent/Erratic Bank 2
P266F,A/C Refrigerant Distribution Valve Control Circuit Driver Current/Temperature Too High
P2670,Actuator Supply Voltage B Circuit Low
P2671,Actuator Supply Voltage B Circuit High
P2672,Injection Pump Timing Offset
P2673,Injection Pump Timing Calibration Not Learned
P2674,Injection Pump Fuel Calibration Not Learned
P2675,Air Cleaner Inlet Control Circuit / Open
P2676,Air Cleaner Inlet Control Circuit Low
P2677,Air Cleaner Inlet Control Circuit High
P2678,Coolant Degassing Valve Control Circuit / Open
P2679,Coolant Degassing Valve Control Circuit Low
P267A,B Rocker Arm Actuator Position Sensor Circuit Bank 2
P267B,B Rocker Arm Actuator Position Sensor Circuit Range/Performance Bank 2
P267C,B Rocker Arm Actuator Position Sensor Circuit Low Bank 2
P267D,B Rocker Arm Actuator Position Sensor Circuit High Bank 2
P267E,B Rocker Arm Actuator Position Sensor Circuit Intermittent/Erratic Bank 2
P2680,Coolant Degassing Valve Control Circuit High
P2681,Engine Coolant Bypass Valve Control Circuit / Open
P2682,Engine Coolant Bypass Valve Control Circuit Low
P2683,Engine Coolant Bypass Valve Control Circuit High
P2684,Actuator Supply Voltage C Circuit / Open
P2685,Actuator Supply Voltage C Circuit Low
P2686,Actuator Supply Voltage C Circuit High
P2687,Fuel Supply Heater Control Circuit / Open
P2688,Fuel Supply Heater Control Circuit Low
P2689,Fuel Supply Heater Control Circuit High
P268A,Fuel Injector Calibration Not Learned/Programmed
P268B,High Pressure Fuel Pump Calibration Not Learned/Programmed
P268C,Cylinder 1 Injector Data Incompatible
P268D,Cylinder 2 Injector Data Incompatible
P268E,Cylinder 3 Injector Data Incompatible
P268F,Cylinder 4 Injector Data Incompatible
P2690,Cylinder 5 Injector Data Incompatible
P2691,Cylinder 6 Injector Data Incompatible
P2692,Cylinder 7 Injector Data Incompatible
P2693,Cylinder 8 Injector Data Incompatible
P2694,Cylinder 9 Injector Data Incompatible
P2695,Cylinder 10 Injector Data Incompatible
P2696,Injector Data Incompatible
P2697,Exhaust Aftertreatment Fuel Injector A Circuit / Open
P2698,Exhaust Aftertreatment Fuel Injector A Performance
P2699,Exhaust Aftertreatment Fuel Injector A Circuit Low
P269A,Exhaust Aftertreatment Fuel Injector A Circuit High
P269B,Exhaust Aftertreatment Glow Plug Control Circuit / Open
P269C,Exhaust Aftertreatment Glow Plug Control Performance
P269D,Exhaust Aftertreatment Glow Plug Control Circuit Low
P269E,Exhaust Aftertreatment Glow Plug Control Circuit High
P269F,Exhaust Aftertreatment Glow Plug Circuit / Open
P26A0,Exhaust Aftertreatment Glow Plug Performance
P26A1,Exhaust Aftertreatment Glow Plug Circuit Low
P26A2,Exhaust Aftertreatment Glow Plug Circuit High
P26A3,Engine Coolant Bypass Valve A Range/Performance
P26A4,Engine Coolant Bypass Valve A Position Sensor Circuit
P26A5,Engine Coolant Bypass Valve A Position Sensor Circuit Range/Performance
P26A6,Engine Coolant Bypass Valve A Position Sensor Circuit Low
P26A7,Engine Coolant Bypass Valve A Position Sensor Circuit High
P26A8,Engine Coolant Bypass Valve A Position Sensor Circuit Intermittent/Erratic
P26A9,Engine Coolant Bypass Valve A Position Sensor Stop/Minimum Stop Performance
P26AA,Engine Coolant Bypass Valve A Position Sensor Maximum Stop Performance
P26AB,Engine Coolant Bypass Valve  A Stuck/Open
P26AC,Engine Coolant Bypass Valve B Control Circuit/Open
P26AD,Engine Coolant Bypass Valve B Control Circuit Low
P26AE,Engine Coolant Bypass Valve B Control Circuit High
P26AF,Engine Coolant Bypass Valve B Stuck/Open
P26B0,Engine Coolant Bypass Valve B Range/Performance
P26B1,Engine Coolant Bypass Valve  A Stuck Closed
P26B2,Engine Coolant Bypass Valve  B Stuck Closed
P26B3,Fuel Shutoff Valve A Control Circuit Performance/Stuck Off
P26B4,Fuel Shutoff Valve A Control Circuit Stuck On
P26B5,Fuel Shutoff Valve B Control Circuit Performance/Stuck Off
P26B6,Fuel Shutoff Valve B Control Circuit Stuck On
P26B7,Engine Coolant Bypass Valve C Control Circuit/Open
P26B8,Engine Coolant Bypass Valve C Control Circuit Low
P26B9,Engine Coolant Bypass Valve C Control Circuit High
P26BA,Engine Coolant Bypass Valve C Stuck/Open
P26BB,Engine Coolant Bypass Valve C Range/Performance
P26BC,Engine Coolant Bypass Valve C Stuck Closed
P26BD,Engine Coolant Bypass Valve D Control Circuit/Open
P26BE,Engine Coolant Bypass Valve D Control Circuit Low
P26BF,Engine Coolant Bypass Valve D Control Circuit High
P26C0,Engine Coolant Bypass Valve D Stuck/Open
P26C1,Engine Coolant Bypass Valve D Range/Performance
P26C2,Engine Coolant Bypass Valve D Stuck Closed
P26C3,Internal Control Module Transmission Range Sensor Performance
P26C4,Internal Control Module Clutch Pedal Performance
P26C5,Exhaust Flow Control Valve A Control Circuit/Open
P26C6,Exhaust Flow Control Valve A Control Circuit Low
P26C7,Exhaust Flow Control Valve A Control Circuit High
P26C8,Chassis Control Module 1 Requested MIL Illumination
P26C9,Chassis Control Module 2 Requested MIL Illumination
P26CA,Engine Coolant Pump Control Circuit/Open
P26CB,Engine Coolant Pump Performance/Stuck Off
P26CC,Engine Coolant Pump Control Circuit Low
P26CD,Engine Coolant Pump Control Circuit High
P26CE,Engine Coolant Pump Overspeed
P26CF,Engine Coolant Pump Control Module System Voltage
P26D0,Engine Coolant Pump Control Module System Voltage Low
P26D1,Engine Coolant Pump Control Module System Voltage High
P26D2,Engine Coolant Pump Control Module Over Temperature
P26D3,Engine Coolant Pump Supply Voltage Circuit
P26D4,Engine Coolant Pump Supply Voltage Circuit Low
P26D5,Engine Coolant Pump Supply Voltage Circuit High
P26D6,Engine Coolant Pump Clutch Control Circuit/Open
P26D7,Engine Coolant Pump Clutch Performance/Stuck Off
P26D8,Engine Coolant Pump Clutch Stuck On
P26D9,Engine Coolant Pump Clutch Control Circuit Low
P26DA,Engine Coolant Pump Clutch Control Circuit High
P26DB,Engine Sound Control Circuit/Open
P26DC,Engine Sound Control Circuit Low
P26DD,Engine Sound Control Circuit High
P26DE,Engine Sound Control Circuit Performance
P26E4,Starter Relay B Circuit
P26E5,Starter Relay B Circuit Low
P26E6,Starter Relay B Circuit High
P26E7,Actuator Supply Voltage D Circuit/Open
P26E8,Actuator Supply Voltage D Circuit Low
P26E9,Actuator Supply Voltage D Circuit High
P2700,Transmission Friction Element A Apply Time Range/Performance
P2701,Transmission Friction Element B Apply Time Range/Performance
P2702,Transmission Friction Element C Apply Time Range/Performance
P2703,Transmission Friction Element D Apply Time Range/Performance
P2704,Transmission Friction Element E Apply Time Range/Performance
P2705,Transmission Friction Element F Apply Time Range/Performance
P2706,Shift Solenoid F
P2707,Shift Solenoid F Performance/Stuck Off
P2708,Shift Solenoid F Stuck On
P2709,Shift Solenoid F Electrical
P270A,Transmission Friction Element A Temperature Too High
P270B,Transmission Friction Element B Temperature Too High
P270C,Transmission Friction Element C Temperature Too High
P270D,Transmission Friction Element D Temperature Too High
P270E,Transmission Friction Element E Temperature Too High
P270F,Transmission Friction Element F Temperature Too High
P2710,Shift Solenoid F Intermittent
P2711,Unexpected Mechanical Gear Disengagement
P2712,Hydraulic Pressure Unit Leakage
P2713,Pressure Control Solenoid D
P2714,Pressure Control Solenoid D Performance/Stuck Off
P2715,Pressure Control Solenoid D Stuck On
P2716,Pressure Control Solenoid D Electrical
P2717,Pressure Control Solenoid D Intermittent
P2718,Pressure Control Solenoid D Control Circuit / Open
P2719,Pressure Control Solenoid D Control Circuit Range/Performance
P2720,Pressure Control Solenoid D Control Circuit Low
P2721,Pressure Control Solenoid D Control Circuit High
P2722,Pressure Control Solenoid E
P2723,Pressure Control Solenoid E Performance/Stuck Off
P2724,Pressure Control Solenoid E Stuck On
P2725,Pressure Control Solenoid E Electrical
P2726,Pressure Control Solenoid E Intermittent
P2727,Pressure Control Solenoid E Control Circuit / Open
P2728,Pressure Control Solenoid E Control Circuit Range/Performance
P2729,Pressure Control Solenoid E Control Circuit Low
P2730,Pressure Control Solenoid E Control Circuit High
P2731,Pressure Control Solenoid F
P2732,Pressure Control Solenoid F Performance/Stuck Off
P2733,Pressure Control Solenoid F Stuck On
P2734,Pressure Control Solenoid F Electrical
P2735,Pressure Control Solenoid F Intermittent
P2736,Pressure Control Solenoid F Control Circuit / Open
P2737,Pressure Control Solenoid F Control Circuit Range/Performance
P2738,Pressure Control Solenoid F Control Circuit Low
P2739,Pressure Control Solenoid F Control Circuit High
P273A,Transmission Friction Element G Apply Time Range/Performance
P273B,Transmission Friction Element H Apply Time Range/Performance
P273F,Transmission Fluid Temperature Sensor B Over Temperature Condition
P2740,Transmission Fluid Temperature Sensor B Circuit
P2741,Transmission Fluid Temperature Sensor B Circuit Range/Performance
P2742,Transmission Fluid Temperature Sensor B Circuit Low 
P2743,Transmission Fluid Temperature Sensor B Circuit High 
P2744,Transmission Fluid Temperature Sensor B Circuit Intermittent
P2745,Intermediate Shaft Speed Sensor B Circuit 
P2746,Intermediate Shaft Speed Sensor B Circuit Range/Performance
P2747,Intermediate Shaft Speed Sensor B Circuit No Signal
P2748,Intermediate Shaft Speed Sensor B Circuit Intermittent
P2749,Intermediate Shaft Speed Sensor C Circuit 
P274A,Transmission Fluid Temperature Sensor C Circuit
P274B,Transmission Fluid Temperature Sensor C Circuit Range/Performance
P274C,Transmission Fluid Temperature Sensor C Circuit Low
P274D,Transmission Fluid Temperature Sensor C Circuit High
P274E,Transmission Fluid Temperature Sensor C Circuit Intermittent
P274F,Transmission Fluid Temperature Sensor C Over Temperature Condition 
P2750,Intermediate Shaft Speed Sensor C Circuit Range/Performance
P2751,Intermediate Shaft Speed Sensor C Circuit No Signal
P2752,Intermediate Shaft Speed Sensor C Circuit Intermittent
P2753,Transmission Fluid Cooler Control Circuit / Open
P2754,Transmission Fluid Cooler Control Circuit Low
P2755,Transmission Fluid Cooler Control Circuit High
P2756,Torque Converter Clutch Pressure Control Solenoid
P2757,Torque Converter Clutch Pressure Control Solenoid Control Circuit Perf or Stuck Off
P2758,Torque Converter Clutch Pressure Control Solenoid Stuck On
P2759,Torque Converter Clutch Pressure Control Solenoid Electrical
P2760,Torque Converter Clutch Pressure Control Solenoid Intermittent
P2761,Torque Converter Clutch Pressure Control Solenoid Control Circuit / Open
P2762,Torque Converter Clutch Pressure Control Solenoid Control Circuit Range / Perf
P2763,Torque Converter Clutch Pressure Control Solenoid Control Circuit High
P2764,Torque Converter Clutch Pressure Control Solenoid Control Circuit Low
P2765,Input / Turbine Speed Sensor B Circuit
P2766,Input / Turbine Speed Sensor B Circuit Range / Performance
P2767,Input / Turbine Speed Sensor B Circuit No Signal
P2768,Input / Turbine Speed Sensor B Circuit Intermittent
P2769,Torque Converter Clutch Circuit Low
P2770,Torque Converter Clutch Circuit High
P2771,Four Wheel Drive (4WD) Low Switch Circuit
P2772,Four Wheel Drive (4WD) Low Switch Circuit Range/Performance
P2773,Four Wheel Drive (4WD) Low Switch Circuit Low
P2774,Four Wheel Drive (4WD) Low Switch Circuit High
P2775,Upshift Switch Circuit Range/Performance
P2776,Upshift Switch Circuit Low
P2777,Upshift Switch Circuit High
P2778,Upshift Switch Circuit Intermittent/Erratic
P2779,Downshift Switch Circuit Range/Performance
P2780,Downshift Switch Circuit Low
P2781,Downshift Switch Circuit High
P2782,Downshift Switch Circuit Intermittent/Erratic
P2783,Torque Converter Temperature Too High
P2784,Input / Turbine Speed Sensor A / B Correlation
P2785,Clutch Actuator Temperature Too High
P2786,Gear Shift Actuator Temperature Too High
P2787,Clutch Temperature Too High
P2788,Auto Shift Manual Adaptive Learning at Limit
P2789,Clutch Adaptive Learning at Limit
P278A,Kick Down Switch Circuit
P278B,Kick Down Switch Circuit Range/Performance
P278C,Kick Down Switch Circuit Low
P278D,Kick Down Switch Circuit High
P278E,Kick Down Switch Circuit Intermittent/Erratic
P278F,Clutch B Adaptive Learning at Limit
P2790,Gate Select Direction Circuit
P2791,Gate Select Direction Circuit Low
P2792,Gate Select Direction Circuit High
P2793,Gear Shift Direction Circuit
P2794,Gear Shift Direction Circuit Low
P2795,Gear Shift Direction Circuit High
P2796,Auxiliary Transmission Fluid Pump Control Circuit
P2797,Auxiliary Transmission Fluid Pump Circuit Performance
P2798,Auxiliary Transmission Fluid Pump Control Circuit Low
P2799,Auxiliary Transmission Fluid Pump Control Circuit High
P279A,Transfer Case Gear High Incorrect Ratio
P279B,Transfer Case Gear Low Incorrect Ratio
P279C,Transfer Case Gear Incorrect Ratio
P279D,Four Wheel Drive (4WD) Range Signal Circuit
P279E,Four Wheel Drive (4WD) Range Signal Circuit Range Performance
P279F,Four Wheel Drive (4WD) Range Signal Circuit Low
P27A0,Four Wheel Drive (4WD) Range Signal Circuit High
P27A1,Electric/Auxiliary Transmission Fluid Pump Stuck On
P2800,Transmission Range Sensor B Circuit (PRNDL Input)
P2801,Transmission Range Sensor B Circuit Range/Performance
P2802,Transmission Range Sensor B Circuit Low 
P2803,Transmission Range Sensor B Circuit High 
P2804,Transmission Range Sensor B Circuit Intermittent
P2805,Transmission Range Sensor A / B Correlation
P2806,Transmission Range Sensor Alignment
P2807,Pressure Control Solenoid G
P2808,Pressure Control Solenoid G Performance/Stuck Off
P2809,Pressure Control Solenoid G Stuck On
P280A,Transmission Range Sensor A Circuit Not Learned
P280B,Transmission Range Sensor B Circuit Not Learned
P2810,Pressure Control Solenoid G Electrical
P2811,Pressure Control Solenoid G Intermittent
P2812,Pressure Control Solenoid G Control Circuit / Open
P2813,Pressure Control Solenoid G Control Circuit Range/Performance
P2814,Pressure Control Solenoid G Control Circuit Low
P2815,Pressure Control Solenoid G Control Circuit High
P2816,Pressure Control Solenoid H
P2817,Pressure Control Solenoid H Performance/Stuck Off
P2818,Pressure Control Solenoid H Stuck On
P2819,Pressure Control Solenoid H Electrical
P281A,Pressure Control Solenoid H Intermittent
P281B,Pressure Control Solenoid H Control Circuit / Open
P281C,Pressure Control Solenoid H Control Circuit Range/Performance
P281D,Pressure Control Solenoid H Control Circuit Low
P281E,Pressure Control Solenoid H Control Circuit High
P281F,Pressure Control Solenoid J
P2820,Pressure Control Solenoid J Performance/Stuck Off
P2821,Pressure Control Solenoid J Stuck On
P2822,Pressure Control Solenoid J Electrical
P2823,Pressure Control Solenoid J Intermittent
P2824,Pressure Control Solenoid J Control Circuit / Open
P2825,Pressure Control Solenoid J Control Circuit Range/Performance
P2826,Pressure Control Solenoid J Control Circuit Low
P2827,Pressure Control Solenoid J Control Circuit High
P2828,Pressure Control Solenoid K
P2829,Pressure Control Solenoid K Performance/Stuck Off
P282A,Pressure Control Solenoid K Stuck On
P282B,Pressure Control Solenoid K Electrical
P282C,Pressure Control Solenoid K Intermittent
P282D,Pressure Control Solenoid K Control Circuit / Open
P282E,Pressure Control Solenoid K Control Circuit Range/Performance
P282F,Pressure Control Solenoid K Control Circuit Low
P2830,Pressure Control Solenoid K Control Circuit High
P2831,Shift Fork A Position Circuit
P2832,Shift Fork A Position Circuit Range/Performance
P2833,Shift Fork A Position Circuit Low
P2834,Shift Fork A Position Circuit High
P2835,Shift Fork A Position Circuit Intermittent
P2836,Shift Fork B Position Circuit
P2837,Shift Fork B Position Circuit Range/Performance
P2838,Shift Fork B Position Circuit Low
P2839,Shift Fork B Position Circuit High
P283A,Shift Fork B Position Circuit Intermittent
P283B,Shift Fork C Position Circuit
P283C,Shift Fork C Position Circuit Range/Performance
P283D,Shift Fork C Position Circuit Low
P283E,Shift Fork C Position Circuit High
P283F,Shift Fork C Position Circuit Intermittent
P2840,Shift Fork D Position Circuit
P2841,Shift Fork D Position Circuit Range/Performance
P2842,Shift Fork D Position Circuit Low
P2843,Shift Fork D Position Circuit High
P2844,Shift Fork D Position Circuit Intermittent
P2845,Shift Fork A Position Sensor Incorrect Neutral Position Indicated
P2846,Shift Fork B Position Sensor Incorrect Neutral Position Indicated
P2847,Shift Fork C Position Sensor Incorrect Neutral Position Indicated
P2848,Shift Fork D Position Sensor Incorrect Neutral Position Indicated
P2849,Shift Fork A Stuck
P284A,Shift Fork B Stuck
P284B,Shift Fork C Stuck
P284C,Shift Fork D Stuck
P284D,Shift Fork A Unrequested Movement
P284E,Shift Fork B Unrequested Movement
P284F,Shift Fork C Unrequested Movement
P2850,Shift Fork D Unrequested Movement
P2851,Shift Fork Position Sensor A/B Correlation
P2852,Shift Fork Position Sensor C/D Correlation
P2853,Clutch A Pressure Discharge Performance
P2854,Clutch B Pressure Discharge Performance
P2855,Clutch A Pressure Charge Performance
P2856,Clutch B Pressure Charge Performance
P2857,Clutch A Pressure Engagement Performance
P2858,Clutch B Pressure Engagement Performance
P2859,Clutch A Pressure Disengagement Performance
P285A,Clutch B Pressure Disengagement Performance
P285B,Shift Fork A Actuator Circuit/Open
P285C,Shift Fork A Actuator Circuit Performance
P285D,Shift Fork A Actuator Circuit Low
P285E,Shift Fork A Actuator Circuit High
P285F,Shift Fork B Actuator Circuit/Open
P2860,Shift Fork B Actuator Circuit Performance
P2861,Shift Fork B Actuator Circuit Low
P2862,Shift Fork B Actuator Circuit High
P2863,Shift Fork E Position Circuit
P2864,Shift Fork E Position Circuit Range/Performance
P2865,Shift Fork E Position Circuit Low
P2866,Shift Fork E Position Circuit High
P2867,Shift Fork E Position Circuit Intermittent
P2868,Shift Fork E Position Sensor Incorrect Neutral Position Indicated
P2869,Shift Fork E Stuck
P286A,Shift Fork E Unrequested Movement
P286B,Clutch A Pressure Engagement Too High
P286C,Clutch A Pressure Disengagement Too High
P286D,Clutch A Engagement Time Performance/Too Slow
P286E,Clutch A Engagement Time Too Fast
P286F,Clutch A Disengagement Time Performance/Too Slow
P2870,Clutch A Disengagement Time Too Fast
P2871,Clutch A Performance/Stuck Disengaged
P2872,Clutch A Stuck Engaged
P2873,Clutch B Pressure Engagement Too High
P2874,Clutch B Pressure Disengagement Too High
P2875,Clutch B Engagement Time Performance/Too Slow
P2876,Clutch B Engagement Time Too Fast
P2877,Clutch B Disengagement Time Performance/Too Slow
P2878,Clutch B Disengagement Time Too Fast
P2879,Clutch B Performance/Stuck Disengaged
P287A,Clutch B Stuck Engaged
P287B,Shift Fork Calibration Not Learned
P2A00,O2 Circuit Range / Performance (Bank 1 Sensor 1)
P2A01,O2 Circuit Range / Performance (Bank 1 Sensor 2)
P2A02,O2 Circuit Range / Performance (Bank 1 Sensor 3)
P2A03,O2 Circuit Range / Performance (Bank 2 Sensor 1)
P2A04,O2 Circuit Range / Performance (Bank 2 Sensor 2)
P2A05,O2 Circuit Range / Performance (Bank 2 Sensor 3)
P2A06,O2 Circuit Negative Voltage (Bank 1 Sensor 1)
P2A07,O2 Circuit Negative Voltage (Bank 1 Sensor 2)
P2A08,O2 Circuit Negative Voltage (Bank 1 Sensor 3)
P2A09,O2 Circuit Negative Voltage (Bank 2 Sensor 1)
P2A10,O2 Circuit Negative Voltage (Bank 2 Sensor 2)
P2A11,O2 Circuit Negative Voltage (Bank 2 Sensor 3)
P2A24,Alternative Fuel Tank Shutoff Valve B Control Circuit Low
P2A25,Alternative Fuel Tank Shutoff Valve B Control Circuit High
P2A28,Alternative Fuel Tank Shutoff Valve C Control Circuit Low
P2A29,Alternative Fuel Tank Shutoff Valve C Control Circuit High
P2A2C,Alternative Fuel Tank Shutoff Valve D Control Circuit Low
P2A2D,Alternative Fuel Tank Shutoff Valve D Control Circuit High
P2A30,Alternative Fuel Tank Shutoff Valve E Control Circuit Low
P2A31,Alternative Fuel Tank Shutoff Valve E Control Circuit High
P2BA7,NOx Exceedance - Empty Reagent Tank
P2BA8,NOx Exceedance - Interruption of Reagent Dosing Activity
P2BA9,NOx Exceedance - Insufficient Reagent Quality
P2BAA,NOx Exceedance - Low Reagent Consumption
P2BAB,NOx Exceedance - Incorrect EGR Flow
P2BAC,NOx Exceedance - Deactivation of EGR
P2BAD,NOx Exceedance - Root Cause Unknown
P2BAE,NOx Exceedance - NOx Control Monitoring System
P3400,Cylinder Deactivation System Bank 1
P3401,Cylinder 1 Deactivation/Intake Valve Control Circuit / Open
P3402,Cylinder 1 Deactivation/Intake Valve Control Circuit Performance
P3403,Cylinder 1 Deactivation/Intake Valve Control Circuit Low
P3404,Cylinder 1 Deactivation/Intake Valve Control Circuit High
P3405,Cylinder 1 Exhaust Valve Control Circuit
P3406,Cylinder 1 Exhaust Valve Control Circuit Performance
P3407,Cylinder 1 Exhaust Valve Control Circuit Low
P3408,Cylinder 1 Exhaust Valve Control Circuit High
P3409,Cylinder 2 Deactivation/Intake Valve Control Circuit / Open
P340A,Deactivation/Intake Valve Control Circuit (Bank 1)
P340B,Deactivation/Intake Valve Control Circuit (Bank 2)
P340C,Deactivation/Exhaust Valve Control Circuit (Bank 1)
P340D,Deactivation/Exhaust Valve Control Circuit (Bank 2)
P3410,Cylinder 2 Deactivation/Intake Valve Control Circuit Performance
P3411,Cylinder 2 Deactivation/Intake Valve Control Circuit Low
P3412,Cylinder 2 Deactivation/Intake Valve Control Circuit High
P3413,Cylinder 2 Exhaust Valve Control Circuit
P3414,Cylinder 2 Exhaust Valve Control Circuit Performance
P3415,Cylinder 2 Exhaust Valve Control Circuit Low
P3416,Cylinder 2 Exhaust Valve Control Circuit High
P3417,Cylinder 3 Deactivation/Intake Valve Control Circuit / Open
P3418,Cylinder 3 Deactivation/Intake Valve Control Circuit Performance
P3419,Cylinder 3 Deactivation/Intake Valve Control Circuit Low
P341A,Deactivation/Intake Valve Control Circuit Performance(Bank 1)
P341B,Deactivation/Intake Valve Control Circuit Performance(Bank 2)
P341C,Deactivation/Exhaust Valve Control Circuit Performance (Bank 1)
P341D,Deactivation/Exhaust Valve Control Circuit Performance (Bank 2)
P3420,Cylinder 3 Deactivation/Intake Valve Control Circuit High
P3421,Cylinder 3 Exhaust Valve Control Circuit
P3422,Cylinder 3 Exhaust Valve Control Circuit Performance
P3423,Cylinder 3 Exhaust Valve Control Circuit Low
P3424,Cylinder 3 Exhaust Valve Control Circuit High
P3425,Cylinder 4 Deactivation/Intake Valve Control Circuit / Open
P3426,Cylinder 4 Deactivation/Intake Valve Control Circuit Performance
P3427,Cylinder 4 Deactivation/Intake Valve Control Circuit Low
P3428,Cylinder 4 Deactivation/Intake Valve Control Circuit High
P3429,Cylinder 4 Exhaust Valve Control Circuit
P3430,Cylinder 4 Exhaust Valve Control Circuit Performance
P3431,Cylinder 4 Exhaust Valve Control Circuit Low
P3432,Cylinder 4 Exhaust Valve Control Circuit High
P3433,Cylinder 5 Deactivation/Intake Valve Control Circuit / Open
P3434,Cylinder 5 Deactivation/Intake Valve Control Circuit Performance
P3435,Cylinder 5 Deactivation/Intake Valve Control Circuit Low
P3436,Cylinder 5 Deactivation/Intake Valve Control Circuit High
P3437,Cylinder 5 Exhaust Valve Control Circuit
P3438,Cylinder 5 Exhaust Valve Control Circuit Performance
P3439,Cylinder 5 Exhaust Valve Control Circuit Low
P3440,Cylinder 5 Exhaust Valve Control Circuit High
P3441,Cylinder 6 Deactivation/Intake Valve Control Circuit / Open
P3442,Cylinder 6 Deactivation/Intake Valve Control Circuit Performance
P3443,Cylinder 6 Deactivation/Intake Valve Control Circuit Low
P3444,Cylinder 6 Deactivation/Intake Valve Control Circuit High
P3445,Cylinder 6 Exhaust Valve Control Circuit
P3446,Cylinder 6 Exhaust Valve Control Circuit Performance
P3447,Cylinder 6 Exhaust Valve Control Circuit Low
P3448,Cylinder 6 Exhaust Valve Control Circuit High
P3449,Cylinder 7 Deactivation/Intake Valve Control Circuit / Open
P3450,Cylinder 7 Deactivation/Intake Valve Control Circuit Performance
P3451,Cylinder 7 Deactivation/Intake Valve Control Circuit Low
P3452,Cylinder 7 Deactivation/Intake Valve Control Circuit High
P3453,Cylinder 7 Exhaust Valve Control Circuit
P3454,Cylinder 7 Exhaust Valve Control Circuit Performance
P3455,Cylinder 7 Exhaust Valve Control Circuit Low
P3456,Cylinder 7 Exhaust Valve Control Circuit High
P3457,Cylinder 8 Deactivation/Intake Valve Control Circuit / Open
P3458,Cylinder 8 Deactivation/Intake Valve Control Circuit Performance
P3459,Cylinder 8 Deactivation/Intake Valve Control Circuit Low
P3460,Cylinder 8 Deactivation/Intake Valve Control Circuit High
P3461,Cylinder 8 Exhaust Valve Control Circuit
P3462,Cylinder 8 Exhaust Valve Control Circuit Performance
P3463,Cylinder 8 Exhaust Valve Control Circuit Low
P3464,Cylinder 8 Exhaust Valve Control Circuit High
P3465,Cylinder 9 Deactivation/Intake Valve Control Circuit / Open
P3466,Cylinder 9 Deactivation/Intake Valve Control Circuit Performance
P3467,Cylinder 9 Deactivation/Intake Valve Control Circuit Low
P3468,Cylinder 9 Deactivation/Intake Valve Control Circuit High
P3469,Cylinder 9 Exhaust Valve Control Circuit
P3470,Cylinder 9 Exhaust Valve Control Circuit Performance
P3471,Cylinder 9 Exhaust Valve Control Circuit Low
P3472,Cylinder 9 Exhaust Valve Control Circuit High
P3473,Cylinder 10 Deactivation/Intake Valve Control Circuit / Open
P3474,Cylinder 10 Deactivation/Intake Valve Control Circuit Performance
P3475,Cylinder 10 Deactivation/Intake Valve Control Circuit Low
P3476,Cylinder 10 Deactivation/Intake Valve Control Circuit High
P3477,Cylinder 10 Exhaust Valve Control Circuit
P3478,Cylinder 10 Exhaust Valve Control Circuit Performance
P3479,Cylinder 10 Exhaust Valve Control Circuit Low
P3480,Cylinder 10 Exhaust Valve Control Circuit High
P3481,Cylinder 11 Deactivation/Intake Valve Control Circuit / Open
P3482,Cylinder 11 Deactivation/Intake Valve Control Circuit Performance
P3483,Cylinder 11 Deactivation/Intake Valve Control Circuit Low
P3484,Cylinder 11 Deactivation/Intake Valve Control Circuit High
P3485,Cylinder 11 Exhaust Valve Control Circuit
P3486,Cylinder 11 Exhaust Valve Control Circuit Performance
P3487,Cylinder 11 Exhaust Valve Control Circuit Low
P3488,Cylinder 11 Exhaust Valve Control Circuit High
P3489,Cylinder 12 Deactivation/Intake Valve Control Circuit / Open
P3490,Cylinder 12 Deactivation/Intake Valve Control Circuit Performance
P3491,Cylinder 12 Deactivation/Intake Valve Control Circuit Low
P3492,Cylinder 12 Deactivation/Intake Valve Control Circuit High
P3493,Cylinder 12 Exhaust Valve Control Circuit
P3494,Cylinder 12 Exhaust Valve Control Circuit Performance
P3495,Cylinder 12 Exhaust Valve Control Circuit Low
P3496,Cylinder 12 Exhaust Valve Control Circuit High
P3497,Cylinder Deactivation System Bank 2
P3498,Cylinder 1 Deactivation Performance
P3499,Cylinder 2 Deactivation Performance
P349A,Cylinder 3 Deactivation Performance
P349B,Cylinder 4 Deactivation Performance
P349C,Cylinder 5 Deactivation Performance
P349D,Cylinder 6 Deactivation Performance
P349E,Cylinder 7 Deactivation Performance
P349F,Cylinder 8 Deactivation Performance
P34A0,Cylinder 9 Deactivation Performance
P34A1,Cylinder 10 Deactivation Performance
P34A2,Cylinder 11 Deactivation Performance
P34A3,Cylinder 12 Deactivation Performance
C0001,TCS Control Channel A Valve 1
C0002,TCS Control Channel A Valve 2
C0003,TCS Control Channel B Valve 1
C0004,TCS Control Channel B Valve 2
C0010,Left Front Inlet Control
C0011,Left Front Outlet Control
C0012,Left Front Hydraulic Release Too Long
C0014,Right Front Inlet Control
C0015,Right Front Outlet Control
C0016,Right Front Hydraulic Release Too Long
C0018,Left Rear Inlet Control
C0019,Left Rear Outlet Control
C001A,Left Rear Hydraulic Release Too Long
C001C,Right Rear Inlet Control
C001D,Right Rear Outlet Control
C001E,Right Rear Hydraulic Release Too Long
C0020,ABS Pump Motor Control
C0021,Brake Booster Performance
C0022,Brake Booster Solenoid
C0023,Stop Lamp Control
C0030,Left Front Tone Wheel
C0031,Left Front Wheel Speed Sensor
C0032,Left Front Wheel Speed Sensor Supply
C0033,Right Front Tone Wheel
C0034,Right Front Wheel Speed Sensor
C0035,Right Front Wheel Speed Sensor Supply
C0036,Left Rear Tone Wheel
C0037,Left Rear Wheel Speed Sensor
C0038,Left Rear Wheel Speed Sensor Supply
C0039,Right Rear Tone Wheel
C003A,Right Rear Wheel Speed Sensor
C003B,Right Rear Wheel Speed Sensor Supply
C003C,Rear Tone Wheel
C003D,Rear Wheel Speed Sensor
C003E,Rear Wheel Speed Sensor Supply
C0040,Brake Pedal Switch A
C0041,Brake Pedal Switch B
C0042,Brake Pedal Position Sensor Circuit A
C0043,Brake Pedal Position Sensor Circuit B
C0044,Brake Pressure Sensor A
C0045,Brake Pressure Sensor B
C0046,Brake Pressure Sensor A / B
C0047,Brake Booster Pressure Sensor
C0048,Brake Booster Travel Sensor
C0049,Brake Fluid
C004A,Brake Lining Wear Sensor
C0051,Steering Wheel Position Sensor
C0052,Steering Wheel Position Sensor Signal A
C0053,Steering Wheel Position Sensor Signal B
C0054,Steering Wheel Position Sensor Signal C
C0055,Steering Wheel Position Sensor Signal D
C0061,Lateral Acceleration Sensor
C0062,Longitudinal Acceleration Sensor
C0063,Yaw Rate Sensor
C0064,Roll Rate Sensor
C0065,Vertical Acceleration Sensor
C0069,Yaw Rate/Longitude Sensors
C006A,Multi-axis Acceleration Sensor
C006B,Stability System Active Too Long
C0071,2/4 Wheel Drive Status Input
C0072,Brake Temperature Too High
C0073,Delivered Driving Torque
C0074,Requested Driving Torque
C0075,Extended Brake Pedal Travel output to PCM
C0076,PWM for Traction Control
C0077,Low Tire Pressure
C0078,Tire Diameter
C0079,Variable Effort Steering
C0081,ABS Malfunction Indicator
C0082,Brake System Malfunction Indicator
C0083,Tire Pressure Monitor Malfunction Indicator
C0084,Traction Active Indicator
C0085,Traction Disable Indicator
C0086,Vehicle Dynamics Indicator
C0089,TCS Disable Switch
C008A,TCS Mode Control
C1000,Hill Descent Control (HDC) Function
C1001,Vision System Camera
C1002,Left Power Running Board Stow
C1003,Right Power Running Board Stow
C1004,Right Power Running Board Deploy
C1005,Left Power Running Board Deploy
C1006,Left Power Running Board Motor
C1007,Right Power Running Board Motor
C1008,Left Power Running Board Position/Motion Sensor
C1009,Right Power Running Board Position/Motion Sensor
C100A,Brake Pedal Angle Sensor
C100B,Motor Drive Current
C100C,Steering Tracking
C100D,Brake Pedal Angle Sensor Circuit 1
C100E,Brake Pedal Angle Sensor Circuit 2
C100F,Brake Pedal Angle Sensor Supply
C1010,Continuous Vacuum Hublock (CVH) Solenoid
C1011,Brake Pedal Feel Simulator Cut-off Pressure Sensor
C1012,Brake Pedal  Feel Simulator Cut-off Valve Solenoid
C1013,Brake System Pressure
C1014,Brake System Total Volume Balance
C1015,Vacuum Supply
C1016,Pedal Angle to Pedal Feel Simulator Cut-off Pressure Comparison
C1017,Boot/Trunk Primary Switch
C1018,Regenerative Braking
C101A,Vacuum Pressure Sensor
C101B,Vacuum Pressure Sensor Circuit B
C101C,Brake Vacuum Pump
C101D,Left Front Vertical Acceleration Sensor
C101E,Right Front Vertical Acceleration Sensor
C101F,Generic Valve Failure
C1020,Brake System Fill Not Complete
C1021,ABS Booster Control Pressure
C1022,Boot/Trunk Secondary Switch
C1023,Pull Drift Compensation Limit Exceeded
C1024,System Temporarily Disabled Due To Power Interruption During Driving
C1025,Brake Primary Circuit Overboost Pressure
C1026,ABS Secondary Circuit Overboost Pressure
C1027,Master Cylinder (MC) to Primary Circuit Pressure
C1028,ABS Primary Circuit Wheel Pressure
C1029,ABS Primary Circuit Pressure
C102A,Brake Secondary Circuit Pressure Mismatch Between Wheels
C102B,ABS Secondary Circuit Pressure lower than Primary
C102C,Right Rear Vertical Acceleration Sensor
C102D,High Friction Inside Power Steering
C102E,Stability Control System
C102F,Active Vibration Actuator Control
C1030,Left Rear Vertical Acceleration Sensor
C1031,Deflation Detection System
C1032,Raise - Lower Switch
C1033,Isolation Switch 2
C1034,Park Brake
C1035,Vacuum Pump Relay 1
C1036,Vacuum Pump Relay 2
C1037,Driver Steering Recommendation
C1038,Pitch Angle
C1104,Brake Bedding Mode
C1105,Brake Lamp Control
C1106,Available
C1107,Available
C1108,Pedal Sensor(s) Supply Voltage
C1109,Vehicle Dynamics Control Switch
C110A,Front Vertical Acceleration Sensor
C110B,Rear Vertical Acceleration Sensor
C110C,Left Front Damper Solenoid
C110D,Right Front Damper Solenoid
C110E,Left Rear Damper Solenoid
C110F,Right Rear Damper Solenoid
C1110,Power steering Calibration Data
C1111,Control Lateral Acceleration
C1112,Roll Angle
C1113,Off Road Determination
C1114,Roll Axis Torque
C1115,Pulse Torque
C1116,Torque/Pressure
C1117,Direction Control Valve(s)
C1118,Brake Booster Release Switch
C1119,Hydraulic Pressure
C111A,Right Stop Lamp
C111B,Left Stop Lamp
C111C,Left Front Body Acceleration Sensor
C111D,Right Front Body Acceleration Sensor
C111E,Left Rear Body Acceleration Sensor
C111F,Right Rear Body Acceleration Sensor
C1120,Reversing lamp
C1121,Damper Solenoid(s)
C1122,Steering Isolation Valve
C1123,Steering Isolation Valve Supply Circuit
C1124,Height Sensor(s)
C1125,Drivers Internal Door Handle
C1126,Position Lamps
C1127,Position Sensor
C1128,Apply and Release Switch
C1129,Actuator Engage
C112A,Actuator Disengage
C112B,Isolation Switch
C112C,Mode Indicator 1
C112D,Mode Indicator 2
C112E,Mode Indicator 3
C112F,Air Spring Valve
C1130,Air Spring Air Supply
C1131,Air Supply
C1132,Head Up Display
C1133,Left Front Brake Pressure Sensor
C1134,Right Front Brake Pressure Sensor
C1135,Left Rear Brake Pressure Sensor
C1136,Right Rear Brake Pressure Sensor
C1137,Reverse gear switch
C1138,Access Switch
C1139,Hold Switch
C113A,Wakeup Control
C1160,Center Axle Disconnect (CAD) System General Failure
C1728,Transfer Case Unable To Transition Between 2H and 4H
C1729,Transfer Case Unable To Transition Between 4H and 4L
C1970,4X4 Low Mode Switch LED Short To Battery
C1971,4X4 Low Mode Switch LED Circuit Failure
C1979,IWE Solenoid Circuit Failure
C1980,IWE Solenoid Short To Battery
C1A00,Control Module
C1A01,LED 
C1A02,Rotary Encoder Stuck In Intermediate Position
C1A03,Left Front Height Sensor
C1A04,Right Front Height Sensor
C1A05,Left Rear Height Sensor
C1A06,Right Rear Height Sensor
C1A07,Cross Articulation
C1A08,Pressure Sensor Supply
C1A09,Pressure Sensor Signal
C1A10,Pressure Fluctuates When System Inactive
C1A11,Pressure Increases When System Inactive
C1A12,Pressure Decreases When System Inactive
C1A13,Pressure Does Not Decrease When Venting Gallery
C1A14,No Pressure Change When Measuring Front Left Corner Pressure
C1A15,No Pressure Change When Measuring Front Right Corner Pressure
C1A16,No Pressure Change When Measuring Rear Left Corner Pressure
C1A17,No Pressure Change When Measuring Rear Right Corner Pressure
C1A18,Pressure Increase Too Rapid When Filling Reservoir
C1A19,No Pressure Increase When Filling Reservoir
C1A20,Pressure Increase Too Slow When Filling Reservoir
C1A21,Pressure Decreases When Filling Reservoir
C1A22,Reservoir Pressure Decreases Too Much Between Measurements
C1A23,No Pressure Change When Measuring Reservoir Pressure
C1A24,No Temperature Increase When Compressor Requested
C1A25,Temperature Increase When Compressor Not Requested
C1A26,Temperature Sensor Circuit
C1A27,Compressor
C1A28,Wrong Number of LEDs Illuminated
C1A29,Switch Activation Too Long
C1A30,Both Switches Pressed At The Same Time
C1A31,Left Front Corner Valve
C1A32,Right Front Corner Valve
C1A33,Left Rear Corner Valve
C1A34,Right Rear Corner Valve
C1A35,Reservoir Valve
C1A36,Exhaust Valve
C1A37,Front Cross-Link Valve
C1A38,Rear Cross-Link Valve
C1A39,Sensor Supply Voltage
C1A40,Longitudinal Acceleration Sensor
C1A41,Clutch Pedal Sensor
C1A42,Motor Ground Circuit
C1A43,Motor Supply
C1A44,High Side Driver Circuit
C1A45,Low Side Driver Circuit
C1A46,Mismatch Between Motor Drive Current and Resultant Force
C1A47,Force Sensor
C1A48,Warning Lamp
C1A49,Switch Apply Contact #1
C1A50,Switch Apply Contact #2
C1A51,Switch Release Contact #1
C1A52,Switch Release Contact #2
C1A53,Manual Emergency Release Activated
C1A54,Park Brake Activation
C1A55,Ignition Switch Input Circuit
C1A56,Left Front Tire Pressure Sensor and Transmitter Assembly
C1A57,Left Front Initiator
C1A58,Right Front Tire Pressure Sensor and Transmitter Assembly
C1A59,Right Front Initiator
C1A60,Left Rear Tire Pressure Sensor and Transmitter Assembly
C1A61,Left Rear Initiator
C1A62,Right Rear Tire Pressure Sensor and Transmitter Assembly
C1A63,Right Rear Initiator
C1A64,Spare Wheel Tire Pressure Sensor and Transmitter Assembly
C1A65,Front Alert Switch Circuit
C1A66,Front Alert LED Circuit
C1A67,Forward Looking Sensor
C1A68,Left Front Height Sensor Supply
C1A69,Right Front Height Sensor Supply
C1A70,Left Rear Height Sensor Supply
C1A71,Right Rear Height Sensor Supply
C1A72,Front Left Height Sensor Mechanism
C1A73,Front Right Height Sensor Mechanism
C1A74,Rear Left Height Sensor Mechanism
C1A75,Rear Right Height Sensor Mechanism
C1A76,Valve Relay
C1A77,Valve Relay Supply Circuit
C1A78,Left Front Inlet Valve
C1A79,Left Front Outlet Valve
C1A80,Right Front Inlet Valve
C1A81,Right Front Outlet Valve
C1A82,Left Rear Inlet Valve
C1A83,Left Rear Outlet Valve
C1A84,Right Rear Inlet Valve
C1A85,Right Rear Outlet Valve
C1A86,Commutation Valve #1
C1A87,Commutation Valve #2
C1A88,High Pressure Switching Valve #1
C1A89,High Pressure Switching Valve #2
C1A90,Wheel Speed Sensor Supply
C1A91,Left Front Wheel Speed Sensor
C1A92,Left Rear Wheel Speed Sensor
C1A93,Right Rear Wheel Speed Sensor
C1A94,Right Front Wheel Speed Sensor
C1A95,Wheel Speed Sensor
C1A96,Brake Light Switch
C1A97,Lateral Accelerometer
C1A98,Yaw Rate Sensor
C1A99,Pressure Sensor
C1B00,Steering Angle Sensor
C1B01,Cruise Control Module
C1B02,Return Pump
C1B03,Directional Control Valve #1
C1B04,Initial (Hit) Current - Directional Control Valve #1
C1B05,Hold Current - Directional Control Valve #1
C1B06,Off State Current Monitor - Directional Control Valve #1
C1B07,Directional Control Valve #2
C1B08,Initial (Hit) Current - Directional Control Valve #2
C1B09,Hold Current - Directional Control Valve #2
C1B10,Off State Current Monitor - Directional Control Valve #2
C1B11,Pressure Control Valve
C1B12,Lower Lateral Accelerometer
C1B13,Upper Lateral Accelerometer
C1B14,Sensor Supply Voltage A
C1B15,Sensor Supply Voltage B
C1B16,Hydraulic Fluid
C1B17,Gallery Pressure Too Low when Lifting
C1B18,Module Power Supplies
C1B19,Door Status
C1B20,Gallery Pressure Too High
C1B21,Compressor Brush Card Temperature Sensor
C1B22,Hill Descent Switch
C1B23,Head Up Display
C1D00,Park Brake Apply Switch 
C1D01,Park Brake Release Switch
C1D02,Release circuit #1  active with Release circuit #2 idle
C1D03,Apply circuit #1 simultaneous active with Release circuit #1
C1D04,Apply circuit #1 simultaneous active with Release circuit #2
C1D05,Apply circuit #2 simultaneous active with Release circuit #1
C1D06,Apply circuit #2 simultaneous active with Release circuit #2
C1D07,Secondary Park Brake Apply Switch 
C1D08,Secondary Park Brake Release Switch 
C1D09,inclination sensor
C1D10,FET Over Current/Over Temp
C1D11,Park Brake Release Switch
C1D12,Apply Circuit #2 Active with Apply Circuit #1 Idle
C1D13,Release Circuit #2 Active with Release Circuit #1 Idle
C1D14,Ignition Status
C1D15,Brake Switch Status
C1D16,High Power Battery Feed
C1D17,High Power Ground Feed
C1D18,Wheel Localisation Failed
C1D19,External Receiver Data Line
C1D20,Vehicle Deceleration 
C1D21,Wheel module
C1D22,Steering Wheel Switch Right Module
C2000,Electric-Hydraulic Power Assisted Steering
C2001,Electric Hydrolic Power Assisted Steering Low Temperature
C2002,Odometer Tampered
C2003,Steering Wheel Switch Left Module
C2004,Headlamp Washer Relay B
C2005,Right Actuator
C2006,Left Actuator
C2007,Right Motor
C2008,Left Motor
C2009,Front Axle Wheel Speed Sensors Swapped
C200A,Rear Axle Wheel Speed Sensors Swapped
C200B,Steering Shaft Torque Sensor 1
C200C,Steering Shaft Torque Sensor 2
C200D,Motor Rotation Angle Sensor
C2010,Traction Control System Temporarily Disabled
C2011,Tire Pressure Wheel Module #1
C2012,Tire Pressure Wheel Module #2
C2013,Tire Pressure Wheel Module #3
C2014,Tire Pressure Wheel Module #4
B0001,Driver Frontal Stage 1 Deployment Control
B0002,Driver Frontal Stage 2 Deployment Control
B0003,Driver Frontal Stage 3 Deployment Control
B0004,Driver Knee Bolster Deployment Control
B0005,Collapsible Steering Column Deployment Control
B0010,Passenger Frontal Stage 1 Deployment Control
B0011,Passenger Frontal Stage 2 Deployment Control
B0012,Passenger Frontal Stage 3 Deployment Control
B0013,Passenger Knee Bolster Deployment Control
B0020,Left Side Airbag Deployment Control
B0021,Left Curtain Deployment Control 1
B0022,Left Curtain Deployment Control 2
B0028,Right Side Airbag Deployment Control
B0029,Right Curtain Deployment Control 1
B002A,Right Curtain Deployment Control 2
B0030,Second Row Left Side Airbag Deployment Control
B0031,Second Row Left Frontal Stage 1 Deployment Control
B0032,Second Row Left Frontal Stage 2 Deployment Control
B0033,Second Row Left Frontal Stage 3 Deployment Control
B0038,Second Row Right Side Airbag Deployment Control
B0039,Second Row Right Frontal Stage 1 Deployment Control
B003A,Second Row Right Frontal Stage 2 Deployment Control
B003B,Second Row Right Frontal Stage 3 Deployment Control
B0040,Third Row Left Side Airbag Deployment Control
B0041,Third Row Left Frontal Stage 1 Deployment Control
B0042,Third Row Left Frontal Stage 2 Deployment Control
B0043,Third Row Left Frontal Stage 3 Deployment Control
B0048,Third Row Right Side Airbag Deployment Control
B0049,Third Row Right Frontal Stage 1 Deployment Control
B004A,Third Row Right Frontal Stage 2 Deployment Control
B004B,Third Row Right Frontal Stage 3 Deployment Control
B0050,Driver Seatbelt Sensor
B0051,First Row Center Seatbelt Sensor
B0052,Passenger Seatbelt Sensor
B0053,Second Row Left Seatbelt Sensor
B0054,Second Row Center Seatbelt Sensor
B0055,Second Row Right Seatbelt Sensor
B0056,Third Row Left Seatbelt Sensor
B0057,Third Row Center Seatbelt Sensor
B0058,Third Row Right Seatbelt Sensor
B0060,Driver Seatbelt Tension Sensor
B0061,Passenger Seatbelt Tension Sensor
B0070,Driver Seatbelt Pretensioner Deployment Control
B0071,First Row Center Seatbelt Pretensioner Deployment Control
B0072,Passenger Seatbelt Pretensioner A Deployment Control
B0073,Second Row Left Seatbelt Pretensioner Deployment Control
B0074,Second Row Center Seatbelt Pretensioner Deployment Control
B0075,Second Row Right Seatbelt Pretensioner Deployment Control
B0076,Third Row Left Seatbelt Pretensioner Deployment Control
B0077,Third Row Center Seatbelt Pretensioner Deployment Control
B0078,Third Row Right Seatbelt Pretensioner Deployment Control
B0079,Driver Seatbelt Pretensioner B Deployment Control
B007A,Passenger Seatbelt Pretensioner B Deployment Control
B007B,Second Row Left Seatbelt Pretensioner B Deployment Control
B007C,Second Row Right Seatbelt Pretensioner B Deployment Control
B007D,Second Row Center Seatbelt Pretensioner B Deployment Control
B007E,Driver Seatbelt Pretensioner C Deployment Control
B007F,Passenger Seatbelt Pretensioner C Deployment Control
B0080,Driver Seatbelt Load Limiter Deployment Control 
B0081,First Row Center Seatbelt Load Limiter Deployment Control 
B0082,Passenger Seatbelt Load Limiter Deployment Control 
B0083,Second Row Left Seatbelt Load Limiter Deployment Control 
B0084,Second Row Center Seatbelt Load Limiter Deployment Control 
B0085,Second Row Right Seatbelt Load Limiter Deployment Control 
B0086,Third Row Left Seatbelt Load Limiter Deployment Control 
B0087,Third Row Center Seatbelt Load Limiter Deployment Control 
B0088,Third Row Right Seatbelt Load Limiter Deployment Control 
B0090,Left Frontal Restraints Sensor 
B0091,Left Side Restraints Sensor 1 
B0092,Left Side Restraints Sensor 2 
B0093,Left Side Restraints Sensor 3 
B0094,Center Frontal Restraints Sensor 
B0095,Right Frontal Restraints Sensor 
B0096,Right Side Restraints Sensor 1 
B0097,Right Side Restraints Sensor 2 
B0098,Right Side Restraints Sensor 3 
B0099,Roll Over Sensor 
B009A,Left Side Restraints Sensor 4
B009B,Left Side Restraints Sensor 5
B009C,Left Side Restraints Sensor 6
B009D,Right Side Restraints Sensor 4
B009E,Right Side Restraints Sensor 5
B009F,Right Side Restraints Sensor 6
B00A0,Occupant Classification System 
B00A1,Occupant Position System 
B00B0,Driver Seat Occupant Classification Sensor A
B00B1,Driver Seat Occupant Classification Sensor B
B00B2,Driver Seat Occupant Classification Sensor C
B00B3,Driver Seat Occupant Classification Sensor D
B00B4,Driver Seat Occupant Classification Sensor E
B00B5,Driver Seat Track Position Restraints Sensor
B00B6,Driver Seat Recline Position Restraints Sensor
B00B7,Driver Seat Occupant Position Sensor A
B00B8,Driver Seat Occupant Position Sensor B
B00B9,Driver Seat Occupant Position Sensor C
B00BA,Driver Seat Occupant Position Sensor D
B00BB,Driver Seat Occupant Position Sensor E
B00C0,Passenger Seat Occupant Classification Sensor A
B00C1,Passenger Seat Occupant Classification Sensor B
B00C2,Passenger Seat Occupant Classification Sensor C
B00C3,Passenger Seat Occupant Classification Sensor D
B00C4,Passenger Seat Occupant Classification Sensor E
B00C5,Passenger Seat Track Position Restraints Sensor
B00C6,Passenger Seat Recline Position Restraints Sensor
B00C7,Passenger Seat Occupant Position Sensor A
B00C8,Passenger Seat Occupant Position Sensor B
B00C9,Passenger Seat Occupant Position Sensor C
B00CA,Passenger Seat Occupant Position Sensor D
B00CB,Passenger Seat Occupant Position Sensor E
B00D0,Driver Seatbelt Indicator
B00D1,Passenger Seatbelt Indicator
B00D2,Restraint System Malfunction Indicator 1
B00D3,Restraint System Malfunction Indicator 2
B00D4,Restraint System Malfunction Audible Indicator
B00D5,Restraint System Passenger Disable Indicator
B00DF,Passenger Restraints Disable Switch
B00E0,Third Row Left Seatbelt Pretensioner B Deployment Control (Subfault)
B00E1,Third Row Right Seatbelt Pretensioner B Deployment Control (Subfault)
B00E2,Third Row Center Seatbelt Pretensioner B Deployment Control (Subfault)
B00E3,Second Row Left Seatbelt Pretensioner C Deployment Control (Subfault)
B00E4,Second Row Right Seatbelt Pretensioner C Deployment Control (Subfault)
B00E5,Second Row Center Seatbelt Pretensioner C Deployment Control (Subfault)
B00E6,Third Row Right Seatbelt Pretensioner C Deployment Control (Subfault)
B00E7,Third Row Left Seatbelt Pretensioner C Deployment Control (Subfault)
B00E8,Third Row Center Seatbelt Pretensioner C Deployment Control (Subfault)
B00F0,Driver Inflatable Seatbelt Deployment Control
B00F1,Passenger Inflatable Seatbelt Deployment Control
B00F2,Second Row Left Inflatable Seatbelt Deployment Control
B00F3,Second Row Center Inflatable Seatbelt Deployment Control
B00F4,Second Row Right Inflatable Seatbelt Deployment Control
B00F5,Third Row Left Inflatable Seatbelt Deployment Control
B00F6,Third Row Center Inflatable Seatbelt Deployment Control
B00F7,Third Row Right Inflatable Seatbelt Deployment Control
B1000,Right Hood Hinge Deployment Control
B1001,Right Hood Deployment Control
B1002,Left Hood Hinge Deployment Control
B1003,Left Hood Deployment Control
B1004,Right Frontal Impact Classification Sensor
B1005,Left Frontal Impact Classification Sensor
B1006,Center Front Impact Classification Sensor
B1007,High-Beam Headlamp Switch
B1008,Wiper Mode Switch
B1009,Ignition Authorisation
B100A,Fuel Pump Authorisation
B100B,Column Lock Ground Authorisation
B100C,Column Lock Supply Authorisation
B100D,Column Lock Authorisation
B100E,Video Input A
B100F,Video Input B
B1010,Video Input C
B1011,ECU Supplied Power Output
B1012,Heated Windshield Switch
B1013,Heater Rear Defog Switch
B1014,Recirculation Switch
B1015,Screen On/Off Switch
B1016,Status Switch
B1017,Left Temperature Decrease Switch
B1018,Right Temperature Decrease Switch
B1019,Left Temperature Increase Switch
B101A,Right Temperature Increase Switch
B101B,Defrost Switch
B101C,Seek Up Switch
B101D,Seek Down Switch
B101E,Air Conditioning Mode Switch
B101F,Eject Switch
B1020,Load Switch
B1021,Source Switch
B1022,Audio On/Off Switch
B1023,Fan Switch
B1024,Start Control Unit
B1025,Transponder
B1026,Steering Column Lock
B1027,Driver Bobbin Rotation Sensor
B1028,Passenger Bobbin Rotation Sensor
B1029,Accelerator Pedal Sensor
B102A,Flame Sensor
B102B,Passive Key
B102C,Combustion Air Blower Relay
B102D,Damper Motor
B102E,Air Quality Sensor
B102F,Auxiliary Switch
B1030,Left Front Seat Heater
B1031,Left Rear Seat Heater
B1032,Right Front Seat Heater
B1033,Right Rear Seat Heater
B1034,Left Front Seat Heater Element
B1035,Left Rear Seat Heater Element
B1036,Right Front Seat Heater Element
B1037,Right Rear Seat Heater Element
B1038,Left Front Seat Heater Sensor
B1039,Left Rear Seat Heater Sensor
B103A,Right Front Seat Heater Sensor
B103B,Right Rear Seat Heater Sensor
B103C,Left Headlamp Control
B103D,Right Headlamp Control
B103E,Seat Motors
B103F,Rear Seat Heater Control
B1040,Lamp Unit
B1041,Leveling Control
B1042,Automatic Vertical Aim Control
B1043,Front Axle Sensor
B1044,Rear Axle Sensor
B1045,Chime
B1046,Front Fog Lamp Control Switch
B1047,Rear Fog Lamp Control Switch
B1048,Brake Fluid Level Switch
B1049,Display Heater
B104A,Button 1
B104B,Button 2
B104C,Button 3
B104D,Button 4
B104E,Button 5
B104F,Left Glass Break Detect
B1050,Right Glass Break Detect
B1051,Front Washer Switch
B1052,Rear Washer Switch
B1053,Fuel Tank Level Sensor
B1054,Left Rear Seat Heat Switch
B1055,Right Rear Seat Heat Switch
B1056,Left Front Cushion Fan
B1057,Right Front Cushion Fan
B1058,Left Front Backrest Fan
B1059,Right Front Backrest Fan
B105A,Cabin Temperature Sensor Fan
B105B,Seat Lumbar Down Output
B105C,Seat Lumbar Rearward Output
B105D,Seat Bolster Inflate Output
B105E,Seat Bolster Deflate Output
B105F,Seat Cushion Extension Motor Output
B1060,Seat Headrest Motor Output
B1061,Seat Lumbar Forward Output
B1062,Seat Lumbar Up Output
B1063,Seat Cushion Extension Motor Sensor
B1064,Seat Headrest Motor Sensor
B1065,Cushion Extend Switch
B1066,Cushion Retract Switch
B1067,Lumbar In Switch
B1068,Lumbar Out Switch
B1069,Lumbar Up Switch
B106A,Lumbar Down Switch
B106B,Bolster Inflate Switch
B106C,Bolster Deflate Switch
B106D,Headrest Up Switch
B106E,Headrest Down Switch
B106F,Bootwell Position Sensor
B1070,Tonneau Lid Piston Out Sensor
B1071,Tension Bow Piston In Sensor
B1072,Tension Bow Piston Out Sensor
B1073,Main Bow Piston In Sensor
B1074,Main Bow Piston Out sensor
B1075,Main Bow Piston Centre Sensor
B1076,Front Latch Open Sensor
B1077,Front Latch Close Sensor
B1078,Convertible Top Latched Sensor
B1079,Hood Up Switch
B107A,Hood Down Switch
B107B,Hood Pump
B107C,Hood Rear Quarter Motor
B107D,Hood Latch Motor
B107E,Tonneau Lid Valve1
B107F,Tension Bow Valve2
B1080,Tension Bow Valve3
B1081,Left Temperature Damper Motor
B1082,Right Temperature Damper Motor
B1083,Recirculation Damper Motor
B1084,Boot/Trunk Motor Close switch 
B1085,Defroster Damper Motor
B1086,Air Distribution Damper Motor
B1087,LIN Bus A
B1088,LIN Bus B
B1089,Auxillary Switch Missing
B108A,Start Button
B108B,Start Button Circuit A
B108C,Start Button Circuit B
B108D,Start Button Circuit C
B108E,Display
B108F,Cabin Lock/Unlock Switch
B1090,Rear Lock/Unlock Switch
B1091,Courtesy Lamp Sense
B1092,Daytime Running Light Relay
B1093,Battery B Close Relay
B1094,Battery B Open Relay
B1095,Wiper On/Off Relay
B1096,Wiper High/Low Relay
B1097,Heated Windshield Relay
B1098,Left Position Light
B1099,Right Position Light
B109A,High Beam Relay
B109B,License Plate Light
B109C,Front Courtesy Light
B109D,Rear Courtesy Light
B109E,Remote Keyless Entry
B109F,Intrusion Sensor Module
B10A0,Wiper/ Washer Switch
B10A1,Trailer Tow Detection
B10A2,Crash Input
B10A3,Left Swivel Actuator
B10A4,Right Swivel Actuator
B10A5,Alarm Siren
B10A6,Main Light Switch
B10A7,Rear Set/Reset Switch
B10A8,Low Beam Relay
B10A9,Remote Keyless Entry Less Than 2 Keys Programmed
B10AA,Radio Sense Line
B10AB,Remote Keyless Entry Synchronization
B10AC,Cruise Control Switch
B10AD,Rain Sensor
B10AE,Headlamp Leveling Motor
B10AF,Blower Fan Relay
B10B0,Rear Blower Fan Relay
B10B1,Cabin Set/Reset Switch
B10B2,Engine Running Relay
B10B3,Right Panel Air Discharge Temperature
B10B4,Right Floor Air Discharge Temperature
B10B5,Left Panel Air Discharge Temperature
B10B6,Left Floor Air Discharge Temperature
B10B7,Rear Air Discharge Temperature
B10B8,Push Buttons
B10B9,Blower Control
B10BA,Rear Blower Control
B10BB,Air Quality System
B10BC,Steering Column Stalk Control
B10BD,Multifunctional Switch
B10BE,Solar Sensor
B10BF,Seat Belt Reminder Indicator
B10C0,Fuel Pump Power Supply
B10C1,Left front unlock pull switch 
B10C2,Left rear unlock pull switch 
B10C3,Right front unlock pull switch
B10C4,Right rear unlock pull switch
B10C5,Trunk unlock pull switch
B10C6,Exterior Trunk Antenna
B10C7,Interior Trunk Antenna
B10C8,Interior Centre Antenna
B10C9,Interior Front Antenna
B10CA,Left rear door handle Antenna
B10CB,Right rear door handle Antenna
B10CC,Left front Latch clutch switch 
B10CD,Left rear Latch clutch switch 
B10CE,Right front Latch clutch switch
B10CF,Right rear Latch clutch switch
B10D0,Trunk Latch clutch switch
B10D1,Left front Lock button
B10D2,Left rear Lock button
B10D3,Right front Lock button
B10D4,Right rear Lock button
B10D5,PATS Antenna
B10D6,PATS Enable Status
B10D7,PATS Key
B10D8,PATS Key Less Than Minimum Programmed
B10D9,PATS Transponder
B10DA,PATS Target Identifier
B10DB,Front Left Global Close
B10DC,Front Right Global Close
B10DD,Airbag Deployed
B10DE,Low Fuel Warning Switch
B10DF,Master Cylinder Isolation Valve
B10E0,Infra-red Receiver
B10E1,Rear Door Relay A
B10E2,Rear Door Relay B
B10E3,Rear Door Relay C
B10E4,Tailgate double locking relay
B10E5,PCM wake-up signal
B10E6,PATS Power Supply
B10E7,Ignition On Relay
B10E8,Secondary Battery Relay A
B10E9,Secondary Battery Relay B
B10EA,Positive temperature coefficient heater
B10EB,Driver door double locking motor
B10EC,Passenger door double locking motor
B10ED,Rear door driver side double locking motor
B10EE,Rear door passenger side double locking motor
B10EF,Sunroof Speed Output
B10F0,Seat Occupancy Sensor
B10F1,Key In switch
B10F2,Sunroof control
B10F3,Left front position light
B10F4,Right front position light
B10F5,Left rear position light
B10F6,Right rear position light
B10F7,Auxiliary light Indication
B10F8,Accessory socket 'A' relay 
B10F9,Accessory socket 'B' relay 
B10FA,Delayed Power Off relay
B10FB,Air Intake Actuator
B10FC,Air Mode Actuator
B10FD,Drivers Side Peripheral Acceleration Sensor
B10FE,Passenger Side Peripheral Acceleration Sensor 
B10FF,Ignition control
B1100,O2 sensor heater relay
B1101,Comfort relay
B1102,Trailer stop lamp
B1103,Bi-fuel relay
B1104,Left Front Initiator
B1105,Right Front Initiator
B1106,Right Rear Initiator
B1107,Left Rear Initiator
B1108,Driver door central locking motor
B1109,Passenger door central locking motor
B110A,Rear door driver side central locking motor
B110B,Rear door passenger side central locking motor
B110C,Rear door driver side power child locking motor
B110D,Rear door passenger side power child locking motor
B110E,Tail gate double locking motor
B110F,Heart beat Sensor
B1110,Air Suspension Delay Power
B1111,Electric Park Brake Enable
B1112,Park Aid Ignition
B1113,Left Front Comfort Solenoid
B1114,Right Front Comfort Solenoid
B1115,High Mounted Stop Lamp control
B1116,Left Tail Lamp
B1117,Right Tail Lamp
B1118,Left Rear Sidemarker
B1119,Right Rear Sidemarker
B111A,Number Plate Lamps
B111B,Left Rear Puddle Lamp
B111C,Right Rear Puddle Lamp
B111D,Boot/Trunk Motor Open
B111E,Boot/Trunk Lamps
B111F,Boot/Trunk Motor Close
B1120,Left Rear Seat Heater Supply
B1121,Right Rear Seat Heater Supply
B1122,Window Isolate relay
B1123,Restraints Ignition relay
B1124,Lamp Fade Control
B1125,Reduced Alarm Button
B1126,Drivers Side-Side Airbag Deployment Control
B1127,Passengers Side-Side Airbag Deployment Control
B1128,Drivers Side-Side Inflatable Curtain Deployment Control
B1129,Passengers Side-Side Inflatable Curtain Deployment Control
B112A,Ignition On Relay B
B112B,Steering Wheel Module
B112C,Interior Motion Sensor
B112D,Rear window defrost LED
B112E,Twilight sensor
B112F,Emergency Brake Lamp
B1130,Light switch module
B1131,Wiper motor module
B1132,Heated Windshield Signal
B1133,Heated windshield LED
B1134,Phone input
B1135,Tonneau Lid Switch
B1136,Lumbar control A
B1137,Lumbar control B
B1138,Lumbar control C
B1139,Lumbar control D
B113A,General failure on seat lumbar 
B113B,Lumbar Control Multiple Failures
B113C,Hazard switch illumination
B113D,Sunroof Global Open/Close Control
B113E,External Boot/Trunk Release switch
B113F,Intruder Detection Arm/Disarm control
B1140,Engine Crank Authorisation
B1141,Clock Illumination
B1142,Ignition Status 1
B1143,Ignition Status 2
B1144,Heated Steering Wheel Supply
B1145,Glovebox Locking Motor
B1146,Passive sounder Supply
B1147,Left Front Fog Lamps
B1148,Right Front Fog Lamps
B1149,Tail gate central locking motor
B114A,Tail gate child lock motor 
B114B,Passenger Thermal Electric Device Control
B114C,Driver Thermal Electric Device Control
B114D,Passenger Seat Cushion Blower Speed Sensor
B114E,Passenger Seat Back Blower Speed Sensor
B114F,Driver Seat Cushion Blower Speed Sensor
B1150,Driver Seat Back Blower Speed Sensor
B1151,Passenger Seat Cushion
B1152,Passenger Seat Back
B1153,Driver Seat Cushion
B1154,Driver Seat Back
B1155,Passenger Seat
B1156,Driver Seat
B1157,Blower Control B
B1158,Front Passenger Seat Heater Sensor
B1159,Front Driver Seat Heater Sensor
B115A,Front Passenger Seat Heater
B115B,Front Driver Seat Heater
B115C,Transfer Fuel Pump
B115D,Camera LED
B115E,Camera Module
B115F,Driver Neck Head Protection Deployment Control
B1160,Passenger Neck Head Protection Deployment Control
B1161,Left Rear Anti-Pinch Sensor
B1162,Right Rear Anti-Pinch Sensor
B1163,Left Mirror Heater Output
B1164,Right Mirror Heater Output
B1165,Left Front Puddle Lamp Output
B1166,Right Front Puddle Lamp Output
B1167,Seat Cushion Motor Speed/Position Sensor
B1168,Seat Headrest Motor Speed/Position Sensor
B1169,Handset Hook Sensor
B116A,Handset Microphone
B116B,Handset Speaker
B116C,External SIM Cable/SIM Card
B116D,SOS On Call Keypad
B116E,SOS On Call Illumination
B116F,Telematics SIM Card
B1170,Back Light
B1171,Drivers Door Interior Handle
B1172,Drivers Door Interior Unlock Switch
B1173,Passenger Door Interior Handle
B1174,Passenger Door Interior Unlock Switch
B1175,Drivers Door Ajar Switch
B1176,Passenger Door Ajar Switch
B1177,Screenwash Level Switch
B1178,Boot/Trunk Ajar Switch
B1179,Integrated GSM/GPRS Unit
B117A,Backup Microphone
B117B,Handset Supply
B117C,Rear Power Window Up
B117D,Rear Power Window Down
B117E,Front Power Window Up
B117F,Front Power Window Down
B1180,Display Raise
B1181,Display Lower
B1182,Tire Pressure Monitoring System
B1183,Video Encoder
B1184,Steering Column Lock Output
B1185,Trunk Anti-Pinch Sensor
B1186,Trunk Power Striker 
B1187,Trunk Motor
B1188,CD Read Test Failure
B1189,Front Window Position Sensor
B118A,Rear Window Position Sensor
B118B,DVD Read Test Failure
B118C,Left Blind Spot Warning Indicator
B118D,Right Blind Spot Warning Indicator
B118E,Left Front Window 
B118F,Right Front Window
B1190,Left Rear Window 
B1191,Right Rear Window
B1192,Battery Disconnect Deployment Control
B1193,Crash Event Storage Full and Locked
B1194,Driver Side Frontal Acceleration Sensor
B1195,Passenger Side Frontal Acceleration Sensor
B1196,Driver Side Second Row Peripheral Acceleration Sensor
B1197,Passenger Side Second Row Peripheral Acceleration Sensor
B1198,Driver Side Inflatable Tubular Structure
B1199,Passenger Side Inflatable Tubular Structure
B119A,Second Row Drivers Side Head Airbag
B119B,Second Row Passengers Side Head Airbag
B119C,Single-Disc CD Player
B119D,Single-Disc DVD Player
B119E,FM Reception
B119F,GPS Antenna
B11A0,Left Side Restraints Pressure Sensor
B11A1,Right Side Restraints Pressure Sensor
B11A2,Master Exterior Light Switch
B11A3,Gyroscope
B11A4,L-Band Antenna
B11A5,Band 3 Antenna
B11A6,FM Button
B11A7,AM Button
B11A8,CD Button
B11A9,Tone Button
B11AA,Skip up Button
B11AB,Skip down Button
B11AC,Enter Button
B11AD,Exit Button
B11AE,Menu Button
B11AF,Phone Button
B11B0,Scan Button
B11B1,Auto Button
B11B2,Button 0
B11B3,Button 6
B11B4,Button 7
B11B5,Button 8
B11B6,Button 9
B11B7,Audio Input-Rear Parking Aid
B11B8,Driver Blind Spot Warning Indicator Supply
B11B9,Passenger Blind Spot Warning Indicator Supply
B11BA,Steering Wheel Audio Switch Pack
B11BB,Rear Park Aid Audio Input
B11BC,Extended Accessory Relay 
B11BD,Mirror Fold Relay
B11BE,Mirror Unfold Relay
B11BF,Mirror Fold Switch
B11C0,Driver Side Rear Door Ajar Switch
B11C1,Passenger Side Rear Door Ajar Switch
B11C2,Power Striker Close Relay
B11C3,Power Striker Open Relay
B11C4,Boot/trunk close button
B11C6,Passenger Door External Antenna
B11C7,High Beam Sensor 
B11C8,Auto High Beam Controller Output 
B11C9,Driver Display Status LED
B11CA,Driver Door External Antenna
B11CB,Right Front Side Turn Indicator
B11CC,Immobiliser Keyless Vehicle Secret key
B11CD,Driver Frontal Airbag Canister Vent
B11CF,Passenger Frontal Airbag Canister Vent
B11D0,Passenger Frontal Airbag Tether
B11D1,LIN Bus C
B11D2,Foldable Head Restraint Output
B11D3,Left Front Side Turn Indicator
B11D4,Low Speed Collision Mitigation By Braking Disabled
B11D5,Restraints Event - Vehicle Disabled
B11D6,Driver Display Alert LED
B11D7,Info Button
B11D8,Restraint Event Notification
B11D9,Vehicle Battery
B11DA,Driver Door Key Cylinder Switch
B11DB,Battery Monitoring Module
B11DC,Rear Wiper Mode Switch
B11DD,Rear Blower Relay #1
B11DE,Rear Blower Relay #2
B11DF,Rear Blower Relay #3
B11E0,Rear HVAC Status Lamp #1
B11E1,Rear HVAC Status Lamp #2
B11E2,Rear HVAC Status Lamp #3
B11E3,Rear HVAC Damper Motor
B11E4,Rear Air Distribution Damper Motor
B11E5,Left HVAC Damper Position Sensor
B11E6,Right HVAC Damper Position Sensor
B11E7,Air Distribution Damper Position Sensor
B11E8,ABS Power Supply
B11E9,Left Rear Door Ajar Switch
B11EA,Right Rear Door Ajar Switch
B11EB,Rear HVAC Temperature Control Input
B11EC,Rear HVAC Blower Control Input
B11ED,Electric Heater Control Module
B11EE,A/C Compressor
B11EF,Sensor Ground B
B11F0,Air Intake Damper Position Sensor
B11F1,Swiveling Control
B11F2,Side Obstacle Detection Activation Switch
B11F3,Foot/Face Damper Actuator
B11F4,Minor Impact Counter Exceeded
B11F5,Output Air Temperature Sensor
B11F6,Driver Folding Mirror Motor
B11F7,Passenger Folding Mirror Motor
B11F8,Left Outer Vent
B11F9,Left Inner Vent
B11FA,Right Inner Vent
B11FB,Right Outer Vent
B11FC,Parking Assist Supply
B11FD,Left Front Exterior Antenna
B11FE,Driver Active Head Restraint
B11FF,A/C Refrigerant Pressure
B1200,Crash Input Mismatch - CAN Inactive Hardwired Active
B1201,Steering Wheel Audio Switch Pack 2
B1202,Restraint System Passenger Enable Indicator
B1203,Passenger Active Head Restraint
B1204,Driver Seatbelt Pretensioner Motor
B1205,Passenger Seatbelt Pretensioner Motor
B1206,Crash Occurred
B1207,Crash Input Hardwired Signal
B1208,Driver Seat Cushion Temperature Sensor
B1209,Driver Seat Back Temperature Sensor
B120A,Passenger Seat Cushion Temperature Sensor
B120B,Passenger Seat Back Temperature Sensor
B120C,Heater for Windshield Mounted Sensor
B120D,Frontal Damage Check Required
B120E,Right Thermal Electric Device Control
B120F,Left Seat Cushion
B1210,Right Front Exterior Antenna
B1211,Driver Seatbelt Retractor Pretensioner Deployment Control
B1212,Driver Seatbelt Buckle Pretensioner Deployment Control
B1213,Passenger Seatbelt Buckle Pretensioner Deployment Control
B1214,Passenger Seatbelt Retractor Pretensioner Deployment Control
B1215,External Memory Card
B1216,Boot/Trunk Motor Close Sensor
B1217,Passive Key-in Ignition Output
B1218,Transmitter Identification Code
B1219,Interior Boot/Trunk Release Switch
B121A,Keypad Illumination Output
B121B,Keypad Input Switch
B121C,Hard Drive
B121D,Rear HVAC Mode Control Input
B121E,Mute Switch
B121F,Climate Switch
B1220,Hydraulic Proportional Valve
B1221,Seatbelt Pretensioner Motor
B1222,Master Lock/Unlock Switch
B1223,Right Seat Cushion Temperature Sensor
B1224,Left Thermal Electric Device Control
B1225,Right Seat Back Temperature Sensor
B1226,Driver Restraints Pressure Sensor
B1227,Passenger Restraints Pressure Sensor
B1228,Driver Seatbelt Lap Pretensioner Deployment Control
B1229,Left Seat Back Temperature Sensor
B122A,Right Seat Cushion Blower Speed Sensor
B122B,Right Seat Back Blower Speed Sensor
B122C,Left Seat Cushion Blower Speed Sensor
B122D,Left Seat Back Blower Speed Sensor
B122E,Right Seat Cushion
B122F,Right Seat Back
B1230,Left Seat Back
B1231,Right Seat
B1232,Left Seat
B1233,Interior Motion Sensor B
B1234,Volumetric Sensor B
B1235,Left Seat Cushion Temperature Sensor
B1236,Emergency Stop Signal (ESS) Relay
B1237,Gear Shift Module Early Wake up 
B1238,Speaker Amplifier
B1239,Glove Box Antenna
B123A,Left Front Turn Indicator
B123B,Right Front Turn Indicator
B123C,Dynamic Stability Control  Status Indicator
B123D,Dynamic Stability Control Button
B123E,Crank Enable
B123F,Adaptive Speed Limiter Mode Indicator
B1240,Start Button Mode Indicator
B1241,Adaptive Speed Limiter Button
B1242,Winter Button
B1243,Winter Button Mode Indicator
B1244,Dynamic / Sport Button
B1245,Dynamic / Sport Button Mode Indicator
B1246,GSM (Group System for Mobile) Antenna
B1247,Left Rear Turn Indicator
B1248,Right Rear Turn Indicator
B1249,Start Button Illumination
B124A,Right Daytime Running Light
B124B,Left Daytime Running Light
B124C,Turn Indicator Stalk Switch Pack
B124D,Tire Pressure Sensor
B124E,Wiper Stalk Switch Pack
B124F,Steering Wheel Navigation Switch Pack
B1250,Tire Pressure Monitoring System (TPMS) Sensor Pressure Range
B1251,Tire Pressure Sensor Low Battery
B1252,USB Port
B1253,Infotainment Theft Protection
B1254,Right Rear (Outside on Duel Wheel) Tire Pressure Sensor and Transmitter Assembly
B1255,Left Rear (Outside On Duel Wheel) Tire Pressure Sensor and Transmitter Assembly
B1256,Inner Right Rear (IRR) (Only On Dual Wheel) Tire Pressure Sensor and Transmitter Assembly
B1257,Inner Left Rear (ILR) (Only On Duel Wheel) Tire Pressure Sensor and Transmitter Assembly
B1258,Rear Vent Door/Flap Motor Actuator
B1259,Rear Vent Door/Flap Motor Actuator Feedback Potentiometer
B125A,Rear Fan Control Switch Module
B125B,Air Distribution Damper B Motor
B125C,Radio Mute
B125D,Ignition Run LED
B125E,Left Rear Display
B125F,Right Rear Display
B1260,Air Distribution Damper B Position Sensor 
B1261,Fuel Flap / Door Release Switch
B1262,Crash Input Mismatch - CAN Active Hardware Inactive
B1263,Seatbelt Pretensioner Motor Power Stage
B1264,Control Module Connector(s) Loose Or Disconnected
B1265,Left Rear Turn Lamp Feedback
B1266,Right Rear Turn Lamp Feedback
B1267,Convertible/Folding Top Activation Up Switch
B1268,Convertible/Folding Top Activation Down Switch
B1269,Convertible/Folding Top Fully Up Position Switch
B126A,Drivers Door Interior Lock Switch
B126B,Window Open Position Switch
B126C,Decklid/Boot/Trunk Key Cylinder Switch
B126D,Convertible/Folding Top Fully Down Position Switch
B126E,Right Rear Window Fully Down Feedback
B126F,Left Rear Window Fully Down Feedback
B1270,High Mounted Stop Lamp
B1271,Left Stop/Turn Inner Lamp
B1272,Right Stop/Turn Inner Lamp
B1273,Right Stop/Turn Middle Lamp
B1274,Left Stop/Turn Middle Lamp
B1275,Left Stop/Turn Outer Lamp
B1276,Right Stop/Turn Outer Lamp
B1277,Reverse Lamp
B1278,Convertible/Foldable Top Up Relay 
B1279,Convertible/Foldable Top Down Relay 
B127A,Global Window Control
B127B,Ambient Lighting Zone 1 Output Red LED
B127C,Ambient Lighting Zone 2 Output Red LED
B127D,Ambient Lighting Zone 3 Output Red LED
B127E,Ambient Lighting Zone 1 Output Green LED
B127F,Ambient Lighting Zone 2 Output Green LED
B1280,Ambient Lighting Zone 3 Output Green LED
B1281,Ambient Lighting Zone 1 Output Blue LED
B1282,Ambient Lighting Zone 2 Output Blue LED
B1283,Ambient Lighting Zone 3 Output Blue LED
B1284,Trunk/Boot Open Activation Request Hardwire
B1285,Video Input D
B1286,Interior Mirror
B1287,Central Lock Switch Illumination
B1288,Rear Lock Motor Common Circuit
B1289,Video Input E
B128A,Speaker #13
B128B,Speaker #14
B128C,Speaker #15
B128D,Speaker #16
B128E,Speaker #17
B128F,Speaker #18
B1290,Speaker #19
B1291,Speaker #20
B1292,Speaker #21
B1293,Speaker #22
B1294,Speaker #23
B1295,Speaker #24
B1296,Navigation Map Data Mismatch With Market
B1297,Digital Headphone Module
B1298,Steering Column Adjust Up Switch
B1299,Steering Column Adjust Down Switch
B129A,LIN Bus D
B129B,High Number of System Activations
B129C,Left Front Side Sensor
B129D,Right Front Side Sensor
B129E,Enable/Disable Switch - Semi-automatic Advanced Parallel Park 
B129F,Function LED - Semi-automatic Advanced Parallel Park
B12A0,Auxiliary Input 2
B12A1,Steering Column Adjust Out Switch
B12A2,Steering Column Adjust In Switch
B12A3,Steering Column Adjust Motor Drive A
B12A4,Steering Column Adjust Motor Drive B
B12A5,Steering Column Adjust Motor Drive C
B12A6,Auxiliary Heater Water Pump
B12A7,Steering Column Tilt Sensor A
B12A8,Steering Column Telescope Sensor A
B12A9,Steering Column Tilt Sensor B
B12AA,Steering Column Telescope Sensor B
B12AB,Front Window Position Sensor Power Supply
B12AC,Electrochromatic Door Mirror Output
B12AD,Left Heat Exchanger Temperature Sensor
B12AE,Right Heat Exchanger Temperature Sensor
B12AF,Left Coolant Control Valve
B12B0,Right Coolant Control Valve
B12B1,Heated Washer Jet and Wiper Park Relay
B12B2,AUX Heater Coolant Diverter Valve
B12B3,Air Quality Sensor Heater Supply
B12B4,Door Warning Light
B12B5,Driver Door Key Lock Switch
B12B6,Front Lock Motor Common Circuit
B12B7,Switch Pack LED
B12B8,USB Port #2
B12B9,Auxiliary Heater Control module
B12BA,Lock Status LED - Front
B12BB,Lock Status LED - Rear
B12BC,Mirror Position Sensor Supply 
B12BD,Rear Camera
B12BE,Left Front Camera
B12BF,Right Front Camera
B12C0,Left Mirror Camera
B12C1,Right Mirror Camera
B12C2,Puddle Lamp
B12C3,Rear Window Position Sensor Power Supply
B12C4,Mirror Turn Indicator
B12C5,Front Window Lifter Motor Up Relay
B12C6,Rear Window Lifter Motor Up Relay
B12C7,Rear Window Lifter Motor Down Relay
B12C8,Front Window Lifter Motor Down Relay
B12C9,LIN Bus E
B12CA,Start/Stop Eco-Start Status Indicator
B12CB,Start/Stop Eco-Start Enable Button
B12CC,Driver Seat Massage Module Pump Assembly
B12CD,Voltage Quality Module
B12CE,Voltage Quality Module Diagnostic Line
B12CF,Face Damper Motor
B12D0,Foot Damper Motor
B12D1,Dynamic Air Pressure Damper Motor
B12D2,Screen On/Off LED
B12D3,Driver Door Lock Status
B12D4,Rolling Code Synchronization
B12D5,Door Handle Proximity Sensor
B12D6,Fast Door Unlock/Open Actuator
B12D7,Anti-Pinch Sensor
B12D8,Mirror Heater Output
B12D9,Driver Seat Massage Module Back Carrier Assembly
B12DA,Blind Spot Warning Indicator
B12DB,Passenger Seat Massage Module Pump Assembly
B12DC,Front Window Motion/Position Sensor
B12DD,Rear Window Motion/Position Sensor
B12DE,Front Window Local Up Switch
B12DF,Front Window Local Down Switch
B12E0,Off Road Indicator
B12E1,Front Door Unlock Switch - Interior
B12E2,Rear Door Unlock Switch - Interior
B12E3,Front Door Lock Switch - Interior
B12E4,Rear Door Lock Switch - Interior
B12E5,Off Road Mode Select Switch
B12E6,Passenger Seat Massage Module Back Carrier Assembly
B12E7,Glove Box Switch
B12E8,Liftgate/Tailgate Control/Release Switch
B12E9,Rear Window Local Up/Down Switch
B12EA,Radio Frequency (RF) Receiver
B12EB,Camera Horizontal Alignment
B12EC,Camera Vertical Alignment
B12ED,Video Input F
B12EE,Liftgate/Tailgate/Trunk Release
B12EF,Trailer Fog Lamp
B12F0,Master Exterior Light Switch Illumination
B12F1,Ambient Lighting Zone 1 Output 
B12F2,Ambient Lighting Zone 2 Output 
B12F3,Secondary Tailgate Release
B12F4,Vehicle Speed Output
B12F5,Fridge Relay Control
B12F6,Headlamp Power Supply A
B12F7,Single Wipe Switch
B12F8,Video Input G
B12F9,Extended Ignition Output A
B12FA,Power Steering Solenoid Control A
B12FB,Power Steering Solenoid Control B
B12FC,Front Door Lock Feedback
B12FD,Front Door Unlock Feedback
B12FE,Fan
B12FF,Rear Door Switch Illumination
B1300,Video Output A
B1301,Haptic motor
B1302,Mirror Motor Common
B1303,Park Assist Switch
B1304,Electronic Power Assisted Steering System
B1305,Hood Switch
B1306,Liftgate Ajar Switch
B1307,Decklid / Liftglass Ajar Switch
B1308,Anti-Pinch Sensor Supply
B1309,Right Front Anti-Pinch Sensor
B130A,Front Turn Lamp Feedback
B130B,Right Rear Fog Lamp
B130C,Load Shed Control
B130D,Memory Full for Integrated Key Programming
B130E,Left Rear Fog Lamp
B130F,Run Accessory Control
B1310,Run/Start Control
B1311,Clock Module
B1312,Driver Door Key Unlock Switch
B1313,Interior Lighting Output
B1314,White Lighting (Reflective Controls) Illumination Output
B1315,Backlighting (Non Reflective Controls) Illumination Output
B1316,Boot/Trunk Latch Power Close Unit
B1317,Third Row Power Fold Seat Output
B1318,Right Front Door Ajar Switch
B1319,Shift Interlock (BSI) Output Circuit
B131A,Delayed Accessory Power
B131B,Left Front Door Ajar Switch
B131C,Rear Seat Recline Motor Relay Control
B131D,Rear Seat Recline Motor Speed/ Position Sensor
B131E,Security Anti-Theft Alarm
B131F,Left Power Sliding Door Latch Position Switch
B1320,Left Power Sliding Door Latch Release Actuator
B1321,Ambient Lighting Zone 3 Output
B1322,Auxiliary Heater Switch
B1323,Horn Switch
B1324,Left Power Sliding Door Outer Handle Switch
B1325,Left Front Anti-Pinch Sensor
B1326,External Door Handle LED
B1327,Right Front Turn Lamp
B1328,Left Front Turn Lamp
B1329,Left Rear Turn Lamp
B132A,Right Rear Turn Lamp
B132B,Left Stop/Turn Lamp
B132C,Right Stop/Turn Lamp
B132D,Front Quarter Glass Window
B132E,Rear Driver Side Interior Door Handle
B132F,Rear Passenger Side Interior Door Handle
B1330,DC/AC Inverter Module
B1331,Compass / Mirror Module
B1332,Drivers Side Rear Seat Switch Pack
B1333,Passengers Side Rear Seat Switch Pack
B1334,Tailgate Glass Release Switch
B1335,Front Triangulation / Loadspace Antenna 
B1336,Left Front Door External Antenna
B1337,Right Front Door External Antenna
B1338,Left Power Sliding Door Ratchet Switch
B1339,Left Power Sliding Door Open/Close Switch
B133A,Left Power Sliding Door Driver Motor
B133B,Left Power Sliding Door Close Motor
B133C,Left Power Sliding Door Position Sensor
B133D,Loadspace/Interior Boot Antenna 
B133E,Left Power Sliding Door Lock
B133F,Left Power Sliding Door Pinch Strip
B1340,Right Power Sliding Door Close Motor
B1341,Right Power Sliding Door Latch Position Switch
B1342,Right Power Sliding Door Latch Release Actuator
B1343,Right Power Sliding Door Outer Handle Switch
B1344,Right Power Sliding Door Ratchet Switch
B1345,Right Power Sliding Door Open/Close Switch
B1346,Right Power Sliding Door Driver Motor
B1347,Right Power Sliding Door Position Sensor
B1348,Right Power Sliding Door Lock
B1349,Right Power Sliding Door Pinch Strip
B134A,Target Aim Verification - Camera Horizontal Alignment
B134B,Target Aim Verification - Camera Vertical Alignment
B134C,Left Front Face Damper Motor
B134D,Headlamp Control A
B134E,Switch Illumination Adjustment Control
B134F,Headlamp Flash Switch
B1350,Single-Disc DVD Player #2
B1351,Left Front Foot Damper Motor
B1352,Left Front Temperature Damper Motor
B1353,Right Front Face Damper Motor
B1354,Right Rear Temperature Damper Motor
B1355,Right Rear Door Handle Lock Circuit
B1356,Left Rear Door Handle Lock Circuit
B1357,Right Front Foot Damper Motor
B1358,Washer Heater Switch
B1359,Left Rear Face Damper Motor
B135A,Washer Fluid Heater Module
B135B,Left Rear Foot Damper Motor
B135C,Heater Element
B135D,Right Rear Face Damper Motor
B135E,Left Rear Heated Seat Low Temperature Indicator
B135F,Right Rear Foot Damper Motor
B1360,Left Rear Heated Seat High Temperature Indicator
B1361,Front Right Door Handle Lock Circuit
B1362,Right Rear Heated Seat High Temperature Indicator
B1363,Right Rear Heated Seat Low Temperature Indicator
B1364,Left Rear Temperature Damper Motor
B1365,Front Left Door Handle Lock Circuit
B1366,Right Front Temperature Damper Motor
B1367,Right Rear Door Handle Unlock Circuit
B1368,Adjustable Pedal Position Feedback Sensor
B1369,Pedal Adjustment Switch
B136A,Heated Washer Jet/Nozzle Output Control
B136B,Suspension Control Module Wake-up Signal
B136C,Headlamp Delay Control
B136D,Front Wiper Intermittent Delay Control
B136E,Glove Box Release Motor
B136F,Left Front Door Handle Unlock Circuit
B1370,Door Handle Ground Supply 
B1371,Lumbar Pump
B1372,Left Rear Door Handle Unlock Circuit
B1373,Front Right Door Handle Unlock Circuit
B1374,Variable Assistance Power Steering Power Supply
B1375,Steering Column Tilt Motor
B1376,Easy Luggage Button
B1377,Left Mirror Horizontal Position Sensor
B1378,Mirror Horizontal Position Sensor
B1379,Rear Cabin Temperature Sensor
B137C,Mirror Vertical Position Sensor
B137D,Pedal Adjustment Motor
B137E,Steering Column Telescope Motor
B137F,Steering Wheel Left Switch Pack
B1380,Steering Wheel Right Switch Pack
B1381,Left Front Door Handle Proximity Sensor
B1382,Right Front Door Handle Proximity Sensor   
B1383,Left Rear Door Handle Proximity Sensor
B1384,Right Rear Door Handle Proximity Sensor
B1385,Lane Keeping Aid System
B1386,Right Mirror Horizontal Position Sensor
B1387,Left Mirror Vertical Position Sensor
B1388,Right Mirror Vertical Position Sensor
B1389,Adaptive Front Lighting System Right Hand Stepper Control
B138A,Adaptive Front Lighting System Left Hand Stepper Control
B138B,Adaptive Front Lighting System Power Supply
B138C,Charge Air Cooler Water Pump Relay Control
B138D,Left Rotary Knob Haptic Motor
B138E,Right Rotary Knob Haptic Motor
B138F,Left Power Sliding Door Open Clutch 
B1390,Ambient Light Control Module
B1391,Radio Anti-Theft Switch
B1392,Left Power Sliding Door Close Clutch 
B1393,Low Temperature Indicator
B1394,Right Power Sliding Door Open Clutch 
B1395,Right Power Sliding Door Close Clutch 
B1396,Left Camera Module
B1397,Right Camera Module
B1398,High Temperature Indicator
B1399,Personalised Key Synchronisation
B139A,Front Wiper Slow Mode Input Signal
B139B,Front Wiper Intermittent Mode Input Signal
B139C,Front Wiper Variable Intermittent Mode Input Signal
B139D,Set Switch
B139E,Main Battery Diode
B139F,Main Battery Relay
B13A0,Position Lights Switch
B13A1,Left Turn Indicator Switch
B13A2,Right Turn Indicator Switch
B13A3,Reset Switch
B13A4,Front Wiper Fast Mode Input
B13A5,Driver Inflatable Seatbelt Deployment Control
B13A6,Lane Departure Warning (LDW) Switch Input
B13A7,Heater Output
B13A8,Lane Departure / Lane Assist Indicator
B13A9,Glove Box Lamp
B13AA,Temperature Damper Motor
B13AB,Air Blend Door Actuator Position Sensor
B13AC,Passenger Inflatable Seatbelt Deployment Control
B13AD,Steering Wheel Vibration Actuator
B13AE,Battery Monitoring Module B
B13AF,Low Beam Switch
B13B0,Passenger Side Front Door Unlock Switch
B13B1,Left Side Rear Door Unlock Switch
B13B2,Right Side Rear Door Unlock Switch
B13B3,Second Row Left Inflatable Seatbelt Deployment Control
B13B4,Lost Communication with Battery Monitoring Sensor B
B13B5,Rear Center Sensor
B13B6,Second Row Center Inflatable Seatbelt Deployment Control
B13B7,Second Row Right Inflatable Seatbelt Deployment Control
B13B8,Third Row Left Inflatable Seatbelt Deployment Control
B13B9,Third Row Center Inflatable Seatbelt Deployment Control
B13BA,Third Row Right Inflatable Seatbelt Deployment Control
B13BB,Park Shift Interlock
B13BC,Steering Wheel Heating Element
B13BD,Steering Wheel Heater Module
B13BE,Steering Wheel Heater Mode Indicator
B13BF,Run/Start Input
B13C0,Washer Switch
B13C1,Fog Lamp Control Switch
B13C2,Front Windscreen/Windshield  Misting Sensor
B13C3,Antenna Control Module
B13C4,Headlamp Rotary Switch
B13C5,Headlamp Stalk Switch
B13C6,Trunk Motor 2
B13C7,Position Sensor 2
B13C8,Electronic Stability Program (ESP) / Stop-Start Enable Button
B13C9,Electronic Stability Program (ESP) / Stop-Start Status Indicator
B13CA,Left Front Door Lock Feedback
B13CB,Right Front Door Lock Feedback
B13CC,Left Rear Door Lock Feedback
B13CD,Right Rear Door Lock Feedback
B13CE,Door Side Step Light
B13CF,Ignition Output
B13D0,Tail/License Plate Lamp
B13D1,Position Lamp
B13D2,Front Fog Lamp Relay
B13D3,PATS Transmitter
B13D4,PATS Transmitter Less Than Minimum Programmed
B13D5,Left Floor Air Duct Temperature Sensor 
B13D6,Right Floor Air Duct Temperature Sensor
B13D7,Left Vent Air Duct Temperature Sensor
B13D8,Right Vent Air Duct Temperature Sensor
B13D9,Heat Exchanger Temperature Sensor 
B13DA,Driver Seatbelt Anchor Pretensioner Deployment Control
B13DB,Passenger Seatbelt Anchor Pretensioner Deployment Control
B13DC,Compact Disc Slot Illumination
B13DD,Center Seat Occupancy Sensor
B13DE,Overhead Console
B13DF,Main Battery Diode Or Relay
B13E0,Voice Control Button
B13E1,Right Rear Power Window Switch Up
B13E2,Right Rear Power Window Switch Down
B13E3,Left Rear Power Window Switch Up
B13E4,Left Rear Power Window Switch Down
B13E5,Passenger Power Window Switch Up
B13E6,Passenger Power Window Switch Down
B13E7,Right Rear Power Window Remote Switch Up
B13E8,Right Rear Power Window Remote Switch Down
B13E9,Left Rear Power Window Remote Switch Up
B13EA,Left Rear Power Window Remote Switch Down
B13EB,Driver Power Window Switch Up
B13EC,Driver Power Window Switch Down
B13ED,Passenger Power Window Remote Switch Up
B13EE,Passenger Power Window Remote Switch Down
B13EF,Right Rear Power Window Motor
B13F0,Left Rear Power Window Motor
B13F1,Driver Power Window Motor
B13F2,Passenger Power Window Motor
B13F3,Left Rear Side Sensor
B13F4,Right Rear Side Sensor
B13F5,Microphone 3
B13F6,Forward Looking Sensor Damage Detection Switch
B13F7,Audio Input 1
B13F8,Audio Input 2
B13F9,Audio Input 3
B13FA,Audio Input 4
B13FB,Audio Enable Line
B13FC,Brake Manager (ABS) All Terrain System State
B13FD,Chime Input 2
B13FE,Low Beam Right Relay
B13FF,DC/DC Converter Relay
B1400,Microphone 4
B1401,Interior Lights Circuit D
B1402,Torque Manager (ECM/PCM) All Terrain System State
B1403,Ratio Manager (PCM/TCM) All Terrain System State 
B1404,Driver Side Airbag Deployment Control
B1405,Driver Side Curtain Deployment Control 1 
B1406,Driver Side Curtain Deployment Control 2 
B1407,Passenger Side Airbag Deployment Control 
B1408,Passenger Side Curtain Deployment Control 1 
B1409,Passenger Side Curtain Deployment Control 2
B140A,Second Row Driver Side Airbag Deployment Control 
B140B,Second Row Passenger Side Airbag Deployment Control 
B140C,Second Row Driver Side Seatbelt Sensor
B140D,Second Row Passenger Side Seatbelt Sensor 
B140E,Third Row Driver Side Seatbelt Sensor 
B140F,Third Row Passenger Side Seatbelt Sensor 
B1410,Second Row Driver Side Seatbelt Pretensioner Deployment Control 
B1411,Second Row Center Seatbelt Pretensioner Deployment Control 
B1412,Second Row Passenger Side Seatbelt Pretensioner Deployment Control 
B1413,Driver Frontal Restraints Sensor 
B1414,Driver Side Restraints Sensor 1 
B1415,Driver Side Restraints Sensor 2 
B1416,Driver Side Restraints Sensor 3 
B1417,Passenger Frontal Restraints Sensor 
B1418,Passenger Side Restraints Sensor 1 
B1419,Passenger Side Restraints Sensor 2 
B141A,Passenger Side Restraints Sensor 3 
B141B,Second Row Driver Side Inflatable Seatbelt Deployment Control
B141C,Second Row Passenger Side Inflatable Seatbelt Deployment Control
B141D,Rear Reading Light
B141E,Low Beam Left Relay
B141F,Pedestrian Airbag Deployment Control
B1420,Pedestrian Airbag Ventilation Control
B1421,Pedestrian Airbag Removal Control
B1422,Pedestrian Protection Sensor #1
B1423,Pedestrian Protection Sensor #2
B1424,Pedestrian Protection Sensor #3
B1425,Pedestrian Protection Sensor #4
B1426,Pedestrian Protection Sensor #5
B1427,Pedestrian Protection Sensor #6
B1428,Pedestrian Protection Sensor #7
B1429,Pedestrian Impact Event Storage Full And Locked
B142A,Pedestrian Protection Sensors Pair #1
B142B,Pedestrian Protection Sensors Pair #2
B142C,Pedestrian Protection Sensors Pair #3
B142D,Pyrotechnic End of Life Activation Performed
B142E,Forward Looking Sensor Horizontal Alignment
B142F,Wheel Change Manager (TCCM/PCM/ECM) All Terrain System State
B1430,Power Point Relay Reset Output
B1431,Charge Port Light Ring LED
B1432,Forward Looking Sensor Vertical Alignment
B1433,Forward Looking Sensor Alignment
B1434,PATS Target #2 Identifier 
B1435,Power Point Relay Set Output
B1436,Digital Dimmer Switch Input
B1437,Left Leveling Actuator
B1438,Battery Current Sensor
B1439,Right Leveling Actuator
B143A,Crash Event Detection Output 
B143B,Autolamp On Input
B143C,Headlamp Off Input
B143D,Headlamp On Input
B143E,Headlamp Switch Input
B143F,High Beam Shutter Relay Output
B1440,Driver Side Curtain Deployment Control 3
B1441,Passenger Side Curtain Deployment Control 3
B1442,Driver Side Restraints Sensor 4
B1443,Passenger Side Restraints Sensor 4 
B1444,Left Rear Stop/Position Lamp Output
B1445,Rear Park Lamps Output
B1446,Front Park Lamps Output
B1447,Parklamp On Switch Input
B1448,Right Rear Stop/Position Lamp Output
B1449,Trailer Tow Park/Tail Lamp Output
B144A,Mirror Heat Switch
B144B,Tailgate/Liftgate/Boot/Trunk Driver Motor Clutch
B144C,Tailgate/Liftgate/Boot/Trunk Outer Handle Switch
B144D,Tailgate/Liftgate/Boot/Trunk Position Sensor 1
B144E,Tailgate/Liftgate/Boot/Trunk Position Sensor 2
B144F,Tailgate/Liftgate/Boot/Trunk Driver Motor
B1450,Tailgate/Liftgate/Boot/Trunk Glass Position Switch
B1451,Tailgate/Liftgate/Boot/Trunk Latch Centering Position Switch
B1452,Tailgate/Liftgate/Boot/Trunk Latch Release Actuator
B1453,Tailgate/Liftgate/Boot/Trunk Latch Position Switch
B1454,Tailgate/Liftgate/Boot/Trunk Left Pinch Strip
B1455,Tailgate/Liftgate/Boot/Trunk Right Pinch Strip
B1456,Tailgate/Liftgate/Boot/Trunk Ajar Switch
B1457,Auxiliary Switch 1
B1458,Auxiliary Switch 2
B1459,Auxiliary Switch 3
B145A,Auxiliary Switch 4
B145B,Heated Mirror Relay
B145C,Ambient Lighting Power Supply Output
B145D,Tailgate/Liftgate/Boot/Trunk Power Cinch Striker Motor
B145F,Rear Positive Temperature Coefficient Heater
B1460,Rear Auxiliary Heater Switch
B1461,Charge Port Light Ring LED Segment 1
B1462,Charge Port Light Ring LED Segment 2
B1463,Charge Port Light Ring LED Segment 3
B1464,Charge Port Light Ring LED Segment 4
B1465,Ambient Lighting Bus 1
B1466,Ambient Lighting Bus 2
B1467,Ambient Lighting Bus 3
B1468,Latch Relay Output
B1469,Unused Satellite Restraints Sensor 1
B146A,Unused Satellite Restraints Sensor2
B146B,Auxiliary Output 1
B146C,Auxiliary Output 2
B146D,Auxiliary Output 3
B146E,Auxiliary Output 4
B146F,Back Bladder System Electropneumatic Failure
B1470,Cushion Bladder System Electropneumatic Failure
B1471,Multi-Contour Seat Switch Input 
B1472,Ignition Key Removal Inhibit
B1473,Pump Driver
B1474,Heater Relay 1
B1475,Subscriber Identity Module (SIM)
B1476,Panic Button
B1477,Backup Battery
B1478,Global System For Mobile Communications (GSM) Block
B1479,Low Side Driver
B147A,Heater Relay 2
B147B,Heater Relay 3
B147C,Heated Windshield Relay 2
B147D,Driver Side Hood Hinge Deployment Control
B147E,Passenger Side Hood Hinge Deployment Control
B147F,Front Door Cinching 1 Motor/Switch
B1480,Front Door Cinching Latch 1
B1481,Front Door Cinching 2 Motor/Switch
B1482,Front Door Cinching Latch 2
B1483,Rear Door Cinching Motor/Switch
B1484,Rear Door Cinching Latch
B1A00,Control Module
B1A01,Speaker #1
B1A02,Speaker #2
B1A03,Speaker #3
B1A04,Speaker #4
B1A05,Speaker #5
B1A06,Speaker #6
B1A07,Speaker #7
B1A08,Speaker #8
B1A09,Speaker #9
B1A10,Speaker #10
B1A11,Speaker #11
B1A12,Speaker #12
B1A13,Voltage X-Check Main Module
B1A14,RCM Warning Lamp
B1A15,PAD Warning Lamp
B1A16,Driver Airbag Stage 1 Squib
B1A17,Driver Stage 1 Airbag Squib Short Circuit To Ignition Loop
B1A18,Driver Stage 2 Airbag Squib
B1A19,Driver Stage 2 Airbag Squib Short Circuit To Ignition Loop
B1A20,Passenger Stage 1 Airbag Squib
B1A21,Passenger Stage 1 Airbag Squib Short Circuit To Ignition Loop
B1A22,Passenger Stage 2 Airbag Squib
B1A23,Passenger Stage 2 Airbag Squib Short Circuit To Ignition Loop
B1A24,Driver Beltpretensioner Squib
B1A25,Driver Beltpretensioner Squib Short Circuit To Ignition Loop
B1A26,Passenger Beltpretensioner Squib
B1A27,Passenger Beltpretensioner Squib Short Circuit To Ignition Loop
B1A28,Left Side Airbag Squib
B1A29,Left Side Airbag Squib Short Circuit To Ignition Loop
B1A30,Right Side Airbag Squib
B1A31,Right Side Airbag Squib Short Circuit To Ignition Loop
B1A32,Left Curtain Airbag Squib
B1A33,Left Curtain Airbag Squib Short Circuit To Ignition Loop
B1A34,Right Curtain Airbag Squib
B1A35,Right Curtain Airbag Squib Short Circuit To Ignition Loop
B1A36,Left Curtain #2 Airbag Squib
B1A37,Left Curtain #2 Airbag Squib Short Circuit To Ignition Loop
B1A38,Right Curtain #2 Airbag Squib
B1A39,Right Curtain #2 Airbag Squib Short Circuit To Ignition Loop
B1A40,Left Side (pelvic) 2
B1A41,Left Side (pelvic) 2  Short Circuit To Ignition Loop
B1A42,Driver Belt Buckle 
B1A43,Driver Seat Track Sensor 
B1A44,Passenger Belt Buckle 
B1A45,Left B-Pillar Crash Sensor
B1A46,Left C-Pillar Crash Sensor
B1A47,Right B-Pillar Crash Sensor
B1A48,Right C-Pillar Crash Sensor
B1A49,Left Upfront Crash Sensor
B1A50,Right Upfront Crash Sensor
B1A51,Left Door Crash Sensor
B1A52,Right Door Crash Sensor
B1A53,Occupant Detection Sensor
B1A54,Occupant Belt Tension Sensor
B1A55,Crash Record Output 
B1A56,Antenna
B1A57,Left Headlamp Leveling Motor
B1A58,Right Headlamp Leveling Motor
B1A59,Sensor 5 Volt Supply
B1A60,Pollution Sensor - Hydrocarbon
B1A61,Cabin Temperature Sensor
B1A62,Pressure Sensor
B1A63,Right Solar Sensor
B1A64,Left Solar Sensor
B1A65,Water Closure Valve
B1A66,Heater Relay Coil
B1A67,Sensor Ground
B1A68,Ambient Temperature Sensor
B1A69,Humidity Sensor
B1A70,Compressor Solenoid +ve Supply
B1A71,Air Off Temperature Sensor
B1A72,Power MOS Circuit
B1A73,Left Hand Seat Heater
B1A74,Right Hand Seat Heater
B1A75,Fuel Sender No.1
B1A76,Fuel Sender No.2
B1A77,Fuel Sender No.3
B1A78,Front Fog Lamp
B1A79,Rear Fog Lamp
B1A80,Oil Pressure
B1A81,Internal Trip Switch
B1A82,External Trip Switch
B1A83,Customer Personalisation Data
B1A84,Car Configuration Data
B1A85,Ambient Light Sensor
B1A86,Ignition Status
B1A87,Battery Disconnection / ECU Reset
B1A88,System Timer
B1A89,Satellite Antenna
B1A90,Sunroof Moves Too Slowly
B1A91,Speed/Position Sensor A
B1A92,Speed/Position Sensor B
B1A93,Invalid Roof Position
B1A94,Driver Mirror
B1A95,Passenger Mirror
B1A96,Bus Still Active After Shutdown Request
B1A97,Shutdown Requested By Another Device On Bus
B1A98,LIN Bus Circuit #1
B1A99,Power On Reset
B1B00,Sub-Module 'A'
B1B01,Key Transponder
B1B02,LF Coil
B1B03,Transponder Key #1
B1B04,Transponder Key #2
B1B05,Transponder Key #3
B1B06,Transponder Key #4
B1B07,Transponder Key #5
B1B08,Transponder Key #6
B1B09,Transponder Key #7
B1B10,Transponder Key #8
B1B11,Transponder Key #9
B1B12,Transponder Key #10
B1B13,Transponder Key #11
B1B14,Transponder Key #12
B1B15,Transponder Key #13
B1B16,Transponder Key #14
B1B17,Transponder Key #15
B1B18,Transponder Key #16
B1B19,Transponder Key #17
B1B20,Transponder Key #18
B1B21,Transponder Key #19
B1B22,Transponder Key #20
B1B23,Transponder Key #21
B1B24,Transponder Key #22
B1B25,Transponder Key #23
B1B26,Transponder Key #24
B1B27,Transponder Key #25
B1B28,Transponder Key #26
B1B29,Transponder Key #27
B1B30,Transponder Key #28
B1B31,Transponder Key #29
B1B32,Transponder Key #30
B1B33,Target I.D. Transfer
B1B34,Temporary Target I.D. Transfer
B1B35,RF Scanning Receiver
B1B36,Right Front Outer Sensor
B1B37,Front Right Outer Sensor Power Circuit
B1B38,Right Front Inner Sensor
B1B39,Right Front Inner Sensor Power Circuit
B1B40,Left Front Outer Sensor
B1B41,Left Front Outer Sensor Power Circuit
B1B42,Left Front Inner Sensor
B1B43,Left Rear Inner Sensor Power Circuit
B1B44,Right Rear Outer Sensor
B1B45,Right Rear Outer Sensor Power Circuit
B1B46,Right Rear Inner Sensor
B1B47,Right Rear Inner Sensor Power Circuit
B1B48,Left Rear Outer Sensor
B1B49,Left Rear Outer Sensor Power Circuit
B1B50,Left Rear Inner Sensor
B1B51,Left Rear Inner Sensor Power Circuit
B1B52,Rear Sounder- Park Aid
B1B53,Front Sounder - Park Aid
B1B54,Function LED - Park Aid
B1B55,Rain Sensor Module
B1B56,Sunroof Module
B1B57,Front Sensors Power Circuit
B1B58,Rear Sensors Power Circuit
B1B59,Excessive Continuous Motor Operation
B1B60,Feedback Potentiometer Circuit
B1B61,Pollution Sensor HC Input Circuit
B1B62,Pollution Sensor - NOx
B1B63,Feedback Potentiometer Ground Circuit
B1B64,Compressor Solenoid Supply
B1B65,Left Hand Seat Heater Temperature Sensor
B1B66,Right Hand Seat Heater Temperature Sensor
B1B67,Air Intake Servo Potentiometer Circuit
B1B68,Air Intake Servo Motor
B1B69,12 Volt Supply Circuit
B1B70,LIN Bus Circuit #2
B1B71,Evaporator Temperature Sensor
B1B72,LIN Bus #1 Power Supply Circuit
B1B73,LIN Bus #2 Power Supply Circuit
B1B74,Foot/Defrost Damper actuator 
B1B75,Front Foot-Face Mode Stepper Actuator
B1B76,Front Left Air Blend Stepper Actuator
B1B77,Front Right Air Blend Stepper Actuator
B1B78,System Pressure
B1B79,Control Panel Switch
B1B7A,Evaporator Valve
B1B7B,Left Rear Air Blend Actuator
B1B7C,Right Rear Air Blend Actuator
B1B7D,Rear Air Distribution Actuator
B1B7E,Left Rear Temperature Control
B1B7F,Right Rear Temperature Control
B1B80,Rear Heater Relay Coil
B1B81,Rear Evaporator Temperature Sensor
B1B82,Rear Air Distribution Stepper Actuator
B1B83,Rear Air Blend Stepper Actuator
B1B84,Magnetic Valve
B1B85,Memory Control Module
B1B86,Seat Height Motor Relay
B1B87,Seat Height Motor Speed/Position Sensor
B1B88,Seat Slide Motor Relay
B1B89,Seat Slide Motor Speed/Position Sensor
B1B90,Seat Tilt Motor Relay
B1B91,Seat Tilt Motor Speed/Position Sensor
B1B92,Seat Recline Motor Relay
B1B93,Seat Recline Motor Speed/Position Sensor
B1B94,Seat Height Up Switch
B1B95,Seat Height Down Switch
B1B96,Seat Slide Forward Switch
B1B97,Seat Slide Backward Switch
B1B98,Seat Tilt Up Switch
B1B99,Seat Tilt Down Switch
B1C00,Seat Recline Up Switch
B1C01,Seat Recline Down Switch
B1C02,Memory Store Switch
B1C03,Memory #1 Switch
B1C04,Memory #2 Switch
B1C05,Memory #3 Switch
B1C06,Driver Up/Down And Common Mirror Motor
B1C07,Driver Left/Right and Righthand Up/Down Mirror Motor Circuit
B1C08,Passenger Left/Right and Common Mirror Motor
B1C09,Driver Left/Right Mirror Motor
B1C0A,Rear Control panel
B1C0B,Rear Refrigerant Magnetic Valve
B1C0C,Rear Heater Closure Valve
B1C10,Driver Up/Down Mirror Motor
B1C11,Passenger Left/Right Mirror Motor
B1C12,Passenger Up/Down Mirror Motor
B1C13,Driver Up/Down Mirror Motor Feedback
B1C14,Driver Left/Right Mirror Motor Feedback
B1C15,Passenger Up/Down Mirror Motor Feedback
B1C16,Passenger Left/Right Mirror Motor Feedback
B1C17,Driver Mirror Left Switch
B1C18,Driver Mirror Right Switch
B1C19,Driver Mirror Up Switch
B1C1A,Left Blend Actuator Feedback
B1C1B,Right Blend Actuator Feedback
B1C1C,Mode Actuator Feedback
B1C20,Driver Mirror Down Switch
B1C21,Passenger Mirror Left Switch
B1C22,Passenger Mirror Right Switch
B1C23,Passenger Mirror Up Switch
B1C24,Passenger Mirror Down Switch
B1C25,Pedal Motor Relay
B1C26,Pedal Motor Feedback Circuit
B1C27,Pedal In Switch
B1C28,Pedal Out Switch
B1C29,Isolate Switch
B1C30,Disable Switch - Park Aid
B1C31,Steering Column Motor Relay
B1C32,Steering Column Tilt Solenoid
B1C33,Steering Column Tilt Feedback Signal
B1C34,Steering Column Telescope Solenoid
B1C35,Steering Column Telescope Feedback Signal
B1C36,Steering Column Adjust Switch
B1C37,Master Lock Switch
B1C38,Master Unlock Switch
B1C39,Key Lock Switch
B1C40,Key Unlock Switch
B1C41,Tailgate Release Switch #1
B1C42,Tailgate Release Switch #2
B1C43,Master Interior Light Switch
B1C44,Rear Wiper Park Position Switch
B1C45,Front Wiper Park Position Switch
B1C46,Rear Washer Switch
B1C47,Front Washer Switch
B1C48,Flash to Pass Switch
B1C49,Childlock Activation Switch
B1C50,Crank Switch
B1C51,Autolights Switch
B1C52,Accessory Relay Status
B1C53,Front Wiper Intermittent Data
B1C54,Childlock Switch
B1C55,Horn Relay
B1C56,Horn Relay Output Circuit
B1C57,Passive Start Ignition Relay Coil Circuit
B1C58,Power Windows Relay Coil Circuit
B1C59,Power Windows Relay Output Circuit
B1C60,Sidelights Relay Output Circuit
B1C61,Battery Saver Relay Coil Circuit
B1C62,Battery Saver Relay Output Circuit
B1C63,Driver Door Lock Relay Coil Circuit
B1C64,Driver Door Lock Relay Output Circuit
B1C65,Lock Rest Relay Coil Circuit
B1C66,Lock Rest Relay Output Circuit
B1C67,Driver Door Unlock Relay Coil Circuit
B1C68,Driver Door Unlock Relay Output Circuit
B1C69,Passenger Door Unlock Relay Coil Circuit
B1C70,Passenger Door Unlock Relay Output Circuit
B1C71,Childlock Unlock Relay Coil Circuit
B1C72,Childlock Unlock Relay Output Circuit
B1C73,Superlock Relay Coil Circuit
B1C74,Superlock Relay Output Circuit
B1C75,Front Wiper Slow Relay Coil Circuit
B1C76,Front Wiper Fast Relay Coil Circuit
B1C77,Rear Wiper Relay
B1C78,Powerwash Relay 
B1C79,Front Washer Pump
B1C80,Rear Washer Pump Relay Coil Circuit
B1C81,Rear Washer Pump Relay Output Circuit
B1C82,Headlamp Washer Relay A
B1C83,Rear Defog Relay
B1C84,Heated Rear Window Relay Output
B1C85,Autolights Switch Illumination Relay Coil
B1C86,Autolights Switch Illumination Relay Output
B1C87,Smart Accessory Off Relay Coil Circuit
B1C88,Reversing Lamps Relay Coil Circuit
B1C89,Reversing Lamps Relay Output Circuit
B1C90,Auxiliary Driving Lamps Relay 
B1C91,Fuel Flap/Door Lock Relay Coil Circuit
B1C92,Fuel Flap Lock Relay Output Circuit
B1C93,Fuel Flap Unlock Relay Coil Circuit
B1C94,Fuel Flap Unlock Relay Output Circuit
B1C95,Approach Lamps Circuit
B1C96,Alarm LED 
B1C97,Physical Interlock Circuit
B1C98,Left Corner Lamp Circuit
B1C99,Right Corner Lamp Circuit
B1D00,Left Low Beam 
B1D01,Right Low Beam 
B1D02,Left High Beam Circuit
B1D03,Right High Beam Circuit
B1D04,Upper Tailgate Release Circuit
B1D05,Lower Tailgate Release Circuit
B1D06,Left Turn Indicator
B1D07,Right Turn Indicator
B1D08,Left Trailer Direction Indicator
B1D09,Right Trailer Direction Indicator
B1D10,Air Suspension Control Circuit
B1D11,Childlock Status LED Circuit
B1D12,Volumetric Alarm Power Circuit
B1D13,Interior Lights Circuit A
B1D14,Interior Lights Circuit B
B1D15,Global Open/Close
B1D16,Door Ajar Switch
B1D17,Battery Backed Sounder
B1D18,Volumetric Sensor
B1D19,Compact Disc Unit
B1D1A,Interior Lights Circuit C
B1D20,Head Unit
B1D21,Remote Control Switch
B1D22,Coolant Temperature Sensor
B1D23,Overheat Sensor
B1D24,Glow Plug
B1D25,Heater Fuel Pump
B1D26,Combustion Air Blower
B1D27,Heater Coolant Pump
B1D28,Fuel Pre-heater
B1D29,No Start Even After Restart Attempt
B1D30,No Start In Test Mode
B1D31,Flame Detected Prior to Normal Operation
B1D32,Multiple Flame Interruption During Heating Cycle
B1D33,Flame Interruption During Normal Operation
B1D34,Heater In Lock Out Mode
B1D35,Hazard Switch
B1D36,Turn Indicator Switch
B1D37,Wiper Switch Connection Circuit
B1D38,Front Wiper Motor
B1D39,Rear Wiper Motor
B1D40,Lighting Switch Connection Circuit
B1D41,Bonnet Switch Connection Circuit
B1D42,Driver's Door Latch Connection Circuit
B1D43,Passenger's Door Latch Connection Circuit
B1D44,Rear Left Door Latch Connection Circuit
B1D45,Rear Right Door Latch Connection Circuit
B1D46,Tailgate Latch Connection Circuit
B1D47,MOST Ring Wake-up Circuit
B1D48,Infotainment Relay Coil Circuit
B1D49,Audio Ground Circuit
B1D50,Digital Disk Player
B1D51,Seat Heat Supply
B1D52,Rotary Encoder
B1D53,Audio LED Circuit
B1D54,Fuel Burning Heater LED Circuit
B1D55,Antenna #2 
B1D56,Antenna #3 Circuit
B1D57,Antenna #4 Circuit
B1D58,Television Output
B1D59,Charger System
B1D60,Right side (pelvic) 2
B1D61,Right side (pelvic) 2 Short Circuit To ignition Loop
B1D62,Sub-Module 'B'
B1D63,External Control Relay
B1D64,Left Headlamp Swiveling Motor
B1D65,Right Headlamp Swiveling Motor
B1D66,Left Headlamp Power Module
B1D67,Right Headlamp Power Module
B1D68,Left Headlamp Swiveling Feedback Sensor
B1D69,Right Headlamp Swiveling Feedback Sensor
B1D70,Processor Phase Lock Loop
B1D71,UHF Phase Lock Loop
B1D72,Microwave Phase Lock Loop
B1D73,Microwave Subsystem
B1D74,Passenger Airbag Cutoff Enable Switch
B1D75,Passenger Airbag Cutoff Disable Switch
B1D76,Left Roll Over Protection System
B1D77,Right Roll Over Protection System
B1D78,Auxiliary Input
B1D79,Microphone Input
B1D80,Rear Air Blend Stepper Actuator #2
B1D81,Rear Left Display Module
B1D82,Rear Right Display Module
B1D83,Rear Centre Display Module
B1D84,Headphone panel 1
B1D85,Headphone panel 2
B1D86,Headphone panel 3
B1D87,Headphone panel 4
B1D88,Mirror Switch Pack
B1D89,Heater Switch Pack Failure
B1D90,Seat Memory Switch Failure
B1D91,Heater FET Failure
B1D92,Seat Front Motor Relay
B1D93,Seat Rear Motor Relay 
B1D94,Lumbar Motor Relay
B1D95,Seat Front Hall sensor failure
B1D96,Seat Rear Hall sensor failure
B1D97,Tilt Sensor
B2000,Electric Machine Connector
B2001,On Board Charger DC/DC High Voltage Side
B2002,On Board Charger DC/DC Low Voltage Side
B2003,High Voltage DC Connector
B2004,Low Voltage Connector
B2005,12V Supply For Clutch
B2006,Electric Machine Temperature Sensor 
B2007,Insulated Gate Bipolar Transistor Temperature Sensor
B2009,Insulated Gate Bipolar Transistor
B2010,Electric Machine
B2011,High Voltage DC Sensor
B2012,Phase Current Sensors
B2013,Active Discharge
B2014,Passive Discharge
B2015,Pulse Width Modulation
B2016,Power Sustain Relay
B2017,Torque Set Point
U0001,High Speed CAN Communication Bus
U0002,High Speed CAN Communication Bus Performance
U0003,High Speed CAN Communication Bus (+) Open
U0004,High Speed CAN Communication Bus (+) Low
U0005,High Speed CAN Communication Bus (+) High
U0006,High Speed CAN Communication Bus (-) Open
U0007,High Speed CAN Communication Bus (-) Low
U0008,High Speed CAN Communication Bus (-) High
U0009,High Speed CAN Communication Bus (-) shorted to Bus (+)
U0010,Medium Speed CAN Communication Bus 
U0011,Medium Speed CAN Communication Bus Performance
U0012,Medium Speed CAN Communication Bus (+) Open
U0013,Medium Speed CAN Communication Bus (+) Low
U0014,Medium Speed CAN Communication Bus (+) High
U0015,Medium Speed CAN Communication Bus (-) Open
U0016,Medium Speed CAN Communication Bus (-) Low
U0017,Medium Speed CAN Communication Bus (-) High
U0018,Medium Speed CAN Communication Bus (-) shorted to Bus (+)
U0019,Low Speed CAN Communication Bus 
U0020,Low Speed CAN Communication Bus Performance
U0021,Low Speed CAN Communication Bus (+) Open
U0022,Low Speed CAN Communication Bus (+) Low
U0023,Low Speed CAN Communication Bus (+) High
U0024,Low Speed CAN Communication Bus (-) Open
U0025,Low Speed CAN Communication Bus (-) Low
U0026,Low Speed CAN Communication Bus (-) High
U0027,Low Speed CAN Communication Bus (-) shorted to Bus (+)
U0028,Vehicle Communication Bus A
U0029,Vehicle Communication Bus A Performance
U0030,Vehicle Communication Bus A (+) Open
U0031,Vehicle Communication Bus A (+) Low
U0032,Vehicle Communication Bus A (+) High
U0033,Vehicle Communication Bus A (-) Open
U0034,Vehicle Communication Bus A (-) Low
U0035,Vehicle Communication Bus A (-) High
U0036,Vehicle Communication Bus A (-) shorted to Bus A (+)
U0037,Vehicle Communication Bus B
U0038,Vehicle Communication Bus B Performance
U0039,Vehicle Communication Bus B (+) Open
U0040,Vehicle Communication Bus B (+) Low
U0041,Vehicle Communication Bus B (+) High
U0042,Vehicle Communication Bus B (-) Open
U0043,Vehicle Communication Bus B (-) Low
U0044,Vehicle Communication Bus B (-) High
U0045,Vehicle Communication Bus B (-) shorted to Bus B (+)
U0046,Vehicle Communication Bus C
U0047,Vehicle Communication Bus C Performance
U0048,Vehicle Communication Bus C (+) Open
U0049,Vehicle Communication Bus C (+) Low
U0050,Vehicle Communication Bus C (+) High
U0051,Vehicle Communication Bus C (-) Open
U0052,Vehicle Communication Bus C (-) Low
U0053,Vehicle Communication Bus C (-) High
U0054,Vehicle Communication Bus C (-) shorted to Bus C (+)
U0055,Vehicle Communication Bus D
U0056,Vehicle Communication Bus D Performance
U0057,Vehicle Communication Bus D (+) Open
U0058,Vehicle Communication Bus D (+) Low
U0059,Vehicle Communication Bus D (+) High
U0060,Vehicle Communication Bus D (-) Open
U0061,Vehicle Communication Bus D (-) Low
U0062,Vehicle Communication Bus D (-) High
U0063,Vehicle Communication Bus D (-) shorted to Bus D (+)
U0064,Vehicle Communication Bus E
U0065,Vehicle Communication Bus E Performance
U0066,Vehicle Communication Bus E (+) Open
U0067,Vehicle Communication Bus E (+) Low
U0068,Vehicle Communication Bus E (+) High
U0069,Vehicle Communication Bus E (-) Open
U0070,Vehicle Communication Bus E (-) Low
U0071,Vehicle Communication Bus E (-) High
U0072,Vehicle Communication Bus E (-) shorted to Bus E (+)
U0073,Control Module Communication Bus A Off
U0074,Control Module Communication Bus B Off
U0077,Control Module Communication Bus E Off
U0078,Control Module Communication Bus F Off
U0079,Control Module Communication Bus G Off
U0080,Vehicle Communication Bus F
U0081,Vehicle Communication Bus F Performance
U0082,Vehicle Communication Bus F + Open
U0083,Vehicle Communication Bus F + Low
U0084,Vehicle Communication Bus F + High
U0085,Vehicle Communication Bus F - Open
U0086,Vehicle Communication Bus F - Low
U0087,Vehicle Communication Bus F - High
U0088,Vehicle Communication Bus F - Shorted to Bus F +
U0100,Lost Communication With ECM/PCM A
U0101,Lost Communication with TCM
U0102,Lost Communication with Transfer Case Control Module
U0103,Lost Communication With Gear Shift Module
U0104,Lost Communication With Cruise Control Module
U0105,Lost Communication With Fuel Injector Control Module
U0106,Lost Communication With Glow Plug Control Module
U0107,Lost Communication With Throttle Actuator Control Module
U0108,Lost Communication With Alternative Fuel Control Module
U0109,Lost Communication With Fuel Pump Control Module
U010A,Lost Communication With Exhaust Gas Recirculation Control Module A
U010B,Lost Communication With Exhaust Gas Recirculation Control Module B
U010C,Lost Communication With Turbocharger/Supercharger Control Module A
U010D,Lost Communication With Turbocharger/Supercharger Control Module B
U010E,Lost Communication With Reductant Control Module
U010F,Lost Communication With Air Conditioning Control Module
U0110,Lost Communication With Drive Motor Control Module
U0111,Lost Communication With Battery Energy Control Module A
U0112,Lost Communication With Battery Energy Control Module B
U0113,Lost Communication With Emissions Critical Control Information
U0114,Lost Communication With Four-Wheel Drive Clutch Control Module
U0115,Lost Communication With ECM/PCM B
U0116,Lost Communications with Coolant Temperature Control Module
U0117,Lost Communications With Electrical PTO Control Module
U0118,Lost Communications With Fuel Additive Control Module
U0119,Lost Communication With Fuel Cell Control Module
U011A,Lost Communication With Exhaust Gas Sensor Module
U011B,Lost Communication With Rocker Arm Control Module A
U011C,Lost Communication With Rocker Arm Control Module B
U011D,Lost Communication With All Wheel Drive Control Module
U011E,Lost Communication With Throttle Actuator B Control Module
U0120,Lost Communication with Starter/ Generator Control Module
U0121,Lost Communication With Anti-Lock Brake System (ABS) Control Module
U0122,Lost Communication With Vehicle Dynamics Control Module
U0123,Lost Communication With Yaw Rate Sensor Module
U0124,Lost Communication With Lateral Acceleration Sensor Module
U0125,Lost Communication With Multi-axis Acceleration Sensor Module
U0126,Lost Communication With Steering Angle Sensor Module
U0127,Lost Communication With Tire Pressure Monitor Module
U0128,Lost Communication With Park Brake Control Module
U0129,Lost Communication With Brake System Control Module
U012A,Lost Communication with Chassis Control Module A
U012B,Lost Communication with Chassis Control Module B
U012C,Lost Communication with Active Vibration Control Module
U012D,Lost Communication With Generator Control Module
U0130,Lost Communication With Steering Effort Control Module
U0131,Lost Communication With Power Steering Control Module
U0132,Lost Communication With Suspension Control Module A
U0133,Lost Communication With Active Roll Control Module
U0134,Lost Communication With Power Steering Control Module - Rear
U0135,Lost Communication With Differential Control Module - Front
U0136,Lost Communication With Differential Control Module - Rear
U0137,Lost Communication With Trailer Brake Control Module
U0138,Lost Communication with All Terrain Control Module
U0139,Lost Communication With Suspension Control Module B
U013C,Lost Communication With Accelerator Pedal Module
U0140,Lost Communication With Body Control Module
U0141,Lost Communication With Body Control Module A
U0142,Lost Communication With Body Control Module B
U0143,Lost Communication With Body Control Module C
U0144,Lost Communication With Body Control Module D
U0145,Lost Communication With Body Control Module E
U0146,Lost Communication With Gateway A
U0147,Lost Communication With Gateway B
U0148,Lost Communication With Gateway C
U0149,Lost Communication With Gateway D
U0150,Lost Communication With Gateway E
U0151,Lost Communication With Restraints Control Module
U0152,Lost Communication With Side Restraints Control Module - Left
U0153,Lost Communication With Side Restraints Control Module - Right
U0154,Lost Communication With Restraints Occupant Classification System Module
U0155,Lost Communication With Instrument Panel Cluster (IPC) Control Module
U0156,Lost Communication With Information Center A
U0157,Lost Communication With Information Center B
U0158,Lost Communication With Head Up Display
U0159,Lost Communication With Parking Assist Control Module A
U0160,Lost Communication With Audible Alert Control Module
U0161,Lost Communication With Compass Module
U0162,Lost Communication With Navigation Display Module
U0163,Lost Communication With Navigation Control Module
U0164,Lost Communication With HVAC Control Module
U0165,Lost Communication With HVAC Control Module - Rear
U0166,Lost Communication With Auxiliary Heater Control Module
U0167,Lost Communication With Vehicle Immobilizer Control Module
U0168,Lost Communication With Vehicle Security Control Module
U0169,Lost Communication With Sunroof Control Module
U016A,Lost Communication With Global Positioning System Module
U016B,Lost Communication With Electric A/C Compressor Control Module
U016C,Lost Communication With Fuel Pump Control Module B
U0170,Lost Communication With Restraints System Sensor A
U0171,Lost Communication With Restraints System Sensor B
U0172,Lost Communication With Restraints System Sensor C
U0173,Lost Communication With Restraints System Sensor D
U0174,Lost Communication With Restraints System Sensor E
U0175,Lost Communication With Restraints System Sensor F
U0176,Lost Communication With Restraints System Sensor G
U0177,Lost Communication With Restraints System Sensor H
U0178,Lost Communication With Restraints System Sensor I
U0179,Lost Communication With Restraints System Sensor J
U017A,Lost Communication With Restraints System Sensor K
U017B,Lost Communication With Restraints System Sensor L
U017C,Lost Communication With Restraints System Sensor M
U017D,Lost Communication With Restraints System Sensor N
U017E,Lost Communication With Seatbelt Pretensioner Module A
U017F,Lost Communication With Seatbelt Pretensioner Module B
U0180,Lost Communication With Automatic Lighting Control Module
U0181,Lost Communication With Headlamp Leveling Control Module
U0182,Lost Communication With Lighting Control Module  - Front
U0183,Lost Communication With Lighting Control Module - Rear A
U0184,Lost Communication With Radio
U0185,Lost Communication With Antenna Control Module
U0186,Lost Communication With Audio Amplifier A
U0187,Lost Communication With Digital Disc Player/Changer Module A
U0188,Lost Communication With Digital Disc Player/Changer Module B
U0189,Lost Communication With Digital Disc Player/Changer Module C
U0190,Lost Communication With Digital Disc Player/Changer Module D
U0191,Lost Communication With Television
U0192,Lost Communication With Personal Computer
U0193,Lost Communication With Digital Audio Control Module A
U0194,Lost Communication With Digital Audio Control Module B
U0195,Lost Communication With Subscription Entertainment Receiver Module
U0196,Lost Communication With Entertainment Control Module-Rear A
U0197,Lost Communication With Telephone Control Module
U0198,Lost Communication With Telematic Control Module
U0199,Lost Communication With Door Control Module A
U019A,Lost Communication with Tachograph Module
U019B,Lost Communication With Battery Charger Control Module
U019C,Lost Communication With Glow Plug Control Module 2
U019D,Lost Communication with Direct Ozone Reduction Catalyst Temperature Sensor
U019E,Lost Communication With Transmission Range Control Module
U019F,Lost Communication With Engine Coolant Pump Control Module
U01A0,Lost Communication with Hybrid/EV Battery Interface Control Module A
U01A1,Lost Communication with Hybrid/EV Battery Interface Control Module B
U01A2,Lost Communication with Hybrid/EV Battery Interface Control Module C
U01A3,Lost Communication with Hybrid/EV Battery Interface Control Module D
U01A4,Lost Communication with Hybrid/EV Battery Interface Control Module E
U01A5,Lost Communication with Hybrid/EV Battery Interface Control Module F
U01A6,Lost Communication with Hybrid/EV Battery Interface Control Module G
U01A7,Lost Communication with Hybrid/EV Battery Interface Control Module H
U0200,Lost Communication With Door Control Module B
U0201,Lost Communication With Door Control Module C
U0202,Lost Communication With Door Control Module D
U0203,Lost Communication With Door Control Module E
U0204,Lost Communication With Door Control Module F
U0205,Lost Communication With Door Control Module G
U0206,Lost Communication With Folding Top Control Module
U0207,Lost Communication With Moveable Roof Control Module
U0208,Lost Communication With Seat Control Module A
U0209,Lost Communication With Seat Control Module B
U0210,Lost Communication With Seat Control Module C
U0211,Lost Communication With Seat Control Module D
U0212,Lost Communication With Steering Column Control Module
U0213,Lost Communication With Mirror Control Module
U0214,Lost Communication With Remote Function Actuation
U0215,Lost Communication With Door Switch A
U0216,Lost Communication With Door Switch B
U0217,Lost Communication With Door Switch C
U0218,Lost Communication With Door Switch D
U0219,Lost Communication With Door Switch E
U0220,Lost Communication With Door Switch F
U0221,Lost Communication With Door Switch G
U0222,Lost Communication With Door Window Motor A
U0223,Lost Communication With Door Window Motor B
U0224,Lost Communication With Door Window Motor C
U0225,Lost Communication With Door Window Motor D
U0226,Lost Communication With Door Window Motor E
U0227,Lost Communication With Door Window Motor F
U0228,Lost Communication With Door Window Motor G
U0229,Lost Communication With Heated Steering Wheel Module
U0230,Lost Communication With Rear Gate Module
U0231,Lost Communication With Rain Sensing Module
U0232,Lost Communication With Side Obstacle Detection Control Module - Left
U0233,Lost Communication With Side Obstacle Detection Control Module - Right
U0234,Lost Communication With Convenience Recall Module
U0235,Lost Communication With Cruise Control Front Distance Range Sensor
U0236,Lost Communication With Column Lock Module
U0237,Lost Communication With Digital Audio Control Module C
U0238,Lost Communication With Digital Audio Control Module D
U0239,Lost Communication With Entrapment Control Module A
U023A,Lost Communication With Image Processing Module A
U023B,Lost Communication With Image Processing Module B
U023D,Lost Communication With Cruise Control Front Distance Range Sensor - Left
U023E,Lost Communication With Cruise Control Front Distance Range Sensor - Right
U0240,Lost Communication With Entrapment Control Module B
U0241,Lost Communication With Headlamp Control Module A
U0242,Lost Communication With Headlamp Control Module B
U0243,Lost Communication With Parking Assist Control Module B
U0244,Lost Communication With Running Board Control Module
U0245,Lost Communication With Entertainment Control Module-Front
U0246,Lost Communication With Seat Control Module E
U0247,Lost Communication With Seat Control Module F
U0248,Lost Communication with Remote Accessory Module
U0249,Lost Communication With Entertainment Control Module -Rear B
U024A,Lost Communication With Interior Lighting Control Module
U024B,Lost Communication with Seat Control Module G
U024C,Lost Communication with Seat Control Module H
U0250,Lost Communication With Impact Classification System Module
U0251,Lost Communication With Running Board Control Module B
U0252,Lost Communication With Lighting Control Module- Rear B
U0253,Lost Communication With Accessory Protocol Interface Module
U0254,Lost Communication With Remote Start Module
U0255,Lost Communication With Front Display Interface Module 
U0256,Lost Communication With Front Controls Interface Module 
U0257,Lost Communication With Front Controls / Display Interface Module 
U0258,Lost Communication With Radio Transceiver
U0259,Lost Communication With Special Purpose Vehicle Control Module A
U025A,Lost Communication With Special Purpose Vehicle Control Module B
U025B,Lost Communication With Special Purpose Vehicle Control Module C
U025C,Lost Communication With Special Purpose Vehicle Control Module D
U025D,Lost Communication With Front Controls Interface Module B
U0260,Lost Communication With Seat Control Switch Module A
U0261,Lost Communication With Seat Control Switch Module B
U0262,Lost Communication With Audio Amplifier B
U0263,Lost Communication With Speech Recognition Module
U0264,Lost Communication With Camera Module- Rear
U0265,Lost Communication with Image Processing Sensor A
U0266,Lost Communication with Image Processing Sensor B
U0267,Lost Communication with Image Processing Sensor C
U0268,Lost Communication with Image Processing Sensor D
U0269,Lost Communication with Image Processing Sensor E
U026A,Lost Communication with Image Processing Sensor F
U026B,Lost Communication with Image Processing Sensor G
U026C,Lost Communication with Image Processing Sensor H
U026D,Lost Communication with Image Processing Sensor I
U026E,Lost Communication with Image Processing Sensor J
U026F,Lost Communication with Image Processing Sensor K
U0270,Lost Communication with Image Processing Sensor L
U0284,Lost Communication with Active Grille Air Shutter Module A
U0285,Lost Communication with Active Grille Air Shutter Module B
U0286,Lost Communication With Radiator Anti Tamper Device
U0287,Lost Communication With Transmission Fluid Pump Module
U0288,Lost Communication With DC to AC Converter Control Module A
U0289,Lost Communication With DC to AC Converter Control Module B
U0291,Lost Communication With Gear Shift Control Module B
U0292,Lost Communication With Drive Motor Control Module B
U0293,Lost Communication With Hybrid Powertrain Control Module
U0294,Lost Communication With Powertrain Control Monitor Module
U0295,Lost Communication With AC to AC Converter Control Module
U0296,Lost Communication With AC to DC Converter Control Module A
U0297,Lost Communication With AC to DC Converter Control Module B
U0298,Lost Communication With DC to DC Converter Control Module A
U0299,Lost Communication With DC to DC Converter Control Module B
U029A,Lost Communication with Hybrid Battery Pack Sensor Module
U029B,Lost Communication With Drive Motor Control Module C
U029C,Lost Communication With Drive Motor Control Module D
U029D,Lost Communication With NOx Sensor A
U029E,Lost Communication With NOx Sensor B
U029F,Lost Communication with EVAP System Leak Detection Control Module
U02A2,Lost Communication with Reductant Quality Module
U02A3,Lost Communication With PM Sensor
U0300,Internal Control Module Software Incompatibility
U0301,Software Incompatibility with ECM/PCM
U0302,Software Incompatibility with Transmission Control Module
U0303,Software Incompatibility with Transfer Case Control Module
U0304,Software Incompatibility with Gear Shift Control Module
U0305,Software Incompatibility with Cruise Control Module
U0306,Software Incompatibility with Fuel Injector Control Module
U0307,Software Incompatibility with Glow Plug Control Module
U0308,Software Incompatibility with Throttle Actuator Control Module
U0309,Software Incompatibility with Alternative Fuel Control Module
U030A,Software Incompatibility with EVAP System Leak Detection Control Module
U030B,Software Incompatibility with Glow Plug Control Module 2
U030C,Software Incompatibility with Reductant Quality Module
U030D,Software Incompatibility with NOx Sensor A
U030E,Software Incompatibility with NOx Sensor B
U0310,Software Incompatibility with Fuel Pump Control Module
U0311,Software Incompatibility with Drive Motor Control Module
U0312,Software Incompatibility with Battery Energy Control Module A
U0313,Software Incompatibility with Battery Energy Control Module B
U0314,Software Incompatibility with Four-Wheel Drive Clutch Control Module
U0315,Software Incompatibility with Anti-Lock Brake System Control Module
U0316,Software Incompatibility with Vehicle Dynamics Control Module
U0317,Software Incompatibility with Park Brake Control Module
U0318,Software Incompatibility with Brake System Control Module
U0319,Software Incompatibility with Steering Effort Control Module
U031A,Software Incompatibility with Transmission Range Control Module
U031B,Software Incompatibility with DC to DC Converter Control Module A
U0320,Software Incompatibility with Power Steering Control Module
U0321,Software Incompatibility with Ride Level Control Module
U0322,Software Incompatibility with Body Control Module
U0323,Software Incompatibility with Instrument Panel Control Module
U0324,Software Incompatibility with HVAC Control Module
U0325,Software Incompatibility with Auxiliary Heater Control Module
U0326,Software Incompatibility with Vehicle Immobilizer Control Module
U0327,Software Incompatibility with Vehicle Security Control Module
U0328,Software Incompatibility with Steering Angle Sensor Module
U0329,Software Incompatibility with Steering Column Control Module 
U0330,Software Incompatibility with Tire Pressure Monitor Module
U0331,Software Incompatibility with Body Control Module A
U0332,Software Incompatibility With Multi-axis Acceleration Sensor Module
U0333,Software Incompatibility with Gear Shift Control Module B
U0334,Software Incompatibility with Radio
U0335,Software Incompatibility with Hybrid Battery Pack Sensor Module
U0336,Software Incompatibility with Restraints Control Module
U0337,Software Incompatibility with Battery Charger Control Module
U0338,Software Incompatibility with Remote Function Actuation
U0339,Software Incompatibility with Body Control Module B
U0400,Invalid Data Received
U0401,Invalid Data Received From ECM/PCM
U0402,Invalid Data Received From  Transmission Control Module
U0403,Invalid Data Received From Transfer Case Control Module
U0404,Invalid Data Received From Gear Shift Control Module
U0405,Invalid Data Received From Cruise Control Module
U0406,Invalid Data Received From Fuel Injector Control Module
U0407,Invalid Data Received From Glow Plug Control Module
U0408,Invalid Data Received From Throttle Actuator Control Module
U0409,Invalid Data Received From Alternative Fuel Control Module
U040A,Invalid Data Received From Air Conditioning Control Module
U040B,Invalid Data Received from Exhaust Gas Recirculation Control Module A
U040C,Invalid Data Received from Exhaust Gas Recirculation Control Module B
U040D,Invalid Data Received from Turbocharger/Supercharger Control Module A
U040E,Invalid Data Received from Turbocharger/Supercharger Control Module B
U040F,Invalid Data Received from Reductant Control Module
U0410,Invalid Data Received From Fuel Pump Control Module
U0411,Invalid Data Received From Drive Motor Control Module
U0412,Invalid Data Received From Battery Energy Control Module A
U0413,Invalid Data Received From Battery Energy Control Module B
U0414,Invalid Data Received From Four-Wheel Drive Clutch Control Module
U0415,Invalid Data Received From Anti-Lock Brake System Control Module
U0416,Invalid Data Received From Vehicle Dynamics Control Module
U0417,Invalid Data Received From Park Brake Control Module
U0418,Invalid Data Received From Brake System Control Module
U0419,Invalid Data Received From Steering Effort Control Module
U041B,Invalid Data Received from Exhaust Gas Sensor Module
U041C,Invalid Data Received from Rocker Arm Control Module A
U041D,Invalid Data Received from Rocker Arm Control Module B
U041E,Invalid Data Received From All Wheel Drive Control Module
U041F,Invalid Data Received from Throttle Actuator B Control Module
U0420,Invalid Data Received From Power Steering Control Module
U0421,Invalid Data Received From Ride Level Control Module
U0422,Invalid Data Received From Body Control Module
U0423,Invalid Data Received From Instrument Panel Control Module
U0424,Invalid Data Received From HVAC Control Module
U0425,Invalid Data Received From Auxiliary Heater Control Module
U0426,Invalid Data Received From Vehicle Immobilizer Control Module
U0427,Invalid Data Received From Vehicle Security Control Module
U0428,Invalid Data Received From Steering Angle Sensor Module
U0429,Invalid Data Received From Steering Column Control Module 
U042B,Invalid Data Received from Chassis Control Module A
U042C,Invalid Data Received from Chassis Control Module B
U042D,Invalid Data Received from Active Vibration Control Module
U042E,Invalid Data Received From Generator Control Module
U0430,Invalid Data Received From Tire Pressure Monitor Module
U0431,Invalid Data Received From Body Control Module A
U0432,Invalid Data Received From Multi-axis Acceleration Sensor Module
U0433,Invalid Data Received From Cruise Control Front Distance Range Sensor
U0434,Invalid Data Received From Active Roll Control Module
U0435,Invalid Data Received From Power Steering Control Module-Rear
U0436,Invalid Data Received From Differential Control Module- Front
U0437,Invalid Data Received From Differential Control Module-Rear
U0438,Invalid Data Received From Trailer Brake Control Module
U0439,Invalid Data Received From All Terrain Control Module
U043A,Invalid Data Received From Suspension Control Module B
U043B,Invalid Data Received From Cruise Control Front Distance Range Sensor - Left
U043C,Invalid Data Received From Cruise Control Front Distance Range Sensor - Right
U043D,Invalid Data Received From Accelerator Pedal Module
U0441,Invalid Data Received From Emissions Critical Control Information
U0442,Invalid Data Received From ECM/PCM B
U0443,Invalid Data Received From Body Control Module B
U0444,Invalid Data Received From Body Control Module C
U0445,Invalid Data Received From Body Control Module D
U0446,Invalid Data Received From Body Control Module E
U0447,Invalid Data Received From Gateway A
U0448,Invalid Data Received From Gateway B
U0449,Invalid Data Received From Gateway C
U044A,Invalid Data Received From Gateway D
U0451,Invalid Data Received From Gateway E
U0452,Invalid Data Received From Restraints Control Module
U0453,Invalid Data Received From Side Restraints Control Module-Left
U0454,Invalid Data Received From Side Restraints Control Module- Right
U0455,Invalid Data Received From Restraints Occupant Classification System Module
U0456,Invalid Data Received From Coolant Temperature Control Module
U0457,Invalid Data Received From Information Center A
U0458,Invalid Data Received From Information Center B
U0459,Invalid Data Received From Head Up Display
U045A,Invalid Data Received From Parking Assist Control Module A
U0461,Invalid Data Received From Audible Alert Control Module
U0462,Invalid Data Received From Compass Module
U0463,Invalid Data Received From Navigation Display Module
U0464,Invalid Data Received From Navigation Control Module
U0465,Invalid Data Received From Electrical PTO Control Module
U0466,Invalid Data Received From HVAC Control Module- Rear
U0467,Invalid Data Received From Fuel Additive Control Module
U0468,Invalid Data Received From Fuel Cell Control Module
U0469,Invalid Data Received From Starter / Generator Control Module
U046A,Invalid Data Received From Sunroof Control Module
U046B,Invalid Data Received From Global Positioning System Module
U046C,Invalid Data Received From Electric A/C Compressor Control Module
U046D,Invalid Data Received from Fuel Pump Control Module B
U0471,Invalid Data Received From Restraints System Sensor A
U0472,Invalid Data Received From Restraints System Sensor B
U0473,Invalid Data Received From Restraints System Sensor C
U0474,Invalid Data Received From Restraints System Sensor D
U0475,Invalid Data Received From Restraints System Sensor E
U0476,Invalid Data Received From Restraints System Sensor F
U0477,Invalid Data Received From Restraints System Sensor G
U0478,Invalid Data Received From Restraints System Sensor H
U0479,Invalid Data Received From Restraints System Sensor I
U047A,Invalid Data Received From Restraints System Sensor J
U047B,Invalid Data Received From Restraints System Sensor K
U047C,Invalid Data Received From Restraints System Sensor L
U047D,Invalid Data Received From Restraints System Sensor M
U047E,Invalid Data Received From Restraints System Sensor N
U047F,Invalid Data Received From Seatbelt Pretensioner Module A
U0480,Invalid Data Received From Seatbelt Pretensioner Module B
U0481,Invalid Data Received From Automatic Lighting Control Module
U0482,Invalid Data Received From Headlamp Leveling Control Module
U0483,Invalid Data Received From Lighting Control Module- Front
U0484,Invalid Data Received From Lighting Control Module-Rear B
U0485,Invalid Data Received From Radio
U0486,Invalid Data Received From Antenna Control Module
U0487,Invalid Data Received From Audio Amplifier A
U0488,Invalid Data Received From Digital Disc Player/Changer Module A
U0489,Invalid Data Received From Digital Disc Player/Changer Module B
U048A,Invalid Data Received From Digital Disc Player/Changer Module C
U0491,Invalid Data Received From Digital Disc Player/Changer Module D
U0492,Invalid Data Received From Television
U0493,Invalid Data Received From Personal Computer
U0494,Invalid Data Received From Digital Audio Control Module A
U0495,Invalid Data Received From Digital Audio Control Module B
U0496,Invalid Data Received From Subscription Entertainment Receiver Module
U0497,Invalid Data Received From Entertainment Control Module-Rear A
U0498,Invalid Data Received From Telephone Control Module
U0499,Invalid Data Received From Telematic Control Module
U049A,Invalid Data Received From Door Control Module A
U049B,Invalid Data Received from Tachograph Module
U049C,Invalid Data Received From Battery Charger Control Module
U049D,Invalid Data Received from Glow Plug Control Module 2
U049E,Invalid Data Received From Direct Ozone Reduction Catalyst Temperature Sensor
U049F,Invalid Data Received From Transmission Range Control Module
U04A0,Invalid Data Received From Engine Coolant Pump Control Module
U04A4,Invalid Data Received From PM Sensor
U0501,Invalid Data Received From Door Control Module B
U0502,Invalid Data Received From Door Control Module C
U0503,Invalid Data Received From Door Control Module D
U0504,Invalid Data Received From Door Control Module E
U0505,Invalid Data Received From Door Control Module F
U0506,Invalid Data Received From Door Control Module G
U0507,Invalid Data Received From Folding Top Control Module
U0508,Invalid Data Received From Moveable Roof Control Module
U0509,Invalid Data Received From Seat Control Module A
U050A,Invalid Data Received From Seat Control Module B
U0511,Invalid Data Received From Seat Control Module C
U0512,Invalid Data Received From Seat Control Module D
U0513,Invalid Data Received From Yaw Rate Sensor Module
U0514,Invalid Data Received From Mirror Control Module A
U0515,Invalid Data Received From Remote Function Actuation
U0516,Invalid Data Received From Door Switch A
U0517,Invalid Data Received From Door Switch B
U0518,Invalid Data Received From Door Switch C
U0519,Invalid Data Received From Door Switch D
U051A,Invalid Data Received From Door Switch E
U0521,Invalid Data Received From Door Switch F
U0522,Invalid Data Received From Door Switch G
U0523,Invalid Data Received From Door Window Motor A
U0524,Invalid Data Received From Door Window Motor B
U0525,Invalid Data Received From Door Window Motor C
U0526,Invalid Data Received From Door Window Motor D
U0527,Invalid Data Received From Door Window Motor E
U0528,Invalid Data Received From Door Window Motor F
U0529,Invalid Data Received From Door Window Motor G
U052A,Invalid Data Received From Heated Steering Wheel Module
U0531,Invalid Data Received From Rear Gate Module
U0532,Invalid Data Received From Rain Sensing Module
U0533,Invalid Data Received From Side Obstacle Detection Control Module-Left
U0534,Invalid Data Received From Side Obstacle Detection Control Module-Right
U0535,Invalid Data Received From Convenience Recall Module
U0536,Invalid Data Received From Lateral Acceleration Sensor Module
U0537,Invalid Data Received From Column Lock Module
U0538,Invalid Data Received From Digital Audio Control Module C
U0539,Invalid Data Received From Digital Audio Control Module D
U053A,Invalid Data Received From Entrapment Control Module A
U053B,Invalid Data Received From Image Processing Module A
U053C,Invalid Data Received From Image Processing Module B
U0541,Invalid Data Received From Entrapment Control Module B
U0542,Invalid Data Received From Headlamp Control Module A
U0543,Invalid Data Received From Headlamp Control Module B
U0544,Invalid Data Received From Parking Assist Control Module B
U0545,Invalid Data Received From Running Board Control Module
U0546,Invalid Data Received From Entertainment Control Module-Front
U0547,Invalid Data Received From Seat Control Module E
U0548,Invalid Data Received From Seat Control Module F
U0549,Invalid Data Received From Remote Accessory Module
U054A,Invalid Data Received From Entertainment Control Module-Rear B
U054B,Invalid Data Received From Interior Lighting Control Module
U054C,Invalid Data Received from Seat Control Module G
U054D,Invalid Data Received from Seat Control Module H
U0551,Invalid Data Received From Impact Classification System Module
U0552,Invalid Data Received From Running Board Control Module B
U0553,Invalid Data Received From Lighting Control Module-Rear B
U0554,Invalid Data Received From Accessory Protocol Interface Module
U0555,Invalid Data Received From Remote Start Module
U0556,Invalid Data Received From Front Display Interface Module
U0557,Invalid Data Received From Front Controls Interface Module A
U0558,Invalid Data Received From Front Controls / Display Interface Module
U0559,Invalid Data Received From Radio Transceiver
U055A,Invalid Data Received From Special Purpose Vehicle Control Module A
U055B,Invalid Data Received From Special Purpose Vehicle Control Module B
U055C,Invalid Data Received From Special Purpose Vehicle Control Module C
U055D,Invalid Data Received From Special Purpose Vehicle Control Module D
U055E,Invalid Data Received From Front Controls Interface Module B
U0561,Invalid Data Received From Seat Control Switch Module A
U0562,Invalid Data Received From Seat Control Switch Module B
U0563,Invalid Data Received From Audio Amplifier B
U0564,Invalid Data Received From Speech Recognition Module
U0565,Invalid Data Received From Camera Module-Rear
U0566,Invalid Data Received From Image Processing Sensor A
U0567,Invalid Data Received From Image Processing Sensor B
U0568,Invalid Data Received From Image Processing Sensor C
U0569,Invalid Data Received From Image Processing Sensor D
U056A,Invalid Data Received From Image Processing Sensor E
U056B,Invalid Data Received From Image Processing Sensor F
U056C,Invalid Data Received From Image Processing Sensor G
U056D,Invalid Data Received From Image Processing Sensor H
U056E,Invalid Data Received From Image Processing Sensor I
U056F,Invalid Data Received From Image Processing Sensor J
U0570,Invalid Data Received From Image Processing Sensor K
U0571,Invalid Data Received From Image Processing Sensor L
U0585,Invalid Data Received from Active Grille Air Shutter Module A
U0586,Invalid Data Received from Active Grille Air Shutter Module B
U0587,Invalid Data Received From Radiator Anti Tamper Device
U0588,Invalid Data Received From Transmission Fluid Pump Module
U0589,Invalid Data Received From DC to AC Converter Control Module A
U058A,Invalid Data Received From DC to AC Converter Control Module B
U0592,Invalid Data Received From Gear Shift Module B
U0593,Invalid Data Received From Drive Motor Control Module B
U0594,Invalid Data Received From Hybrid Powertrain Control Module
U0595,Invalid Data Received From Powertrain Control Monitor Module
U0596,Invalid Data Received From AC to AC Converter Control Module
U0597,Invalid Data Received From AC to DC Converter Control Module A
U0598,Invalid Data Received From AC to DC Converter Control Module B
U0599,Invalid Data Received From DC to DC Converter Control Module A
U059A,Invalid Data Received From DC to DC Converter Control Module B
U059B,Invalid Data Received From Hybrid Battery Pack Sensor Module
U059C,Invalid Data Received From Drive Motor Control Module C
U059D,Invalid Data Received From Drive Motor Control Module D
U059E,Invalid Data Received from NOx Sensor A
U059F,Invalid Data Received from NOx Sensor B
U05A0,Invalid Data Received from EVAP System Leak Detection Control Module
U05A1,NOx Sensor A Received Invalid Data From ECM/PCM
U05A2,NOx Sensor B Received Invalid Data From ECM/PCM
U05A3,Invalid Data Received From Reductant Quality Module
U05A4,PM Sensor Received Invalid Data From ECM/PCM
U1000,Solid State Driver Protection Active Driver Disabled
U1000,Solid State Driver Protection Active Driver Disabled
U1001,Switch Pack - Switch Circuit
U1002,Switch Pack - Status Indicator Circuit
U1003,System Clock
U1004,Software Incompatibility With Closing Velocity Module
U1005,Lost Communication With iPod Module
U1006,Sub Network CAN Initialisation Failure
U1007,Lost Communication With Battery Monitoring Sensor A
U1008,Private Communication Network Bus (-) shorted to Bus (+)
U1009,Invalid Data Received From Right Rear Display Module
U100A,Invalid Data Received From Left Rear Display Module
U100B,Semi-Automatic Parallel Parking System
U100C,Start/Stop System
U100D,Ambient Temperature High 
U100E,Ambient Temperature Low
U100F,Lost Communication with Battery Monitoring Sensor B
U1010,Invalid Internal Control Module Monitoring Data Received from Hybrid Powertrain Control Module
U1011,Invalid Internal Control Module Monitoring Data Received from ECM/PCM
U1012,Invalid Internal Control Module Monitoring Data Received from Anti-Lock Brake System (ABS) Control Module
U1013,Invalid Internal Control Module Monitoring Data Received from TCM
U1014,Invalid Internal Control Module Monitoring Data Received from Restraints Control Module
U1015,Invalid Internal Control Module Monitoring Data Received from Active Roll Control Module
U1016,Invalid Internal Control Module Monitoring Data Received from Park Brake Control Module
U1017,Invalid Internal Control Module Monitoring Data Received from Instrument Panel Cluster Control Module
U1018,Lost Communication With Generic Function Module
U1019,Invalid Data Received From Generic Function Module
U101A,Lost Communication With TCM - Multiple Bus
U101B,Lost Communication With GSM - Multiple Bus
U101C,Lost Communication With Forward Looking Sensor
U101D,Invalid Data Received From Forward Looking Sensor
U101E,Invalid Internal Control Module Monitoring Data Received from Gear Shift Module
U101F,Invalid Internal Control Module Monitoring Data Received from Transmission Range Control Module
U1A00,Private Communication Network
U1A01,Communication Link
U1A02,Permanent Memory Store Full
U1A03,Car Config Parameter
U1A04,Vehicle Speed CAN Signal
U1A05,Door Status CAN Signal
U1A06,Front Height Sensor CAN Signal
U1A07,Rear Height Sensor CAN Signal
U1A08,Headlamp Request CAN Signal
U1A09,Brake Status CAN Signal
U1A10,Ignition Status CAN Signal
U1A11,High Speed CAN Link
U1A12,Medium Speed CAN Link
U1A13,Lost Communication With All Terrain Module
U1A14,CAN Initialisation Failure
U1A15,Incomplete MOST Ring Reported By ICM
U1A16,Incomplete MOST Ring Reported By TEL
U1A17,Incomplete MOST Ring Reported By REM
U1A18,Incomplete MOST Ring Reported By SRM
U1A19,Incomplete MOST Ring Reported By AAM
U1A20,Incomplete MOST Ring Reported By TVM
U1A21,Incomplete MOST Ring Reported By TMC
U1A22,Incomplete MOST Ring Detected By ACM
U1A23,Incomplete MOST Ring Detected. Corrupted Fault Report Received
U1A24,MOST Ring Complete. No Communication
U1A25,Lost Communication With ICM
U1A26,Lost Communication With TEL
U1A27,Lost Communication With REM
U1A28,Lost Communication With SRM
U1A29,Lost Communication With AAM
U1A30,Lost Communication With TVM
U1A31,Lost Communication With TMC
U1A32,Incomplete MOST Ring Detected By ACM
U1A33,Lost Communication With ACM
U1A34,I Bus Circuit
U1A35,VIN Data
U1A36,Module Code
U1A37,Crash Status Telegram
U1A38,Lost Communication With Left Headlamp Module
U1A39,Lost Communication With Right Headlamp Module
U1A40,Lost Communication With ICM #2
U1A41,Lost Communication With Voice Control
U1A42,Lost Communication With Entertainment System
U1A43,External Receiver error (Receiver failure)
U1A44,Fuel Level
U1A45,Slave ECU UnableTo Initialise
U1A49,Invalid Data Received From All Terrain Control Module
U1A4A,Invalid Data Received From Differential Control Module - Rear
U1A4B,Control Module Processor B
U1A4C,Build / End of Line mode Active
U1A4D,Control Module Internal Power +8V 
U1A4E,Control Module Internal Power Handset Supply
U1A4F,Control Module Internal Power +5V 
U1A50,Control Module Internal Power +3V 
U2000,Motor Temperature
U2001,Reduced System Function
U2002,Switch
U2003,Fiber Optic Communication Bus
U2004,Auxilliary Switch Pack
U2005,Vehicle Speed
U2006,Network Controller
U2007,Valve(s)
U2008,Sensor Cluster
U2009,Rotary Encoder
U200A,Control Module Internal Power A
U200B,Control Module Internal Power B
U200C,Control Module Internal Power C
U200D,Control Module Output Power A
U200E,Control Module Output Power B
U200F,Control Module Output Power C
U2010,Switch Illumination
U2011,Motor
U2012,Car Configuration Parameter(s)
U2013,Switch Pack
U2014,Control Module Hardware
U2015,Control Module Boot Software
U2016,Control Module Main Software
U2017,Control Module Software #2
U2018,Control Module Software #3
U2019,Control Module Software #4
U201A,Control Module Main Calibration Data
U201B,Control Module Calibration Data #2
U201C,Control Module Calibration Data #3
U201D,Control Module Calibration Data #4
U201F,External Receiver
U2020,Phone Holder Baseplate Detection
U2021,Control Module Software #5
U2022,Control Module Calibration Data #5
U2023,Control Module Network Signal Calibration Data
U2024,Control Module Cal-Config Data
U2025,Control Module Cal-Config Data #2
U2026,Control Module Cal-Config Data #3
U2027,Control Module Cal-Config Data #4
U2028,Control Module Cal-Config Data #5
U2100,Initial Configuration Not Complete
U2101,Control Module Configuration Incompatible
U2102,Adjust Down Button
U2103,Adjust Up Button
U2104,Trip Meter Reset Button
U2105,Switch Pack Signal A
U2106,Switch Pack Signal B
U2107,Collision Mitigation By Braking
U2108,Adaptive Cruise Control
U2109,Back-up Battery
U210A,Temperature Sensor
U210B,Lost Communication Between Fuel Pump Control Module and Restraints Control Module 
U210C,Lost Communication Between Fuel Pump Control Module B and Restraints Control Module 
U210D,Lost Communication with Grille Shutter Control Module A
U210E,Invalid Data Received from Grille Shutter Control Module A
U2200,Control Module Configuration Memory Corrupt
U2300,Central Configuration
U3000,Control Module
U3001,Control Module Improper Shutdown
U3002,Vehicle Identification Number
U3003,Battery Voltage
U3004,Accessory Power Relay
U3005,Retained Accessory Power
U3006,Control Module Input Power A
U3007,Control Module Input Power B
U3008,Control Module Ground A
U3009,Control Module Ground B
U300A,Ignition Switch
U300B,Ignition Input Accessory/On/Start
U300C,Ignition Input Off/On/Start
U300D,Ignition Input On/Start
U300E,Ignition Input On
U300F,Ignition Input Accessory
U3010,Ignition Input Start
U3011,Ignition Input Off
U3012,Control Module Improper Wake-up Performance
U3013,Control Module Input Power C
U3014,Control Module Input Power D
U3015,Control Module Ground C
U3016,Control Module Ground D
U3017,Control Module Timer/Clock Performance
